Categoria,Fundo,Fundo_norm,Data Inicio,Cota (R$),Variacao Dia (%),Acum. Mes (%),Acum. Ano (%),Acum. 12M (%),PL (milhoes R$),Perfil,Perfis,URL,CNPJ,codfundo,Perfil de Risco,Taxa Adm (%),Aplicacao Minima (R$),Conversao Resgate,Pagamento Resgate,doc_lamina,doc_regulamento,doc_inf_comp,doc_comunicado,doc_carta
RENDA FIXA SIMPLES,CAIXA FIF E-SIMPLES RENDA FIXA LP RESP LTDA,CAIXA FIF E-SIMPLES RENDA FIXA LP RESP LTDA,15/10/2015,"2,25289000","0,046","0,83","4,84","12,85","406,209",PF,PF | PJ | TODOS,https://www.caixa.gov.br/fundos-investimento/renda-fixa/fi-renda-fixa-simples-lp/,,,,,,,,,,,,
RENDA FIXA SIMPLES,CAIXA FIC FIF FÁCIL RF SIMPLES RESP LTDA,CAIXA FIC FIF FACIL RF SIMPLES RESP LTDA,24/02/2003,"5,47568800","0,045","0,82","4,75","12,61","6.618,678",PF,PF | PJ | TODOS,https://www.caixa.gov.br/fundos-investimento/fundo-simples/fic-facil-rf-simples,05.114.716/0001-33,88,Conservador,1.7,0.01,D+0 (du),D+00 (du),https://www.caixa.gov.br/downloads/aplicacao-financeira-laminas/LA_0088.pdf,https://www.caixa.gov.br/downloads/aplicacao-financeira-regulamentos/RG_0088.pdf,https://www.caixa.gov.br/Downloads/aplicacao-financeira-inf-com/FIC_0088.pdf,https://www.caixa.gov.br/Downloads/aplicacao-financeira-comunicado-aos-cotistas/COM_88.pdf,https://www.caixa.gov.br/Downloads/aplicacao-financeira-carta-mensal/CM_88.pdf
RENDA FIXA SIMPLES,CAIXA FIC FIF MOVIMENTAÇÕES AUTOMÁTICAS RF SIMPLES RESP LTDA,CAIXA FIC FIF MOVIMENTACOES AUTOMATICAS RF SIMPLES RESP LTDA,13/07/2012,"2,76478100","0,045","0,82","4,74","12,60","862,231",PF,PF | PJ,https://www.caixa.gov.br/fundos-investimento/fundo-simples/fic-movimentacoes-automaticas-rf-simples/Paginas/default.aspx,14.508.652/0001-46,5823,Conservador,1.7,10.0,D+0 (du),D+00 (du),https://www.caixa.gov.br/downloads/aplicacao-financeira-laminas/LA_5823.pdf,https://www.caixa.gov.br/downloads/aplicacao-financeira-regulamentos/RG_5823.pdf,https://www.caixa.gov.br/Downloads/aplicacao-financeira-inf-com/FIC_5823.pdf,https://www.caixa.gov.br/Downloads/aplicacao-financeira-comunicado-aos-cotistas/COM_5823.pdf,https://www.caixa.gov.br/Downloads/aplicacao-financeira-carta-mensal/CM_5823.pdf
RENDA FIXA,CAIXA FIC FIF GERAÇÃO JOVEM CRED PRIV RF LP RESP LTDA,CAIXA FIC FIF GERACAO JOVEM CRED PRIV RF LP RESP LTDA,26/04/2012,"3,31629100","0,050","0,97","5,24","14,08","11,610",PF,PF | PJ | TODOS,https://www.caixa.gov.br/fundos-investimento/renda-fixa/fic-geracao-jovem-rf-credito-privado-longo-prazo,,,,,,,,,,,,
RENDA FIXA,CAIXA FIC FIF RELACIONAMENTO PERSONAL RF LP RESP LTDA,CAIXA FIC FIF RELACIONAMENTO PERSONAL RF LP RESP LTDA,16/04/2012,"3,46989100","0,046","0,96","5,36","14,33","120,029",PF,PF | TODOS,https://www.caixa.gov.br/fundos-investimento/renda-fixa/fic-relacionamento-personal-rf-longo-prazo,10.577.509/0001-55,5565,Moderado,0.7,0.01,D+0 (du),D+00 (du),https://www.caixa.gov.br/downloads/aplicacao-financeira-laminas/LA_5565.pdf,https://www.caixa.gov.br/downloads/aplicacao-financeira-regulamentos/RG_5565.pdf,https://www.caixa.gov.br/Downloads/aplicacao-financeira-inf-com/FIC_5565.pdf,https://www.caixa.gov.br/Downloads/aplicacao-financeira-comunicado-aos-cotistas/FR_5565.pdf,https://www.caixa.gov.br/Downloads/aplicacao-financeira-carta-mensal/CM_5565.pdf
RENDA FIXA,CAIXA MASTER PLUS FIF RF CRED PRIV LP RESP LTDA,CAIXA MASTER PLUS FIF RF CRED PRIV LP RESP LTDA,21/01/2021,"1.826,33503800","0,046","1,07","5,39","14,64","97,117",PF,PF | PJ,https://www.caixa.gov.br/fundos-investimento/renda-fixa/caixa-fic-plus-rf-credito-privado-lp/Paginas/default.aspx,40.194.309/0001-84,6532,Moderado,0.7,0.01,D+14 (du),D+15 (du),https://www.caixa.gov.br/downloads/aplicacao-financeira-laminas/LA_6532.pdf,https://www.caixa.gov.br/downloads/aplicacao-financeira-regulamentos/RG_6532.pdf,https://www.caixa.gov.br/Downloads/aplicacao-financeira-inf-com/FIC_6532.pdf,https://www.caixa.gov.br/Downloads/aplicacao-financeira-comunicado-aos-cotistas/COM_6532.pdf,https://www.caixa.gov.br/Downloads/aplicacao-financeira-carta-mensal/CM_6532.pdf
RENDA FIXA,CAIXA FIC FIF IDEAL RF LP RESP LTDA,CAIXA FIC FIF IDEAL RF LP RESP LTDA,28/10/1992,"9,66098400","0,045","0,90","5,02","13,36","586,371",PF,PF | PJ | TODOS,https://www.caixa.gov.br/fundos-investimento/renda-fixa/fic-ideal-rf-longo-prazo,68.623.479/0001-56,59,Moderado,1.5,0.01,D+0 (du),D+00 (du),https://www.caixa.gov.br/downloads/aplicacao-financeira-laminas/LA_0059.pdf,https://www.caixa.gov.br/downloads/aplicacao-financeira-regulamentos/RG_0059.pdf,https://www.caixa.gov.br/Downloads/aplicacao-financeira-inf-com/FIC_0059.pdf,https://www.caixa.gov.br/Downloads/aplicacao-financeira-comunicado-aos-cotistas/FR_0059.pdf,https://www.caixa.gov.br/Downloads/aplicacao-financeira-carta-mensal/CM_59.pdf
RENDA FIXA,CAIXA FIC FIF E-FUNDO RF LP RESP LTDA,CAIXA FIC FIF E-FUNDO RF LP RESP LTDA,05/10/2012,"3,34015900","0,048","0,96","5,34","14,25","61,213",PF,PF | PJ | TODOS,https://www.caixa.gov.br/fundos-investimento/e-fundos/renda-fixa-longo-prazo,15.154.422/0001-99,5834,Moderado,0.7,0.01,D+0 (du),D+00 (du),https://www.caixa.gov.br/downloads/aplicacao-financeira-laminas/LA_5834.pdf,https://www.caixa.gov.br/downloads/aplicacao-financeira-regulamentos/RG_5834.pdf,https://www.caixa.gov.br/Downloads/aplicacao-financeira-inf-com/FIC_5834.pdf,https://www.caixa.gov.br/Downloads/aplicacao-financeira-comunicado-aos-cotistas/FR_5834.pdf,https://www.caixa.gov.br/Downloads/aplicacao-financeira-carta-mensal/CM_5834.pdf
RENDA FIXA,CAIXA FIC FIF EXCLUSIVO FUNC RF CREDITO PRIVADO LP RESP LTDA,CAIXA FIC FIF EXCLUSIVO FUNC RF CREDITO PRIVADO LP RESP LTDA,20/10/2014,"2,98201400","0,053","1,01","5,51","14,83","1.673,521",PF,PF,,,,,,,,,,,,,
RENDA FIXA,CAIXA FIC FIF ABSOLUTO PRE RF LP RESP LTDA,CAIXA FIC FIF ABSOLUTO PRE RF LP RESP LTDA,03/11/1997,"19,85614100","0,017","0,42","3,59","11,59","123,315",PF,PF | PJ | TODOS,https://www.caixa.gov.br/fundos-investimento/renda-fixa/fic-absoluto-pre-rf-longo-prazo,02.201.164/0001-02,86,Moderado,1.1,0.01,D+0 (du),D+00 (du),https://www.caixa.gov.br/downloads/aplicacao-financeira-laminas/LA_0086.pdf,https://www.caixa.gov.br/downloads/aplicacao-financeira-regulamentos/RG_0086.pdf,https://www.caixa.gov.br/Downloads/aplicacao-financeira-inf-com/FIC_0086.pdf,https://www.caixa.gov.br/Downloads/aplicacao-financeira-comunicado-aos-cotistas/COM_86.pdf,https://www.caixa.gov.br/Downloads/aplicacao-financeira-carta-mensal/CM_86.pdf
RENDA FIXA,CAIXA FIC FIF CAPITAL IND PREÇOS RF LP RESP LTDA,CAIXA FIC FIF CAPITAL IND PRECOS RF LP RESP LTDA,03/01/2000,"13,50016200","0,043","0,82","4,98","9,89","28,441",PF,PF | PJ | TODOS,https://www.caixa.gov.br/fundos-investimento/renda-fixa/fic-capital-indice-de-precos-rf-longo-prazo,03.191.874/0001-61,46,Moderado,0.3,100000.0,D+3 (du),D+03 (du),https://www.caixa.gov.br/downloads/aplicacao-financeira-laminas/LA_0046.pdf,https://www.caixa.gov.br/downloads/aplicacao-financeira-regulamentos/RG_0046.pdf,https://www.caixa.gov.br/Downloads/aplicacao-financeira-inf-com/FIC_0046.pdf,https://www.caixa.gov.br/Downloads/aplicacao-financeira-comunicado-aos-cotistas/COM_46.pdf,https://www.caixa.gov.br/Downloads/aplicacao-financeira-carta-mensal/CM_46.pdf
RENDA FIXA,CAIXA FIC FIF EMPREENDER RF LP RESP LTDA,CAIXA FIC FIF EMPREENDER RF LP RESP LTDA,26/05/1994,"45,94775300","0,045","0,90","5,01","13,33","40,681",PF,GOV | PF | PJ | TODOS,https://www.caixa.gov.br/fundos-investimento/renda-fixa/fic-empreender-rf-longo-prazo/,00.068.305/0001-35,54,Moderado,1.5,50.0,D+0 (du),D+00 (du),https://www.caixa.gov.br/downloads/aplicacao-financeira-laminas/LA_0054.pdf,https://www.caixa.gov.br/downloads/aplicacao-financeira-regulamentos/RG_0054.pdf,https://www.caixa.gov.br/Downloads/aplicacao-financeira-inf-com/FIC_0054.pdf,https://www.caixa.gov.br/Downloads/aplicacao-financeira-comunicado-aos-cotistas/FR_0054.pdf,https://www.caixa.gov.br/Downloads/aplicacao-financeira-carta-mensal/CM_54.pdf
RENDA FIXA,CAIXA FIC FIF SOBERANO RF LP RESP LTDA,CAIXA FIC FIF SOBERANO RF LP RESP LTDA,11/03/1998,"20,12501200","0,047","0,85","4,92","13,02","64,825",PF,PF | PJ | TODOS,https://www.caixa.gov.br/fundos-investimento/renda-fixa/fic-soberano-rf-longo-prazo,02.323.746/0001-61,57,Conservador,1.5,50.0,D+0 (du),D+00 (du),https://www.caixa.gov.br/downloads/aplicacao-financeira-laminas/LA_0057.pdf,https://www.caixa.gov.br/downloads/aplicacao-financeira-regulamentos/RG_0057.pdf,https://www.caixa.gov.br/Downloads/aplicacao-financeira-inf-com/FIC_0057.pdf,https://www.caixa.gov.br/Downloads/aplicacao-financeira-comunicado-aos-cotistas/FR_0057.pdf,https://www.caixa.gov.br/Downloads/aplicacao-financeira-carta-mensal/CM_57.pdf
RENDA FIXA,CAIXA FIC FIF FOCO IND PREÇOS RF LP RESP LTDA,CAIXA FIC FIF FOCO IND PRECOS RF LP RESP LTDA,19/03/2012,"3,14272800","0,053","0,89","5,81","11,06","79,838",PF,PF | PJ | TODOS,https://www.caixa.gov.br/fundos-investimento/renda-fixa/fic-foco-indice-precos-rf-longo-prazo,09.548.729/0001-71,5414,Moderado,1.0,100.0,D+3 (du),D+03 (du),https://www.caixa.gov.br/downloads/aplicacao-financeira-laminas/LA_5414.pdf,https://www.caixa.gov.br/downloads/aplicacao-financeira-regulamentos/RG_5414.pdf,https://www.caixa.gov.br/Downloads/aplicacao-financeira-inf-com/FIC_5414.pdf,https://www.caixa.gov.br/Downloads/aplicacao-financeira-comunicado-aos-cotistas/COM_5414.pdf,https://www.caixa.gov.br/Downloads/aplicacao-financeira-carta-mensal/CM_5414.pdf
RENDA FIXA,CAIXA FIC FIF CLÁSSICO RF LP RESP LTDA,CAIXA FIC FIF CLASSICO RF LP RESP LTDA,24/04/1996,"14,88493500","0,045","0,90","5,04","13,42","27,942",PF,PF | TODOS,https://www.caixa.gov.br/fundos-investimento/renda-fixa/fic-classico-rf-longo-prazo,01.165.796/0001-03,85,Moderado,1.4,100.0,D+0 (du),D+00 (du),https://www.caixa.gov.br/downloads/aplicacao-financeira-laminas/LA_0085.pdf,https://www.caixa.gov.br/downloads/aplicacao-financeira-regulamentos/RG_0085.pdf,https://www.caixa.gov.br/Downloads/aplicacao-financeira-inf-com/FIC_0085.pdf,https://www.caixa.gov.br/Downloads/aplicacao-financeira-comunicado-aos-cotistas/FR_0085.pdf,https://www.caixa.gov.br/Downloads/aplicacao-financeira-carta-mensal/CM_85.pdf
RENDA FIXA,CAIXA FIC FIF DESENVOLVER RF LP RESP LTDA,CAIXA FIC FIF DESENVOLVER RF LP RESP LTDA,18/12/2012,"2,98642600","0,044","0,88","4,90","13,10","1,658",PF,PF | PJ | TODOS,https://www.caixa.gov.br/fundos-investimento/renda-fixa/fic-desenvolver-rf-longo-prazo/,16.877.609/0001-83,5892,Moderado,1.3,500.0,D+0 (du),D+00 (du),https://www.caixa.gov.br/downloads/aplicacao-financeira-laminas/LA_5892.pdf,https://www.caixa.gov.br/downloads/aplicacao-financeira-regulamentos/RG_5892.pdf,https://www.caixa.gov.br/Downloads/aplicacao-financeira-inf-com/FIC_5892.pdf,https://www.caixa.gov.br/Downloads/aplicacao-financeira-comunicado-aos-cotistas/FR_5892.pdf,https://www.caixa.gov.br/Downloads/aplicacao-financeira-carta-mensal/CM_5892.pdf
RENDA FIXA,CAIXA FIC FIF OBJETIVO PRE RF LP RESP LTDA,CAIXA FIC FIF OBJETIVO PRE RF LP RESP LTDA,27/06/2012,"3,31100200","0,024","0,48","3,88","12,15","139,719",PF,PF | PJ,https://www.caixa.gov.br/fundos-investimento/renda-fixa/fic-objetivo-pre-rf-longo-prazo/Paginas/default.aspx,14.120.511/0001-51,5576,Moderado,0.7,1000.0,D+0 (du),D+00 (du),https://www.caixa.gov.br/downloads/aplicacao-financeira-laminas/LA_5576.pdf,https://www.caixa.gov.br/downloads/aplicacao-financeira-regulamentos/RG_5576.pdf,https://www.caixa.gov.br/Downloads/aplicacao-financeira-inf-com/FIC_5576.pdf,https://www.caixa.gov.br/Downloads/aplicacao-financeira-comunicado-aos-cotistas/COM_5576.pdf,https://www.caixa.gov.br/Downloads/aplicacao-financeira-carta-mensal/CM_5576.pdf
RENDA FIXA,CAIXA FIC FIF OAB RF CRÉD PRIV LP RESP LTDA,CAIXA FIC FIF OAB RF CRED PRIV LP RESP LTDA,23/09/2014,"3,02443500","0,053","1,00","5,51","14,77","1.769,116",PF,PF | PJ | TODOS,https://www.caixa.gov.br/fundos-investimento/renda-fixa/fic-oab-rf-credito-privado-longo-prazo,14.120.488/0001-03,5970,Moderado,0.4,0.01,D+0 (du),D+00 (du),https://www.caixa.gov.br/downloads/aplicacao-financeira-laminas/LA_5970.pdf,https://www.caixa.gov.br/downloads/aplicacao-financeira-regulamentos/RG_5970.pdf,https://www.caixa.gov.br/Downloads/aplicacao-financeira-inf-com/FIC_5970.pdf,https://www.caixa.gov.br/Downloads/aplicacao-financeira-comunicado-aos-cotistas/COM_5970.pdf,https://www.caixa.gov.br/Downloads/aplicacao-financeira-carta-mensal/CM_5970.pdf
RENDA FIXA,CAIXA FIC FIF EXECUTIVO RF LP RESP LTDA,CAIXA FIC FIF EXECUTIVO RF LP RESP LTDA,02/09/1996,"32,63376400","0,047","0,93","5,18","13,81","2.183,896",PF,PF | PJ | TODOS,https://www.caixa.gov.br/fundos-investimento/renda-fixa/fic-executivo-rf-longo-prazo,01.165.781/0001-37,58,Moderado,1.1,1000.0,D+0 (du),D+00 (du),https://www.caixa.gov.br/downloads/aplicacao-financeira-laminas/LA_0058.pdf,https://www.caixa.gov.br/downloads/aplicacao-financeira-regulamentos/RG_0058.pdf,https://www.caixa.gov.br/Downloads/aplicacao-financeira-inf-com/FIC_0058.pdf,https://www.caixa.gov.br/Downloads/aplicacao-financeira-comunicado-aos-cotistas/FR_0058.pdf,https://www.caixa.gov.br/Downloads/aplicacao-financeira-carta-mensal/CM_58.pdf
RENDA FIXA,CAIXA FIC RELACIONAMENTO IDEAL RF LP,CAIXA FIC RELACIONAMENTO IDEAL RF LP,16/04/2012,"3,28985500","0,047","0,93","5,19","13,83","13,238",PF,PF | TODOS,https://www.caixa.gov.br/fundos-investimento/renda-fixa/fic-relacionamento-ideal-rf-longo-prazo,10.577.505/0001-77,5566,Moderado,1.0,1000.0,D+0 (du),D+00 (du),https://www.caixa.gov.br/downloads/aplicacao-financeira-laminas/LA_5566.pdf,https://www.caixa.gov.br/downloads/aplicacao-financeira-regulamentos/RG_5566.pdf,https://www.caixa.gov.br/Downloads/aplicacao-financeira-inf-com/FIC_5566.pdf,https://www.caixa.gov.br/Downloads/aplicacao-financeira-comunicado-aos-cotistas/FR_5566.pdf,https://www.caixa.gov.br/Downloads/aplicacao-financeira-carta-mensal/CM_5566.pdf
RENDA FIXA,CAIXA FIC FIF PERFORMANCE IMA-B RF LP RESP LTDA,CAIXA FIC FIF PERFORMANCE IMA-B RF LP RESP LTDA,02/05/2012,"3,34869300","0,185","0,30","5,07","9,77","67,034",PF,PF | PJ,https://www.caixa.gov.br/fundos-investimento/renda-fixa/fic-performance-ima-b-renda-fixa-longo-prazo/Paginas/default.aspx,10.577.516/0001-57,5571,Moderado,0.8,1000.0,D+0 (du),D+00 (du),https://www.caixa.gov.br/Downloads/aplicacao-financeira-laminas-comerciais/LAC_5571.pdf,https://www.caixa.gov.br/downloads/aplicacao-financeira-regulamentos/RG_5571.pdf,https://www.caixa.gov.br/Downloads/aplicacao-financeira-inf-com/FIC_5571.pdf,https://www.caixa.gov.br/Downloads/aplicacao-financeira-comunicado-aos-cotistas/COM_5571.pdf,https://www.caixa.gov.br/Downloads/aplicacao-financeira-carta-mensal/CM_5571.pdf
RENDA FIXA,CAIXA FIC FIFINVESTIDOR RF LP RESP LTDA,CAIXA FIC FIFINVESTIDOR RF LP RESP LTDA,01/06/1999,"18,94345500","0,045","0,95","5,30","14,18","958,322",PF,PF | PJ | TODOS,,,,,,,,,,,,,
RENDA FIXA,CAIXA EXPERT ARX IPCA DEB INCENTIVADAS FIC FIF RF CRED PRIV - RESP LTDA,CAIXA EXPERT ARX IPCA DEB INCENTIVADAS FIC FIF RF CRED PRIV - RESP LTDA,01/07/2025,"1,11226478","-0,001","0,20","3,11","0,00","212,570",PF,PF,https://www.caixa.gov.br/fundos-investimento/renda-fixa/debentures-incentivadas/caixa-expert-arx-ipca-deb-incentivadas-rf-cred-priv-lp/Paginas/default.aspx,60.138.811/0001-85,7938,Moderado,0.3,10000.0,D+14 (du),D+16 (du),https://www.caixa.gov.br/Downloads/aplicacao-financeira-laminas-comerciais/LAC_7938.pdf,http://www.caixa.gov.br/downloads/aplicacao-financeira-regulamentos/RG_7938.pdf,http://www.caixa.gov.br/Downloads/aplicacao-financeira-inf-com/FIC_7938.pdf,https://www.caixa.gov.br/Downloads/aplicacao-financeira-comunicado-aos-cotistas/COM_7938.pdf,https://www.caixa.gov.br/Downloads/aplicacao-financeira-carta-mensal/CM_7938.pdf
RENDA FIXA,CAIXA FIF FIC EXPERT SULAMERICA RF CRED PRIV LP - RESP LTDA,CAIXA FIF FIC EXPERT SULAMERICA RF CRED PRIV LP - RESP LTDA,26/11/2024,"1,23415200","-0,001","1,12","5,37","14,74","70,922",PF,PF | PJ | RPPS,https://www.caixa.gov.br/fundos-investimento/renda-fixa/debentures-incentivadas/caixa-expert-vinlanddebenture-,58.113.332/0001-62,7931,Moderado,0.3,10000.0,D+13 (du),D+15 (du),https://www.caixa.gov.br/Downloads/aplicacao-financeira-laminas-comerciais/LAC_7931.pdf,http://www.caixa.gov.br/downloads/aplicacao-financeira-regulamentos/RG_7931.pdf,http://www.caixa.gov.br/Downloads/aplicacao-financeira-inf-com/FIC_7931.pdf,https://www.caixa.gov.br/Downloads/aplicacao-financeira-comunicado-aos-cotistas/COM_7931.pdf,https://www.caixa.gov.br/Downloads/aplicacao-financeira-carta-mensal/CM_7931.pdf
RENDA FIXA,CAIXA FIC FIF PLUS QUALI RF CREDI PRIV LP RESP LTDA,CAIXA FIC FIF PLUS QUALI RF CREDI PRIV LP RESP LTDA,21/01/2021,"1.822,70482500","0,051","1,07","5,47","14,80","175,296",PF,PF | PJ,https://www.caixa.gov.br/fundos-investimento/renda-fixa/fic-plus-qualificado-rf-credito-privado-longo-prazo/Paginas/default.aspx,,,,,,,,,,,,
RENDA FIXA,CAIXA FIF INFLACAO PRIVATE 2027 RF LONGO PRAZO,CAIXA FIF INFLACAO PRIVATE 2027 RF LONGO PRAZO,15/08/2024,"1,19887700","0,071","1,17","6,67","12,93","40,268",PF,PF | PJ,https://www.caixa.gov.br/fundos-investimento/renda-fixa/caixa-fif-inflacao-2027/Paginas/default.aspx,56.349.290/0001-38,7887,Moderado,0.2,10000.0,D+0 (du),D+00 (du),http://www.caixa.gov.br/downloads/aplicacao-financeira-laminas/LA_7887.pdf,http://www.caixa.gov.br/downloads/aplicacao-financeira-regulamentos/RG_7887.pdf,http://www.caixa.gov.br/Downloads/aplicacao-financeira-inf-com/FIC_7887.pdf,https://www.caixa.gov.br/Downloads/aplicacao-financeira-comunicado-aos-cotistas/COM_7887.pdf,https://www.caixa.gov.br/Downloads/aplicacao-financeira-carta-mensal/CM_7887.pdf
RENDA FIXA,CAIXA EXPERT VOX DESENV SUSTENTAVEL IS RF CRED PRIV LP - RESP LTDA,CAIXA EXPERT VOX DESENV SUSTENTAVEL IS RF CRED PRIV LP - RESP LTDA,14/11/2025,"1,03429800","-0,001","1,00","5,48","0,00","21,870",PF,PF | PJ,,63.455.348/0001-93,7987,Moderado,0.17,1000.0,D+5 (du),D+07 (du),https://www.caixa.gov.br/Downloads/aplicacao-financeira-laminas-comerciais/LAC_7987.pdf,https://www.caixa.gov.br/downloads/aplicacao-financeira-regulamentos/RG_7987.pdf,https://www.caixa.gov.br/Downloads/aplicacao-financeira-inf-com/FIC_7987.pdf,https://www.caixa.gov.br/Downloads/aplicacao-financeira-comunicado-aos-cotistas/COM_7987.pdf,https://www.caixa.gov.br/Downloads/aplicacao-financeira-carta-mensal/CM_7987.pdf
RENDA FIXA,CAIXA EXPERT ABSOLUTE CRETA FIC FIF RF CRED PRIV LP - RESP LTDA,CAIXA EXPERT ABSOLUTE CRETA FIC FIF RF CRED PRIV LP - RESP LTDA,26/03/2025,"1,16252900","-0,001","1,25","4,69","13,93","66,619",PF,PF | PJ | RPPS,,59.861.817/0001-05,7940,Moderado,0.29,10000.0,D+22 (du),D+24 (du),https://www.caixa.gov.br/Downloads/aplicacao-financeira-laminas-comerciais/LAC_7940.pdf,http://www.caixa.gov.br/downloads/aplicacao-financeira-regulamentos/RG_7940.pdf,http://www.caixa.gov.br/Downloads/aplicacao-financeira-inf-com/FIC_7940.pdf,https://www.caixa.gov.br/Downloads/aplicacao-financeira-comunicado-aos-cotistas/COM_7940.pdf,https://www.caixa.gov.br/Downloads/aplicacao-financeira-carta-mensal/CM_7940.pdf
RENDA FIXA,CAIXA EXPERT RB ASSET CDI DEB INCENTIVADAS FIC FIF RF CRED PRIV RESP LTDA,CAIXA EXPERT RB ASSET CDI DEB INCENTIVADAS FIC FIF RF CRED PRIV RESP LTDA,15/10/2025,"1,06417019","-0,001","0,92","2,98","0,00","317,863",PF,PF,https://www.caixa.gov.br/fundos-investimento/renda-fixa/debentures-incentivadas/caixa-expert-rb-asset-deb-incentivadas-cdi-rf-cred-priv/Paginas/default.aspx,62.890.286/0001-85,7978,Moderado,0.3,10000.0,D+14 (du),D+16 (du),https://www.caixa.gov.br/Downloads/aplicacao-financeira-laminas-comerciais/LAC_7978.pdf,https://www.caixa.gov.br/downloads/aplicacao-financeira-regulamentos/RG_7978.pdf,https://www.caixa.gov.br/Downloads/aplicacao-financeira-inf-com/FIC_7978.pdf,https://www.caixa.gov.br/Downloads/aplicacao-financeira-comunicado-aos-cotistas/COM_7978.pdf,https://www.caixa.gov.br/Downloads/aplicacao-financeira-carta-mensal/CM_7978.pdf
RENDA FIXA,CAIXA EXPERT VINLAND DEB IN INFRA RF CRED PRIV LP RESP LTDA,CAIXA EXPERT VINLAND DEB IN INFRA RF CRED PRIV LP RESP LTDA,08/04/2026,-,-,-,-,-,-,PF,PF,,65.789.297/0001-61,7999,Moderado,,1000.0,D+21 (du),D+23 (du),https://www.caixa.gov.br/Downloads/aplicacao-financeira-laminas-comerciais/LAC_7999.pdf,https://www.caixa.gov.br/downloads/aplicacao-financeira-regulamentos/RG_7999.pdf,https://www.caixa.gov.br/Downloads/aplicacao-financeira-inf-com/FIC_7999.pdf,https://www.caixa.gov.br/Downloads/aplicacao-financeira-comunicado-aos-cotistas/COM_7999.pdf,https://www.caixa.gov.br/Downloads/aplicacao-financeira-carta-mensal/CM_7999.pdf
RENDA FIXA,CAIXA FIF QUALIFICADO RF CRED PRIV LP - RESP LTDA,CAIXA FIF QUALIFICADO RF CRED PRIV LP - RESP LTDA,01/06/2009,"5,11501700","0,052","1,03","5,50","14,83","861,211",PF,PF | PJ,https://www.caixa.gov.br/fundos-investimento/renda-fixa/caixa-fic-plus-qualificado-rf-credito-privado-lp/Paginas/default.aspx,10.551.353/0001-33,5154,Moderado,0.5,20000.0,D+1 (du),D+04 (du),https://www.caixa.gov.br/Downloads/aplicacao-financeira-laminas-comerciais/LAC_5154.pdf,https://www.caixa.gov.br/downloads/aplicacao-financeira-regulamentos/RG_5154.pdf,https://www.caixa.gov.br/Downloads/aplicacao-financeira-inf-com/FIC_5154.pdf,https://www.caixa.gov.br/Downloads/aplicacao-financeira-comunicado-aos-cotistas/COM_5154.pdf,https://www.caixa.gov.br/Downloads/aplicacao-financeira-carta-mensal/CM_5154.pdf
RENDA FIXA,CAIXA FIC FIF EXPERTISE RF CRED PRIV LP RESP LTDA,CAIXA FIC FIF EXPERTISE RF CRED PRIV LP RESP LTDA,02/07/2009,"4,92146700","0,053","1,01","5,50","14,77","3.247,360",PF,PF | PJ | TODOS,https://www.caixa.gov.br/fundos-investimento/renda-fixa/fic-expertise-rf-credito-privado-longo-prazo,10.646.888/0001-98,5156,Moderado,0.5,20000.0,D+0 (du),D+00 (du),https://www.caixa.gov.br/downloads/aplicacao-financeira-laminas/LA_5156.pdf,https://www.caixa.gov.br/downloads/aplicacao-financeira-regulamentos/RG_5156.pdf,https://www.caixa.gov.br/Downloads/aplicacao-financeira-inf-com/FIC_5156.pdf,https://www.caixa.gov.br/Downloads/aplicacao-financeira-comunicado-aos-cotistas/COM_5156.pdf,https://www.caixa.gov.br/Downloads/aplicacao-financeira-carta-mensal/CM_5156.pdf
RENDA FIXA,CAIXA FIC FIF SELEÇÃO RF RESP LTDA,CAIXA FIC FIF SELECAO RF RESP LTDA,01/10/2003,"29,12307500","0,048","0,87","5,01","28,95","21,261",PF,PF | TODOS,https://www.caixa.gov.br/fundos-investimento/renda-fixa/fic-selecao-rf-longo-prazo,03.737.207/0001-31,5401,Conservador,1.1,30000.0,D+0 (du),D+00 (du),https://www.caixa.gov.br/downloads/aplicacao-financeira-laminas/LA_5401.pdf,https://www.caixa.gov.br/downloads/aplicacao-financeira-regulamentos/RG_5401.pdf,https://www.caixa.gov.br/Downloads/aplicacao-financeira-inf-com/FIC_5401.pdf,https://www.caixa.gov.br/Downloads/aplicacao-financeira-comunicado-aos-cotistas/FR_5401.pdf,https://www.caixa.gov.br/Downloads/aplicacao-financeira-carta-mensal/CM_5401.pdf
RENDA FIXA,CAIXA FIC FIF PERSONAL RF LP RESP LTDA,CAIXA FIC FIF PERSONAL RF LP RESP LTDA,03/11/1997,"30,46813500","0,046","0,97","5,41","14,47","3.114,359",PF,GOV | PF | PJ | TODOS,https://www.caixa.gov.br/fundos-investimento/renda-fixa/fic-personal-rf-longo-prazo,02.201.163/0001-68,83,Moderado,0.6,50000.0,D+0 (du),D+00 (du),https://www.caixa.gov.br/downloads/aplicacao-financeira-laminas/LA_0083.pdf,https://www.caixa.gov.br/downloads/aplicacao-financeira-regulamentos/RG_0083.pdf,https://www.caixa.gov.br/Downloads/aplicacao-financeira-inf-com/FIC_0083.pdf,https://www.caixa.gov.br/Downloads/aplicacao-financeira-comunicado-aos-cotistas/FR_0083.pdf,https://www.caixa.gov.br/Downloads/aplicacao-financeira-carta-mensal/CM_83.pdf
RENDA FIXA,CAIXA FIC FIF RENDA FIXA ATIVA LP RESP LTDA,CAIXA FIC FIF RENDA FIXA ATIVA LP RESP LTDA,22/04/2020,"1.767,21709000","0,054","0,91","4,91","13,58","125,761",PF,PF | PJ,https://www.caixa.gov.br/fundos-investimento/renda-fixa/caixa-fic-renda-fixa-ativa-lp/Paginas/default.aspx,35.536.542/0001-68,6482,Moderado,0.4,50000.0,D+0 (du),D+01 (du),https://www.caixa.gov.br/downloads/aplicacao-financeira-laminas/LA_6482.pdf,https://www.caixa.gov.br/downloads/aplicacao-financeira-regulamentos/RG_6482.pdf,https://www.caixa.gov.br/Downloads/aplicacao-financeira-inf-com/FIC_6482.pdf,https://www.caixa.gov.br/Downloads/aplicacao-financeira-comunicado-aos-cotistas/COM_6482.pdf,https://www.caixa.gov.br/Downloads/aplicacao-financeira-carta-mensal/CM_6482.pdf
RENDA FIXA,CAIXA INDEXA TESOURO SELIC FIC FIF RF LP - RESP LTDA,CAIXA INDEXA TESOURO SELIC FIC FIF RF LP - RESP LTDA,26/12/2013,"3,20754700","0,053","0,96","5,55","14,74","585,653",PF,PF,https://www.caixa.gov.br/fundos-investimento/voce/renda-fixa/pos-fixados/ate-100.000/caixa-fic-indexa-tesouro-selic-renda-fixa-lp,17.687.735/0001-38,5940,Conservador,0.01,50000.0,D+0 (du),D+00 (du),https://www.caixa.gov.br/downloads/aplicacao-financeira-laminas/LA_5940.pdf,https://www.caixa.gov.br/downloads/aplicacao-financeira-regulamentos/RG_5940.pdf,https://www.caixa.gov.br/Downloads/aplicacao-financeira-inf-com/FIC_5940.pdf,https://www.caixa.gov.br/Downloads/aplicacao-financeira-comunicado-aos-cotistas/FR_5940.pdf,https://www.caixa.gov.br/Downloads/aplicacao-financeira-carta-mensal/CM_5940.pdf
RENDA FIXA,CAIXA FIC FIF SUPREMO RF LP RESP LTDA,CAIXA FIC FIF SUPREMO RF LP RESP LTDA,04/07/2006,"6,16015300","0,045","0,96","5,32","14,22","122,521",PF,PF | TODOS,https://www.caixa.gov.br/fundos-investimento/renda-fixa/fic-supremo-rf-longo-prazo,07.986.178/0001-00,5406,Moderado,0.8,70000.0,D+0 (du),D+00 (du),https://www.caixa.gov.br/downloads/aplicacao-financeira-laminas/LA_5406.pdf,https://www.caixa.gov.br/downloads/aplicacao-financeira-regulamentos/RG_5406.pdf,https://www.caixa.gov.br/Downloads/aplicacao-financeira-inf-com/FIC_5406.pdf,https://www.caixa.gov.br/Downloads/aplicacao-financeira-comunicado-aos-cotistas/FR_5406.pdf,https://www.caixa.gov.br/Downloads/aplicacao-financeira-carta-mensal/CM_5406.pdf
RENDA FIXA,CAIXA FIC FIF UNIQUE RF CRED PRIV LP - RL,CAIXA FIC FIF UNIQUE RF CRED PRIV LP - RL,31/07/2024,"1,26314500","0,054","1,03","5,60","15,02","336,068",PF,PF,https://www.caixa.gov.br/fundos-investimento/renda-fixa/caixa-fic-unique-private-cred-priv-lp/Paginas/default.aspx,55.986.292/0001-75,7916,Moderado,0.25,100000.0,D+0 (du),D+00 (du),http://www.caixa.gov.br/downloads/aplicacao-financeira-laminas/LA_7916.pdf,http://www.caixa.gov.br/downloads/aplicacao-financeira-regulamentos/RG_7916.pdf,http://www.caixa.gov.br/Downloads/aplicacao-financeira-inf-com/FIC_7916.pdf,https://www.caixa.gov.br/Downloads/aplicacao-financeira-comunicado-aos-cotistas/COM_7916.pdf,https://www.caixa.gov.br/Downloads/aplicacao-financeira-carta-mensal/CM_7916.pdf
RENDA FIXA,CAIXA FIC FIF ESPECIAL RF LP RESP LTDA,CAIXA FIC FIF ESPECIAL RF LP RESP LTDA,25/08/2003,"10,54450400","0,047","0,99","5,48","14,68","2.388,251",PF,PF | PJ,https://www.caixa.gov.br/fundos-investimento/renda-fixa/fic-especial-rf-longo-prazo/Paginas/default.aspx,03.737.190/0001-12,84,Moderado,0.4,100000.0,D+0 (du),D+00 (du),https://www.caixa.gov.br/downloads/aplicacao-financeira-laminas/LA_0084.pdf,https://www.caixa.gov.br/downloads/aplicacao-financeira-regulamentos/RG_0084.pdf,https://www.caixa.gov.br/Downloads/aplicacao-financeira-inf-com/FIC_0084.pdf,https://www.caixa.gov.br/Downloads/aplicacao-financeira-comunicado-aos-cotistas/FR_0084.pdf,https://www.caixa.gov.br/Downloads/aplicacao-financeira-carta-mensal/CM_84.pdf
RENDA FIXA,CAIXA FIF FIDELIDADE PRIVATE RF LP - RESP LTDA,CAIXA FIF FIDELIDADE PRIVATE RF LP - RESP LTDA,02/07/2008,"5,49139000","0,048","0,99","5,58","14,87","555,822",PF,PF,https://www.caixa.gov.br/fundos-investimento/renda-fixa/fi-fidelidade-private-rf-longo-prazo/Paginas/default.aspx,09.181.287/0001-78,5408,Moderado,0.2,200000.0,D+0 (du),D+00 (du),https://www.caixa.gov.br/downloads/aplicacao-financeira-laminas/LA_5408.pdf,https://www.caixa.gov.br/downloads/aplicacao-financeira-regulamentos/RG_5408.pdf,https://www.caixa.gov.br/Downloads/aplicacao-financeira-inf-com/FIC_5408.pdf,https://www.caixa.gov.br/Downloads/aplicacao-financeira-comunicado-aos-cotistas/COM_5408.pdf,https://www.caixa.gov.br/Downloads/aplicacao-financeira-carta-mensal/CM_5408.pdf
RENDA FIXA,CAIXA FIC FIF MAXI RENDA FIXA CRED PRIV LP - RESP LTDA,CAIXA FIC FIF MAXI RENDA FIXA CRED PRIV LP - RESP LTDA,04/03/2013,"3,55103400","0,054","1,03","5,58","15,00","15.553,300",PF,PF | PJ,https://www.caixa.gov.br/fundos-investimento/renda-fixa/fic-maxi-rf-credito-privado-longo-prazo/Paginas/default.aspx,17.322.725/0001-07,5908,Moderado,0.3,50000.0,D+0 (du),D+00 (du),https://www.caixa.gov.br/downloads/aplicacao-financeira-laminas/LA_5908.pdf,https://www.caixa.gov.br/downloads/aplicacao-financeira-regulamentos/RG_5908.pdf,https://www.caixa.gov.br/Downloads/aplicacao-financeira-inf-com/FIC_5908.pdf,https://www.caixa.gov.br/Downloads/aplicacao-financeira-comunicado-aos-cotistas/COM_5908.pdf,https://www.caixa.gov.br/Downloads/aplicacao-financeira-carta-mensal/CM_5908.pdf
RENDA FIXA,CAIXA FIF FIDELIDADE II RF CRÉD PRIV LP,CAIXA FIF FIDELIDADE II RF CRED PRIV LP,03/06/2009,"5,27797400","0,053","1,05","5,64","15,21","1.388,992",PF,PF | PJ,https://www.caixa.gov.br/fundos-investimento/renda-fixa/fi-fidelidade-ii-rf-credito-privado-longo-prazo/Paginas/default.aspx,10.322.668/0001-09,5410,Moderado,0.05,1000000.0,D+0 (du),D+00 (du),https://www.caixa.gov.br/Downloads/aplicacao-financeira-laminas-comerciais/LAC_5410.pdf,https://www.caixa.gov.br/downloads/aplicacao-financeira-regulamentos/RG_5410.pdf,https://www.caixa.gov.br/Downloads/aplicacao-financeira-inf-com/FIC_5410.pdf,https://www.caixa.gov.br/Downloads/aplicacao-financeira-comunicado-aos-cotistas/FR_5410.pdf,https://www.caixa.gov.br/Downloads/aplicacao-financeira-carta-mensal/CM_5410.pdf
RENDA FIXA REFERENCIADO,CAIXA FIC FIF BETA RF REF DI LP RESP LTDA,CAIXA FIC FIF BETA RF REF DI LP RESP LTDA,02/10/1995,"30,20799000","0,047","0,86","4,98","13,21","165,235",PF,PF | TODOS,https://www.caixa.gov.br/fundos-investimento/referenciados/fic-beta-ref-di-lp,00.834.072/0001-34,56,Conservador,1.5,0.01,D+0 (du),D+00 (du),https://www.caixa.gov.br/downloads/aplicacao-financeira-laminas/LA_0056.pdf,https://www.caixa.gov.br/downloads/aplicacao-financeira-regulamentos/RG_0056.pdf,https://www.caixa.gov.br/Downloads/aplicacao-financeira-inf-com/FIC_0056.pdf,https://www.caixa.gov.br/Downloads/aplicacao-financeira-comunicado-aos-cotistas/FR_0056.pdf,https://www.caixa.gov.br/Downloads/aplicacao-financeira-carta-mensal/CM_56.pdf
RENDA FIXA REFERENCIADO,CAIXA SIGMA FUNCIONARIOS FIC FIF RF REF DI LP - RESP LTDA,CAIXA SIGMA FUNCIONARIOS FIC FIF RF REF DI LP - RESP LTDA,08/04/2026,-,-,-,-,-,-,PF,PF,,66.034.762/0001-17,8500,Conservador,0.2,0.01,D+0 (du),D+00 (du),https://www.caixa.gov.br/Downloads/aplicacao-financeira-laminas-comerciais/LAC_8500.pdf,https://www.caixa.gov.br/downloads/aplicacao-financeira-regulamentos/RG_8500.pdf,https://www.caixa.gov.br/Downloads/aplicacao-financeira-inf-com/FIC_8500.pdf,https://www.caixa.gov.br/Downloads/aplicacao-financeira-comunicado-aos-cotistas/COM_8500.pdf,https://www.caixa.gov.br/Downloads/aplicacao-financeira-carta-mensal/CM_8500.pdf
RENDA FIXA REFERENCIADO,CAIXA FIC FIF GIRO IMEDIATO RF REF DI LP RESP LTDA,CAIXA FIC FIF GIRO IMEDIATO RF REF DI LP RESP LTDA,03/06/2013,"2,79736700","0,047","0,85","4,91","13,03","5.924,117",PF,PF | TODOS,https://www.caixa.gov.br/fundos-investimento/referenciados/fic-giro-imediato-ref-di-longo-prazo,17.502.869/0001-37,5930,Conservador,1.5,1000.0,D+0 (du),D+00 (du),https://www.caixa.gov.br/downloads/aplicacao-financeira-laminas/LA_5930.pdf,https://www.caixa.gov.br/downloads/aplicacao-financeira-regulamentos/RG_5930.pdf,https://www.caixa.gov.br/Downloads/aplicacao-financeira-inf-com/FIC_5930.pdf,https://www.caixa.gov.br/Downloads/aplicacao-financeira-comunicado-aos-cotistas/COM_5930.pdf,https://www.caixa.gov.br/Downloads/aplicacao-financeira-carta-mensal/CM_5930.pdf
RENDA FIXA REFERENCIADO,CAIXA FIC FIF PLENO REF DI LP RESP LTDA,CAIXA FIC FIF PLENO REF DI LP RESP LTDA,14/06/2010,"3,58867700","0,049","0,96","5,36","14,32","2.188,171",PF,PF | PJ | TODOS,https://www.caixa.gov.br/fundos-investimento/referenciados/fic-pleno-ref-di-longo-prazo,10.740.508/0001-80,5498,Conservador,0.7,1000.0,D+0 (du),D+00 (du),https://www.caixa.gov.br/downloads/aplicacao-financeira-laminas/LA_5498.pdf,https://www.caixa.gov.br/downloads/aplicacao-financeira-regulamentos/RG_5498.pdf,https://www.caixa.gov.br/Downloads/aplicacao-financeira-inf-com/FIC_5498.pdf,https://www.caixa.gov.br/Downloads/aplicacao-financeira-comunicado-aos-cotistas/COM_5498.pdf,https://www.caixa.gov.br/Downloads/aplicacao-financeira-carta-mensal/CM_5498.pdf
RENDA FIXA REFERENCIADO,CAIXA FIC OMEGA REF DI RF LONGO PRAZO,CAIXA FIC OMEGA REF DI RF LONGO PRAZO,13/05/2024,"1,28481800","0,053","0,96","5,52","14,69","64,132",PF,PF,https://www.caixa.gov.br/fundos-investimento/referenciados/fic-omega-ref-di-longo-prazo/Paginas/default.aspx,55.036.101/0001-04,7914,Conservador,0.15,10000.0,D+0 (du),D+00 (du),http://www.caixa.gov.br/downloads/aplicacao-financeira-laminas/LA_7914.pdf,http://www.caixa.gov.br/downloads/aplicacao-financeira-regulamentos/RG_7914.pdf,http://www.caixa.gov.br/Downloads/aplicacao-financeira-inf-com/FIC_7914.pdf,https://www.caixa.gov.br/Downloads/aplicacao-financeira-comunicado-aos-cotistas/COM_7914.pdf,https://www.caixa.gov.br/Downloads/aplicacao-financeira-carta-mensal/CM_7914.pdf
RENDA FIXA REFERENCIADO,CAIXA FIC FIF PREFERENCIAL REF DI LP RESP LTDA,CAIXA FIC FIF PREFERENCIAL REF DI LP RESP LTDA,01/10/2003,"9,64092300","0,050","0,96","5,40","14,43","838,988",PF,PF | TODOS,https://www.caixa.gov.br/fundos-investimento/referenciados/fic-preferencial-ref-di-longo-prazo,03.737.211/0001-08,5402,Conservador,0.6,30000.0,D+0 (du),D+00 (du),https://www.caixa.gov.br/downloads/aplicacao-financeira-laminas/LA_5402.pdf,https://www.caixa.gov.br/downloads/aplicacao-financeira-regulamentos/RG_5402.pdf,https://www.caixa.gov.br/Downloads/aplicacao-financeira-inf-com/FIC_5402.pdf,https://www.caixa.gov.br/Downloads/aplicacao-financeira-comunicado-aos-cotistas/FR_5402.pdf,https://www.caixa.gov.br/Downloads/aplicacao-financeira-carta-mensal/CM_5402.pdf
RENDA FIXA REFERENCIADO,CAIXA FIC FIF SIGMA RF REF DI LP RESP LTDA,CAIXA FIC FIF SIGMA RF REF DI LP RESP LTDA,01/12/2009,"4,43682500","0,052","0,95","5,46","14,53","15.786,780",PF,GOV | PF | PJ | TODOS,https://www.caixa.gov.br/fundos-investimento/referenciados/fic-sigma-ref-di-longo-prazo,10.731.794/0001-17,5171,Conservador,0.35,5000.0,D+0 (du),D+00 (du),https://www.caixa.gov.br/downloads/aplicacao-financeira-laminas/LA_5171.pdf,https://www.caixa.gov.br/downloads/aplicacao-financeira-regulamentos/RG_5171.pdf,https://www.caixa.gov.br/Downloads/aplicacao-financeira-inf-com/FIC_5171.pdf,https://www.caixa.gov.br/Downloads/aplicacao-financeira-comunicado-aos-cotistas/COM_5171.pdf,https://www.caixa.gov.br/Downloads/aplicacao-financeira-carta-mensal/CM_5171.pdf
RENDA FIXA REFERENCIADO,CAIXA FIC FIF RUBI RF REF DI LP RESP LTDA,CAIXA FIC FIF RUBI RF REF DI LP RESP LTDA,15/07/2009,"4,75217300","0,051","0,98","5,52","14,78","9.435,426",PF,GOV | PF | PJ | TODOS,https://www.caixa.gov.br/fundos-investimento/referenciados/fic-rubi-ref-di-longo-prazo/Paginas/default.aspx,10.646.885/0001-54,5157,Conservador,0.3,100000.0,D+0 (du),D+00 (du),https://www.caixa.gov.br/downloads/aplicacao-financeira-laminas/LA_5157.pdf,https://www.caixa.gov.br/downloads/aplicacao-financeira-regulamentos/RG_5157.pdf,https://www.caixa.gov.br/Downloads/aplicacao-financeira-inf-com/FIC_5157.pdf,https://www.caixa.gov.br/Downloads/aplicacao-financeira-comunicado-aos-cotistas/COM_5157.pdf,https://www.caixa.gov.br/Downloads/aplicacao-financeira-carta-mensal/CM_5157.pdf
RENDA FIXA REFERENCIADO,CAIXA FIC FIF MEGA RF REFERENC DI LONGO PRAZO - RESP LTDA,CAIXA FIC FIF MEGA RF REFERENC DI LONGO PRAZO - RESP LTDA,03/02/2009,"5,07805100","0,051","0,99","5,54","14,83","21.060,080",PF,PF | PJ,https://www.caixa.gov.br/fundos-investimento/referenciados/fic-mega-ref-di-longo-prazo/Paginas/default.aspx,,,,,,,,,,,,
RENDA FIXA REFERENCIADO,CAIXA FIC FIF TOP PRIVATE RF REF DI LP RESP LTDA,CAIXA FIC FIF TOP PRIVATE RF REF DI LP RESP LTDA,05/05/2014,"3,17164400","0,051","1,00","5,59","14,95","13.327,624",PF,PF | RPPS,https://www.caixa.gov.br/fundos-investimento/referenciados/fic-top-private-ref-di-longo-prazo/Paginas/default.aspx,19.769.018/0001-80,5969,Conservador,0.15,100000.0,D+0 (du),D+00 (du),https://www.caixa.gov.br/downloads/aplicacao-financeira-laminas/LA_5969.pdf,https://www.caixa.gov.br/downloads/aplicacao-financeira-regulamentos/RG_5969.pdf,https://www.caixa.gov.br/Downloads/aplicacao-financeira-inf-com/FIC_5969.pdf,https://www.caixa.gov.br/Downloads/aplicacao-financeira-comunicado-aos-cotistas/FR_5969.pdf,https://www.caixa.gov.br/Downloads/aplicacao-financeira-carta-mensal/CM_5969.pdf
RENDA FIXA CURTO PRAZO,CAIXA FIC FIF RENDA FIXA CURTO PRAZO RESP LTDA,CAIXA FIC FIF RENDA FIXA CURTO PRAZO RESP LTDA,14/12/2020,"1.722,39705500","0,051","0,92","5,32","14,20","248,039",PF,PF | PJ,https://www.caixa.gov.br/fundos-investimento/curto-prazo/fic-automatico-polis-rf-cp/Paginas/default.aspx,,,,,,,,,,,,
MULTIMERCADO,CAIXA FIC FIF FOF SMART CRED PRIV MM LP RESP LTDA,CAIXA FIC FIF FOF SMART CRED PRIV MM LP RESP LTDA,30/08/2023,"1,40659200","-0,070","1,12","5,05","14,28","68,048",PF,PF | PJ,https://www.caixa.gov.br/fundos-investimento/multimercado/fic-fof-smart-credito-privado-multimercado-longo-prazo/Paginas/default.aspx,51.943.346/0001-64,7880,Moderado,0.4,0.01,D+46 (du),D+48 (du),https://www.caixa.gov.br/Downloads/aplicacao-financeira-laminas-comerciais/LAC_7880.pdf,http://www.caixa.gov.br/downloads/aplicacao-financeira-regulamentos/RG_7880.pdf,http://www.caixa.gov.br/Downloads/aplicacao-financeira-inf-com/FIC_7880.pdf,https://www.caixa.gov.br/Downloads/aplicacao-financeira-comunicado-aos-cotistas/COM_7880.pdf,https://www.caixa.gov.br/Downloads/aplicacao-financeira-carta-mensal/CM_7880.pdf
MULTIMERCADO,CAIXA FIC MULTIGESTOR GLOBAL EQUITIES IE,CAIXA FIC MULTIGESTOR GLOBAL EQUITIES IE,11/11/2020,"1.194,40400600","-0,003","3,91","-4,81","0,15","36,466",PF,PF | PJ | RPPS | TODOS,https://www.caixa.gov.br/fundos-investimento/multimercado/caixa-multigestor-global-equities-invest-ext/Paginas/default.aspx,39.528.038/0001-77,6518,Arrojado,1.0,0.01,D+7 (du),D+12 (du),https://www.caixa.gov.br/Downloads/aplicacao-financeira-laminas-comerciais/LAC_6518.pdf,https://www.caixa.gov.br/downloads/aplicacao-financeira-regulamentos/RG_6518.pdf,https://www.caixa.gov.br/Downloads/aplicacao-financeira-inf-com/FIC_6518.pdf,https://www.caixa.gov.br/Downloads/aplicacao-financeira-comunicado-aos-cotistas/FR_6518.pdf,https://www.caixa.gov.br/Downloads/aplicacao-financeira-carta-mensal/CM_6518.pdf
MULTIMERCADO,CAIXA FIF MULTIMERCADO RV 30 LP RESP LTDA,CAIXA FIF MULTIMERCADO RV 30 LP RESP LTDA,20/06/2000,"12,60968300","-0,084","-1,02","6,22","17,17","540,035",PF,PF | PJ | RPPS | TODOS,https://www.caixa.gov.br/fundos-investimento/multimercado/fi-multimercado-rv30-longo-prazo,,,,,,,,,,,,
MULTIMERCADO,CAIXA FIC FIF ESTRATÉGIA LIVRE MULTIMERCADO LP RESP LTDA,CAIXA FIC FIF ESTRATEGIA LIVRE MULTIMERCADO LP RESP LTDA,21/10/2019,"1.637,45665300","-0,006","0,10","4,50","13,26","115,436",PF,PF | PJ | TODOS,https://www.caixa.gov.br/fundos-investimento/multimercado/estrategia-livre-mm-lp,35.536.472/0001-48,6479,Moderado,0.6,0.01,D+13 (du),D+15 (du),https://www.caixa.gov.br/downloads/aplicacao-financeira-laminas/LA_6479.pdf,https://www.caixa.gov.br/downloads/aplicacao-financeira-regulamentos/RG_6479.pdf,https://www.caixa.gov.br/Downloads/aplicacao-financeira-inf-com/FIC_6479.pdf,https://www.caixa.gov.br/Downloads/aplicacao-financeira-comunicado-aos-cotistas/COM_6479.pdf,https://www.caixa.gov.br/Downloads/aplicacao-financeira-carta-mensal/CM_6479.pdf
MULTIMERCADO,CAIXA FIF INDEXA SHORT DOLAR MM LP RESP LTDA,CAIXA FIF INDEXA SHORT DOLAR MM LP RESP LTDA,26/10/2020,"2.411,08312700","-0,471","-0,56","17,38","36,21","12,731",PF,GOV | PF | PJ | RPPS,https://www.caixa.gov.br/fundos-investimento/multimercado/caixa-fi-indexa-short-dolar-mult-lp/Paginas/default.aspx,29.157.511/0001-01,6446,Moderado,0.8,0.01,D+1 (du),D+01 (du),https://www.caixa.gov.br/downloads/aplicacao-financeira-laminas/LA_6446.pdf,https://www.caixa.gov.br/downloads/aplicacao-financeira-regulamentos/RG_6446.pdf,https://www.caixa.gov.br/Downloads/aplicacao-financeira-inf-com/FIC_6446.pdf,https://www.caixa.gov.br/Downloads/aplicacao-financeira-comunicado-aos-cotistas/COM_6446.pdf,https://www.caixa.gov.br/Downloads/aplicacao-financeira-carta-mensal/CM_6446.pdf
MULTIMERCADO,CAIXA CARTEIRA QUANT DUO FIC FIF MM LP RESP LTDA,CAIXA CARTEIRA QUANT DUO FIC FIF MM LP RESP LTDA,07/04/2026,-,-,-,-,-,-,PF,PF | PJ,,65.795.043/0001-56,7990,Arrojado,0.8,0.01,D+8 (du),D+10 (du),https://www.caixa.gov.br/Downloads/aplicacao-financeira-laminas-comerciais/LAC_7990.pdf,https://www.caixa.gov.br/downloads/aplicacao-financeira-regulamentos/RG_7990.pdf,https://www.caixa.gov.br/Downloads/aplicacao-financeira-inf-com/FIC_7990.pdf,https://www.caixa.gov.br/Downloads/aplicacao-financeira-comunicado-aos-cotistas/COM_7990.pdf,https://www.caixa.gov.br/Downloads/aplicacao-financeira-carta-mensal/CM_7990.pdf
MULTIMERCADO,CAIXA FIC FIF FOF SMART LONG SHORT LP RESP LTDA,CAIXA FIC FIF FOF SMART LONG SHORT LP RESP LTDA,18/07/2023,"1,25212400","-0,075","-0,28","2,52","11,04","6,428",PF,PF | PJ,https://www.caixa.gov.br/fundos-investimento/multimercado/caixa-fic-fof-smart-long-short-mm/Paginas/default.aspx,51.408.738/0001-23,7877,Moderado,1.0,0.01,D+24 (du),D+26 (du),https://www.caixa.gov.br/Downloads/aplicacao-financeira-laminas-comerciais/LAC_7877.pdf,http://www.caixa.gov.br/downloads/aplicacao-financeira-regulamentos/RG_7877.pdf,http://www.caixa.gov.br/Downloads/aplicacao-financeira-inf-com/FIC_7877.pdf,https://www.caixa.gov.br/Downloads/aplicacao-financeira-comunicado-aos-cotistas/COM_7877.pdf,https://www.caixa.gov.br/Downloads/aplicacao-financeira-carta-mensal/CM_7877.pdf
MULTIMERCADO,CAIXA FIC LONG BIAS MM,CAIXA FIC LONG BIAS MM,01/04/2024,"1,14863900","-0,026","-5,07","-0,93","13,60","3,480",PF,PF | PJ,https://www.caixa.gov.br/fundos-investimento/multimercado/caixa-fic-fof-smart-long-bias-mm/Paginas/default.aspx,54.439.846/0001-51,6950,Moderado,2.0,0.01,D+13 (du),D+15 (du),http://www.caixa.gov.br/downloads/aplicacao-financeira-laminas/LA_6950.pdf,http://www.caixa.gov.br/downloads/aplicacao-financeira-regulamentos/RG_6950.pdf,http://www.caixa.gov.br/Downloads/aplicacao-financeira-inf-com/FIC_6950.pdf,http://www.caixa.gov.br/Downloads/aplicacao-financeira-comunicado-aos-cotistas/FR_6950.pdf,https://www.caixa.gov.br/Downloads/aplicacao-financeira-carta-mensal/CM_6950.pdf
MULTIMERCADO,CAIXA CARTEIRA QUANT QUALI FIC FIF MM LP RESP LTDA,CAIXA CARTEIRA QUANT QUALI FIC FIF MM LP RESP LTDA,07/04/2026,-,-,-,-,-,-,PF,PF | PJ,,65.795.384/0001-21,7991,Agressivo,0.8,0.01,D+14 (du),D+16 (du),https://www.caixa.gov.br/Downloads/aplicacao-financeira-laminas-comerciais/LAC_7991.pdf,https://www.caixa.gov.br/downloads/aplicacao-financeira-regulamentos/RG_7991.pdf,https://www.caixa.gov.br/Downloads/aplicacao-financeira-inf-com/FIC_7991.pdf,https://www.caixa.gov.br/Downloads/aplicacao-financeira-comunicado-aos-cotistas/COM_7991.pdf,https://www.caixa.gov.br/Downloads/aplicacao-financeira-carta-mensal/CM_7991.pdf
MULTIMERCADO,CAIXA FIC FIF FOF SMART LONG BIAS MM RESP LTDA,CAIXA FIC FIF FOF SMART LONG BIAS MM RESP LTDA,18/07/2023,"1,42927100","-0,046","-2,68","4,70","19,18","11,890",PF,PF | PJ,https://www.caixa.gov.br/fundos-investimento/multimercado/caixa-fic-fof-smart-long-bias-mm/Paginas/default.aspx,51.408.950/0001-90,7876,Moderado,1.0,0.01,D+24 (du),D+26 (du),https://www.caixa.gov.br/Downloads/aplicacao-financeira-laminas-comerciais/LAC_7876.pdf,http://www.caixa.gov.br/downloads/aplicacao-financeira-regulamentos/RG_7876.pdf,http://www.caixa.gov.br/Downloads/aplicacao-financeira-inf-com/FIC_7876.pdf,https://www.caixa.gov.br/Downloads/aplicacao-financeira-comunicado-aos-cotistas/COM_7876.pdf,https://www.caixa.gov.br/Downloads/aplicacao-financeira-carta-mensal/CM_7876.pdf
MULTIMERCADO,CAIXA CARTEIRA QUANT UNO FIC FIF MM LP RESP LTDA,CAIXA CARTEIRA QUANT UNO FIC FIF MM LP RESP LTDA,07/04/2026,-,-,-,-,-,-,PF,PF | PJ,,65.794.476/0001-97,7992,Moderado,0.8,0.01,D+1 (du),D+03 (du),https://www.caixa.gov.br/Downloads/aplicacao-financeira-laminas-comerciais/LAC_7992.pdf,https://www.caixa.gov.br/downloads/aplicacao-financeira-regulamentos/RG_7992.pdf,https://www.caixa.gov.br/Downloads/aplicacao-financeira-inf-com/FIC_7992.pdf,https://www.caixa.gov.br/Downloads/aplicacao-financeira-comunicado-aos-cotistas/COM_7992.pdf,https://www.caixa.gov.br/Downloads/aplicacao-financeira-carta-mensal/CM_7992.pdf
MULTIMERCADO,CAIXA FIF INDEXA EURO MM LONGO PRAZO RESP LTDA,CAIXA FIF INDEXA EURO MM LONGO PRAZO RESP LTDA,01/04/2024,"1,11052300","0,556","1,17","-7,89","-6,37","3,754",PF,GOV | PF | PJ | RPPS,https://www.caixa.gov.br/fundos-investimento/multimercado/fi-euro-multimercado-longo-prazo/Paginas/default.aspx,54.483.566/0001-40,7910,Arrojado,0.8,0.01,D+1 (du),D+03 (du),http://www.caixa.gov.br/downloads/aplicacao-financeira-laminas/LA_7910.pdf,http://www.caixa.gov.br/downloads/aplicacao-financeira-regulamentos/RG_7910.pdf,http://www.caixa.gov.br/Downloads/aplicacao-financeira-inf-com/FIC_7910.pdf,http://www.caixa.gov.br/Downloads/aplicacao-financeira-comunicado-aos-cotistas/FR_7910.pdf,https://www.caixa.gov.br/Downloads/aplicacao-financeira-carta-mensal/CM_7910.pdf
MULTIMERCADO,CAIXA FIC FIF ESTRATÉGICO MULTIMERCADO LP RESP LTDA,CAIXA FIC FIF ESTRATEGICO MULTIMERCADO LP RESP LTDA,10/04/2006,"5,33911469","-0,003","0,13","4,05","13,04","33,105",PF,PF | PJ | TODOS,https://www.caixa.gov.br/fundos-investimento/multimercado/fic-estrategico-multimercado-longo-prazo,03.737.200/0001-10,5490,Moderado,1.2,0.01,D+0 (du),D+01 (du),https://www.caixa.gov.br/downloads/aplicacao-financeira-laminas/LA_5490.pdf,https://www.caixa.gov.br/downloads/aplicacao-financeira-regulamentos/RG_5490.pdf,https://www.caixa.gov.br/Downloads/aplicacao-financeira-inf-com/FIC_5490.pdf,https://www.caixa.gov.br/Downloads/aplicacao-financeira-comunicado-aos-cotistas/FR_5490.pdf,https://www.caixa.gov.br/Downloads/aplicacao-financeira-carta-mensal/CM_5490.pdf
MULTIMERCADO,CAIXA FIF INDEXA OURO MULTIMERCADO LP RESP LTDA,CAIXA FIF INDEXA OURO MULTIMERCADO LP RESP LTDA,15/02/2013,"4,64191300","-1,142","-3,12","4,47","41,82","624,426",PF,PF | RPPS | TODOS,https://www.caixa.gov.br/fundos-investimento/multimercado/fi-ouro-multimercado-longo-prazo,16.916.060/0001-99,5902,Moderado,0.8,0.01,D+1 (du),D+02 (du),https://www.caixa.gov.br/downloads/aplicacao-financeira-laminas/LA_5902.pdf,https://www.caixa.gov.br/downloads/aplicacao-financeira-regulamentos/RG_5902.pdf,https://www.caixa.gov.br/Downloads/aplicacao-financeira-inf-com/FIC_5902.pdf,https://www.caixa.gov.br/Downloads/aplicacao-financeira-comunicado-aos-cotistas/COM_5902.pdf,https://www.caixa.gov.br/Downloads/aplicacao-financeira-carta-mensal/CM_5902.pdf
MULTIMERCADO,CAIXA FIC FIF FOF SMART MULTIESTRATEGIA MM RESP LTDA,CAIXA FIC FIF FOF SMART MULTIESTRATEGIA MM RESP LTDA,09/06/2014,"2,85255900","-0,278","0,00","2,13","10,52","75,658",PF,PF | PJ | TODOS,https://www.caixa.gov.br/fundos-investimento/multimercado/fic-multigestor,18.007.710/0001-09,5954,Moderado,1.5,0.01,D+24 (du),D+26 (du),https://www.caixa.gov.br/Downloads/aplicacao-financeira-laminas-comerciais/LAC_5954.pdf,https://www.caixa.gov.br/downloads/aplicacao-financeira-regulamentos/RG_5954.pdf,https://www.caixa.gov.br/Downloads/aplicacao-financeira-inf-com/FIC_5954.pdf,https://www.caixa.gov.br/Downloads/aplicacao-financeira-comunicado-aos-cotistas/FR_5954.pdf,https://www.caixa.gov.br/Downloads/aplicacao-financeira-carta-mensal/CM_5954.pdf
MULTIMERCADO,CAIXA FIC FIF HEDGE MULTIMERCADO LONGO PRAZO RESP LTDA,CAIXA FIC FIF HEDGE MULTIMERCADO LONGO PRAZO RESP LTDA,26/10/2020,"1.662,22720900","0,336","2,59","5,50","11,74","29,455",PF,GOV | PF | PJ | RPPS | TODOS,https://www.caixa.gov.br/fundos-investimento/multimercado/caixa-fic-hedge-multimercado-lp/Paginas/default.aspx,30.068.135/0001-50,6399,Moderado,1.0,0.01,D+1 (du),D+01 (du),https://www.caixa.gov.br/downloads/aplicacao-financeira-laminas/LA_6399.pdf,https://www.caixa.gov.br/downloads/aplicacao-financeira-regulamentos/RG_6399.pdf,https://www.caixa.gov.br/Downloads/aplicacao-financeira-inf-com/FIC_6399.pdf,https://www.caixa.gov.br/Downloads/aplicacao-financeira-comunicado-aos-cotistas/COM_6399.pdf,https://www.caixa.gov.br/Downloads/aplicacao-financeira-carta-mensal/CM_6399.pdf
MULTIMERCADO,CAIXA FIF INDEXA BOLSA AMERICANA MM LP RESP LTDA,CAIXA FIF INDEXA BOLSA AMERICANA MM LP RESP LTDA,16/10/2018,"3,79685400","0,090","4,92","12,87","38,62","2.377,702",PF,GOV | PF | PJ | RPPS | TODOS,https://www.caixa.gov.br/fundos-investimento/multimercado/fi-bolsa-americana-multimercado-lp,30.036.235/0001-02,6999,Moderado,0.8,0.01,D+0 (du),D+01 (du),https://www.caixa.gov.br/downloads/aplicacao-financeira-laminas/LA_6999.pdf,https://www.caixa.gov.br/downloads/aplicacao-financeira-regulamentos/RG_6999.pdf,https://www.caixa.gov.br/Downloads/aplicacao-financeira-inf-com/FIC_6999.pdf,https://www.caixa.gov.br/Downloads/aplicacao-financeira-comunicado-aos-cotistas/COM_6999.pdf,https://www.caixa.gov.br/Downloads/aplicacao-financeira-carta-mensal/CM_6999.pdf
MULTIMERCADO,CAIXA FIC FIF JUROS E MOEDAS MM PLUS LP RESP LTDA,CAIXA FIC FIF JUROS E MOEDAS MM PLUS LP RESP LTDA,05/03/2018,"1,90309100","0,043","0,85","4,68","12,93","21,929",PF,PF | PJ | TODOS,https://www.caixa.gov.br/fundos-investimento/multimercado/caixa-fic-juros-e-moedas-multimercado-plus-lp/,29.157.485/0001-03,6353,Moderado,1.0,0.01,D+0 (du),D+00 (du),https://www.caixa.gov.br/downloads/aplicacao-financeira-laminas/LA_6353.pdf,https://www.caixa.gov.br/downloads/aplicacao-financeira-regulamentos/RG_6353.pdf,https://www.caixa.gov.br/Downloads/aplicacao-financeira-inf-com/FIC_6353.pdf,https://www.caixa.gov.br/Downloads/aplicacao-financeira-comunicado-aos-cotistas/COM_6353.pdf,https://www.caixa.gov.br/Downloads/aplicacao-financeira-carta-mensal/CM_6353.pdf
MULTIMERCADO,CAIXA FIC FIF FUNCIONARIOS ESTRATEGIA LIVRE MULTIMERCADO LP RESP LTDA,CAIXA FIC FIF FUNCIONARIOS ESTRATEGIA LIVRE MULTIMERCADO LP RESP LTDA,06/07/2020,"1.658,50876800","-0,003","0,17","4,87","14,24","14,865",PF,PF,,35.536.472/0001-48,6479,Moderado,0.6,0.01,D+13 (du),D+15 (du),https://www.caixa.gov.br/downloads/aplicacao-financeira-laminas/LA_6479.pdf,https://www.caixa.gov.br/downloads/aplicacao-financeira-regulamentos/RG_6479.pdf,https://www.caixa.gov.br/Downloads/aplicacao-financeira-inf-com/FIC_6479.pdf,https://www.caixa.gov.br/Downloads/aplicacao-financeira-comunicado-aos-cotistas/COM_6479.pdf,https://www.caixa.gov.br/Downloads/aplicacao-financeira-carta-mensal/CM_6479.pdf
MULTIMERCADO,CAIXA HASHDEX NASDAQ CRYPTO INDEX FIC FIF MM RESP LTDA,CAIXA HASHDEX NASDAQ CRYPTO INDEX FIC FIF MM RESP LTDA,07/10/2025,"0,53812850","-0,008","-0,80","-25,47","0,00","3,934",PF,PF | PJ,https://www.caixa.gov.br/fundos-investimento/multimercado/caixa-hashdex-nasdaq-crypto-fic-fif-mm,62.769.135/0001-73,7980,Agressivo,0.7,100.0,D+3 (du),D+08 (du),https://www.caixa.gov.br/Downloads/aplicacao-financeira-laminas-comerciais/LAC_7980.pdf,https://www.caixa.gov.br/downloads/aplicacao-financeira-regulamentos/RG_7980.pdf,https://www.caixa.gov.br/Downloads/aplicacao-financeira-inf-com/FIC_7980.pdf,https://www.caixa.gov.br/Downloads/aplicacao-financeira-comunicado-aos-cotistas/FR_7980.pdf,https://www.caixa.gov.br/Downloads/aplicacao-financeira-carta-mensal/CM_7980.pdf
MULTIMERCADO,CAIXA CAPITAL PROTEGIDO IBOVESPA CÍCLICO I FIC FIF MM,CAIXA CAPITAL PROTEGIDO IBOVESPA CICLICO I FIC FIF MM,08/11/2011,"3,25667400","-0,005","1,21","2,21","8,06","155,178",PF,PF | TODOS,https://www.caixa.gov.br/fundos-investimento/multimercado/fic-capital-protegido-ibovespa-ciclico-1-multimercado,14.239.659/0001-00,5475,Conservador,1.6,5000.0,D+1 (du),D+03 (du),http://www.caixa.gov.br/downloads/aplicacao-financeira-laminas/LA_5475.pdf,http://www.caixa.gov.br/downloads/aplicacao-financeira-regulamentos/RG_5475.pdf,http://www.caixa.gov.br/Downloads/aplicacao-financeira-inf-com/FIC_5475.pdf,http://www.caixa.gov.br/Downloads/aplicacao-financeira-comunicado-aos-cotistas/FR_5475.pdf,https://www.caixa.gov.br/Downloads/aplicacao-financeira-carta-mensal/CM_5475.pdf
MULTIMERCADO,CAIXA CAPITAL PROTEGIDO CÍCLICO III FIC FIF MM LP - RESP LTDA,CAIXA CAPITAL PROTEGIDO CICLICO III FIC FIF MM LP - RESP LTDA,10/01/2022,"1,54589900","-0,004","0,80","3,53","20,28","14,632",PF,PF | PJ | RPPS,https://www.caixa.gov.br/fundos-investimento/multimercado/fic-capital-protegido-ciclico-iii-multimercado-lp/Paginas/default.aspx,44.683.343/0001-73,6608,Conservador,0.9,5000.0,D+0 (du),D+02 (du),http://www.caixa.gov.br/downloads/aplicacao-financeira-laminas/LA_6608.pdf,http://www.caixa.gov.br/downloads/aplicacao-financeira-regulamentos/RG_6608.pdf,http://www.caixa.gov.br/Downloads/aplicacao-financeira-inf-com/FIC_6608.pdf,http://www.caixa.gov.br/Downloads/aplicacao-financeira-comunicado-aos-cotistas/FR_6608.pdf,https://www.caixa.gov.br/Downloads/aplicacao-financeira-carta-mensal/CM_6608.pdf
MULTIMERCADO,CAIXA FIC FIF CAPITAL PROTEGIDO CESTA AGRO MM,CAIXA FIC FIF CAPITAL PROTEGIDO CESTA AGRO MM,04/07/2022,"1,38067900","-0,003","-1,21","1,80","8,00","70,870",PF,GOV | PF | PJ | RPPS,https://www.caixa.gov.br/fundos-investimento/multimercado/caixa_fic_fim_cap_protegido_cesta_agro/Paginas/default.aspx,42.229.068/0001-97,6621,Conservador,0.9,5000.0,D+0 (du),D+02 (du),http://www.caixa.gov.br/downloads/aplicacao-financeira-laminas/LA_6621.pdf,http://www.caixa.gov.br/downloads/aplicacao-financeira-regulamentos/RG_6621.pdf,http://www.caixa.gov.br/Downloads/aplicacao-financeira-inf-com/FIC_6621.pdf,http://www.caixa.gov.br/Downloads/aplicacao-financeira-comunicado-aos-cotistas/FR_6621.pdf,https://www.caixa.gov.br/Downloads/aplicacao-financeira-carta-mensal/CM_6621.pdf
MULTIMERCADO,CAIXA FIC FIM CAPITAL PROTEGIDO CICLICO II LP - RL,CAIXA FIC FIM CAPITAL PROTEGIDO CICLICO II LP - RL,18/07/2022,"1,48736200","-0,003","2,55","2,85","15,55","192,942",PF,GOV | PF | PJ | RPPS,https://www.caixa.gov.br/fundos-investimento/multimercado/caixa-fic-fim-cap-protegido-ciclico-ii,45.443.651/0001-94,6623,Conservador,0.9,5000.0,D+0 (du),D+02 (du),http://www.caixa.gov.br/downloads/aplicacao-financeira-laminas/LA_6623.pdf,http://www.caixa.gov.br/downloads/aplicacao-financeira-regulamentos/RG_6623.pdf,http://www.caixa.gov.br/Downloads/aplicacao-financeira-inf-com/FIC_6623.pdf,http://www.caixa.gov.br/Downloads/aplicacao-financeira-comunicado-aos-cotistas/FR_6623.pdf,https://www.caixa.gov.br/Downloads/aplicacao-financeira-carta-mensal/CM_6623.pdf
MULTIMERCADO,CAIXA FIC FIF EXPERT SPX NIMITZ MULTIMERCADO RESP LTDA,CAIXA FIC FIF EXPERT SPX NIMITZ MULTIMERCADO RESP LTDA,04/05/2020,"1,77711100","-0,001","1,00","0,59","9,64","176,384",PF,PF | PJ,https://www.caixa.gov.br/fundos-investimento/multimercado/fic-caixa-expert-spxmm/Paginas/default.aspx,34.660.453/0001-66,6475,Moderado,2.0,10000.0,D+22 (du),D+24 (du),https://www.caixa.gov.br/Downloads/aplicacao-financeira-laminas-comerciais/LAC_6475.pdf,https://www.caixa.gov.br/downloads/aplicacao-financeira-regulamentos/RG_6475.pdf,https://www.caixa.gov.br/Downloads/aplicacao-financeira-inf-com/FIC_6475.pdf,https://www.caixa.gov.br/Downloads/aplicacao-financeira-comunicado-aos-cotistas/COM_6475.pdf,https://www.caixa.gov.br/Downloads/aplicacao-financeira-carta-mensal/CM_6475.pdf
MULTIMERCADO,CAIXA FIC FIF ALOCAÇÃO MACRO MM LONGO PRAZO RESP LTDA,CAIXA FIC FIF ALOCACAO MACRO MM LONGO PRAZO RESP LTDA,01/02/2007,"5,61030600","0,039","0,61","5,29","14,64","902,733",PF,PF | PJ | RPPS | TODOS,https://www.caixa.gov.br/fundos-investimento/multimercado/fic-alocacao-macro-multimercado-longo-prazo/,08.070.841/0001-87,5492,Moderado,0.5,10000.0,D+1 (du),D+03 (du),https://www.caixa.gov.br/downloads/aplicacao-financeira-laminas/LA_5492.pdf,http://www.caixa.gov.br/downloads/aplicacao-financeira-regulamentos/RG_5492.pdf,https://www.caixa.gov.br/Downloads/aplicacao-financeira-inf-com/FIC_5492.pdf,https://www.caixa.gov.br/Downloads/aplicacao-financeira-comunicado-aos-cotistas/FR_5492.pdf,https://www.caixa.gov.br/Downloads/aplicacao-financeira-carta-mensal/CM_5492.pdf
MULTIMERCADO,CAIXA FIC FIF JUROS E MOEDAS MM LP RESP LTDA,CAIXA FIC FIF JUROS E MOEDAS MM LP RESP LTDA,28/06/2012,"3,64656700","0,045","0,88","4,84","13,34","747,368",PF,PF | PJ | RPPS | TODOS,https://www.caixa.gov.br/fundos-investimento/multimercado/fi-juros-moedas-multimercado-longo-prazo,14.120.520/0001-42,5582,Moderado,0.7,10000.0,D+0 (du),D+00 (du),https://www.caixa.gov.br/downloads/aplicacao-financeira-laminas/LA_5582.pdf,https://www.caixa.gov.br/downloads/aplicacao-financeira-regulamentos/RG_5582.pdf,https://www.caixa.gov.br/Downloads/aplicacao-financeira-inf-com/FIC_5582.pdf,https://www.caixa.gov.br/Downloads/aplicacao-financeira-comunicado-aos-cotistas/COM_5582.pdf,https://www.caixa.gov.br/Downloads/aplicacao-financeira-carta-mensal/CM_5582.pdf
MULTIMERCADO,FIC FIF CAIXA EXPERT BTG PACTUAL X10 MM LP RESP LTDA,FIC FIF CAIXA EXPERT BTG PACTUAL X10 MM LP RESP LTDA,21/03/2013,"6,81637700","-0,003","0,56","5,98","16,54","129,925",PF,PF | PJ | TODOS,https://www.caixa.gov.br/fundos-investimento/multimercado/btg-pactual-x10-multimercado-longo-prazo/,17.433.039/0001-03,5911,Moderado,1.0,10000.0,D+8 (du),D+10 (du),https://www.caixa.gov.br/Downloads/aplicacao-financeira-laminas-comerciais/LAC_5911.pdf,https://www.caixa.gov.br/downloads/aplicacao-financeira-regulamentos/RG_5911.pdf,https://www.caixa.gov.br/Downloads/aplicacao-financeira-inf-com/FIC_5911.pdf,https://www.caixa.gov.br/Downloads/aplicacao-financeira-comunicado-aos-cotistas/FR_5911.pdf,https://www.caixa.gov.br/Downloads/aplicacao-financeira-carta-mensal/CM_5911.pdf
MULTIMERCADO,CAIXA FIC FIF EXPERT PIMCO INCOME IE MM LP RESP LTDA,CAIXA FIC FIF EXPERT PIMCO INCOME IE MM LP RESP LTDA,21/08/2023,"1,41991200","-0,003","0,81","3,06","16,68","280,907",PF,PF | PJ | RPPS,https://www.caixa.gov.br/fundos-investimento/multimercado/caixa-expert-pimco-income-ie-fic-multimercado/Paginas/default.aspx,51.659.921/0001-00,7875,Arrojado,0.93,10000.0,D+3 (du),D+08 (du),https://www.caixa.gov.br/Downloads/aplicacao-financeira-laminas-comerciais/LAC_7875.pdf,http://www.caixa.gov.br/downloads/aplicacao-financeira-regulamentos/RG_7875.pdf,http://www.caixa.gov.br/Downloads/aplicacao-financeira-inf-com/FIC_7875.pdf,https://www.caixa.gov.br/Downloads/aplicacao-financeira-comunicado-aos-cotistas/COM_7875.pdf,https://www.caixa.gov.br/Downloads/aplicacao-financeira-carta-mensal/CM_7875.pdf
MULTIMERCADO,CAIXA EXPERT GIANT ZARATHUSTRA FIC MULTIMERCADO - RESP LTDA,CAIXA EXPERT GIANT ZARATHUSTRA FIC MULTIMERCADO - RESP LTDA,12/02/2021,"1,32082100","-0,002","0,88","2,90","2,31","13,358",PF,PF | PJ | TODOS,https://www.caixa.gov.br/fundos-investimento/multimercado/expert-giant-zarathustra-fic-multimercado,40.209.061/0001-88,6535,Moderado,0.4,10000.0,D+22 (du),D+25 (du),https://www.caixa.gov.br/downloads/aplicacao-financeira-laminas/LA_6535.pdf,https://www.caixa.gov.br/downloads/aplicacao-financeira-regulamentos/RG_6535.pdf,https://www.caixa.gov.br/Downloads/aplicacao-financeira-inf-com/FIC_6535.pdf,https://www.caixa.gov.br/Downloads/aplicacao-financeira-comunicado-aos-cotistas/COM_6535.pdf,https://www.caixa.gov.br/Downloads/aplicacao-financeira-carta-mensal/CM_6535.pdf
CAMBIAL,CAIXA FIC FIF INDEXA DOLAR CAMBIAL RESP LTDA,CAIXA FIC FIF INDEXA DOLAR CAMBIAL RESP LTDA,27/06/2005,"3,76861800","0,559","2,28","-6,25","-6,13","97,109",PF,PF | PJ | TODOS,https://www.caixa.gov.br/fundos-investimento/cambiais/fic-cambial-dolar/Paginas/default.aspx,05.114.733/0001-70,5403,Moderado,0.8,0.01,D+1 (du),D+01 (du),https://www.caixa.gov.br/downloads/aplicacao-financeira-laminas/LA_5403.pdf,https://www.caixa.gov.br/downloads/aplicacao-financeira-regulamentos/RG_5403.pdf,https://www.caixa.gov.br/Downloads/aplicacao-financeira-inf-com/FIC_5403.pdf,https://www.caixa.gov.br/Downloads/aplicacao-financeira-comunicado-aos-cotistas/COM_5403.pdf,https://www.caixa.gov.br/Downloads/aplicacao-financeira-carta-mensal/CM_5403.pdf
ACOES,CAIXA FIF AÇÕES DIVIDENDOS RESP LTDA,CAIXA FIF ACOES DIVIDENDOS RESP LTDA,03/10/2003,"6,71695800","-0,230","-6,08","5,90","19,96","344,965",PF,PF | PJ | TODOS,https://www.caixa.gov.br/fundos-investimento/fundos-de-acoes/fi-acoes-dividendos,05.900.798/0001-41,5390,Arrojado,1.5,0.01,D+1 (du),D+03 (du),https://www.caixa.gov.br/downloads/aplicacao-financeira-laminas/LA_5390.pdf,https://www.caixa.gov.br/downloads/aplicacao-financeira-regulamentos/RG_5390.pdf,https://www.caixa.gov.br/Downloads/aplicacao-financeira-inf-com/FIC_5390.pdf,https://www.caixa.gov.br/Downloads/aplicacao-financeira-comunicado-aos-cotistas/COM_5390.pdf,https://www.caixa.gov.br/Downloads/aplicacao-financeira-carta-mensal/CM_5390.pdf
ACOES,CAIXA FIC FIF AÇÕES E-FUNDOS IBOVESPA RESP LTDA,CAIXA FIC FIF ACOES E-FUNDOS IBOVESPA RESP LTDA,05/10/2012,"2,61349600","-0,461","-6,05","8,62","24,86","13,583",PF,GOV | PF | PJ,https://www.caixa.gov.br/fundos-investimento/fundos-de-acoes/fi-acoes-brasil-etf-bovespa/Paginas/default.aspx,01.525.057/0001-77,53,Arrojado,2.0,0.01,D+1 (du),D+03 (du),https://www.caixa.gov.br/downloads/aplicacao-financeira-laminas/LA_0053.pdf,https://www.caixa.gov.br/downloads/aplicacao-financeira-regulamentos/RG_0053.pdf,https://www.caixa.gov.br/Downloads/aplicacao-financeira-inf-com/FIC_0053.pdf,https://www.caixa.gov.br/Downloads/aplicacao-financeira-comunicado-aos-cotistas/FR_0053.pdf,https://www.caixa.gov.br/Downloads/aplicacao-financeira-carta-mensal/CM_53.pdf
ACOES,CAIXA ATENA FIC FIF AÇÕES FUNCIONÁRIOS LIVRE QUANT RESP LTDA,CAIXA ATENA FIC FIF ACOES FUNCIONARIOS LIVRE QUANT RESP LTDA,06/07/2020,"1.954,16075200","-0,199","-6,04","-1,56","13,75","10,437",PF,PF,,35.536.497/0001-41,6478,Arrojado,0.8,0.01,D+13 (du),D+15 (du),https://www.caixa.gov.br/downloads/aplicacao-financeira-laminas/LA_6478.pdf,https://www.caixa.gov.br/downloads/aplicacao-financeira-regulamentos/RG_6478.pdf,https://www.caixa.gov.br/Downloads/aplicacao-financeira-inf-com/FIC_6478.pdf,https://www.caixa.gov.br/Downloads/aplicacao-financeira-comunicado-aos-cotistas/FR_6478.pdf,https://www.caixa.gov.br/Downloads/aplicacao-financeira-carta-mensal/CM_6478.pdf
ACOES,CAIXA FIF AÇÕES BDR NÍVEL I RESP LTDA,CAIXA FIF ACOES BDR NIVEL I RESP LTDA,24/06/2013,"10,17538000","0,918","8,00","2,76","22,42","280,963",PF,PF | PJ | TODOS,https://www.caixa.gov.br/fundos-investimento/fundos-de-acoes/fi-acoes-bdr-nivel-1,17.503.172/0001-80,5928,Arrojado,1.5,0.01,D+1 (du),D+03 (du),https://www.caixa.gov.br/downloads/aplicacao-financeira-laminas/LA_5928.pdf,https://www.caixa.gov.br/downloads/aplicacao-financeira-regulamentos/RG_5928.pdf,https://www.caixa.gov.br/Downloads/aplicacao-financeira-inf-com/FIC_5928.pdf,https://www.caixa.gov.br/Downloads/aplicacao-financeira-comunicado-aos-cotistas/COM_5928.pdf,https://www.caixa.gov.br/Downloads/aplicacao-financeira-carta-mensal/CM_5928.pdf
ACOES,CAIXA FIF AÇÕES SMALL CAPS ATIVO RESP LTDA,CAIXA FIF ACOES SMALL CAPS ATIVO RESP LTDA,01/11/2012,"1,48407900","-0,607","-3,06","-2,64","1,83","450,467",PF,PF | PJ | TODOS,https://www.caixa.gov.br/fundos-investimento/fundos-de-acoes/fi-acoes-small-caps-ativo,15.154.220/0001-47,5841,Arrojado,1.5,0.01,D+1 (du),D+03 (du),https://www.caixa.gov.br/downloads/aplicacao-financeira-laminas/LA_5841.pdf,https://www.caixa.gov.br/downloads/aplicacao-financeira-regulamentos/RG_5841.pdf,https://www.caixa.gov.br/Downloads/aplicacao-financeira-inf-com/FIC_5841.pdf,https://www.caixa.gov.br/Downloads/aplicacao-financeira-comunicado-aos-cotistas/FR_5841.pdf,https://www.caixa.gov.br/Downloads/aplicacao-financeira-carta-mensal/CM_5841.pdf
ACOES,CAIXA FIF AÇÕES CONSUMO RESP LTDA,CAIXA FIF ACOES CONSUMO RESP LTDA,26/04/2012,"1,12496700","-0,451","-1,99","-3,34","-1,49","58,134",PF,PF | PJ | TODOS,https://www.caixa.gov.br/fundos-investimento/fundos-de-acoes/fi-acoes-consumo,10.577.512/0001-79,5567,Arrojado,1.6,0.01,D+1 (du),D+03 (du),https://www.caixa.gov.br/downloads/aplicacao-financeira-laminas/LA_5567.pdf,https://www.caixa.gov.br/downloads/aplicacao-financeira-regulamentos/RG_5567.pdf,https://www.caixa.gov.br/Downloads/aplicacao-financeira-inf-com/FIC_5567.pdf,https://www.caixa.gov.br/Downloads/aplicacao-financeira-comunicado-aos-cotistas/COM_5567.pdf,https://www.caixa.gov.br/Downloads/aplicacao-financeira-carta-mensal/CM_5567.pdf
ACOES,CAIXA FIF ACOES SUSTENTABILIDADE EMPRESARIAL ISE - IS RESP LTDA,CAIXA FIF ACOES SUSTENTABILIDADE EMPRESARIAL ISE - IS RESP LTDA,05/11/2007,"1,72984000","-0,515","-6,85","1,48","10,25","2,156",PF,PF | PJ | TODOS,https://www.caixa.gov.br/fundos-investimento/fundos-de-acoes/fi-acoes-ise,08.070.838/0001-63,5395,Arrojado,0.8,0.01,D+1 (du),D+03 (du),https://www.caixa.gov.br/downloads/aplicacao-financeira-laminas/LA_5395.pdf,https://www.caixa.gov.br/downloads/aplicacao-financeira-regulamentos/RG_5395.pdf,https://www.caixa.gov.br/Downloads/aplicacao-financeira-inf-com/FIC_5395.pdf,https://www.caixa.gov.br/Downloads/aplicacao-financeira-comunicado-aos-cotistas/FR_5395.pdf,https://www.caixa.gov.br/Downloads/aplicacao-financeira-carta-mensal/CM_5395.pdf
ACOES,CAIXA FIF ACOES PETROBRAS PLUS RESP LTDA,CAIXA FIF ACOES PETROBRAS PLUS RESP LTDA,28/06/2019,"4,64360100","-1,608","-12,06","47,45","51,59","78,943",PF,PF | PJ | TODOS,https://www.caixa.gov.br/fundos-investimento/fundos-de-acoes/fia-caixa-petrobras-plus/Paginas/default.aspx,30.068.205/0001-70,6420,Arrojado,1.5,0.01,D+1 (du),D+03 (du),https://www.caixa.gov.br/downloads/aplicacao-financeira-laminas/LA_6420.pdf,https://www.caixa.gov.br/downloads/aplicacao-financeira-regulamentos/RG_6420.pdf,https://www.caixa.gov.br/Downloads/aplicacao-financeira-inf-com/FIC_6420.pdf,https://www.caixa.gov.br/Downloads/aplicacao-financeira-comunicado-aos-cotistas/FR_6420.pdf,https://www.caixa.gov.br/Downloads/aplicacao-financeira-carta-mensal/CM_6420.pdf
ACOES,CAIXA FIC FIF AÇÕES IBOVESPA RESP LTDA,CAIXA FIC FIF ACOES IBOVESPA RESP LTDA,15/01/1997,"8,75893800","-0,465","-6,12","8,18","23,52","91,453",PF,PF | PJ | TODOS,https://www.caixa.gov.br/fundos-investimento/fundos-de-acoes/fi-acoes-ibovespa,01.525.057/0001-77,53,Arrojado,2.0,0.01,D+1 (du),D+03 (du),https://www.caixa.gov.br/downloads/aplicacao-financeira-laminas/LA_0053.pdf,https://www.caixa.gov.br/downloads/aplicacao-financeira-regulamentos/RG_0053.pdf,https://www.caixa.gov.br/Downloads/aplicacao-financeira-inf-com/FIC_0053.pdf,https://www.caixa.gov.br/Downloads/aplicacao-financeira-comunicado-aos-cotistas/FR_0053.pdf,https://www.caixa.gov.br/Downloads/aplicacao-financeira-carta-mensal/CM_53.pdf
ACOES,CAIXA FIC FIF AÇÕES MULTIGESTOR RESP LTDA,CAIXA FIC FIF ACOES MULTIGESTOR RESP LTDA,25/06/2019,"1,29144100","-0,040","-5,42","0,33","10,22","292,507",PF,PF | PJ | RPPS | TODOS,https://www.caixa.gov.br/fundos-investimento/fundos-de-acoes/fic-fia-multigestor/Paginas/default.aspx,30.068.224/0001-04,6421,Arrojado,1.5,0.01,D+23 (du),D+25 (du),https://www.caixa.gov.br/downloads/aplicacao-financeira-laminas/LA_6421.pdf,https://www.caixa.gov.br/downloads/aplicacao-financeira-regulamentos/RG_6421.pdf,https://www.caixa.gov.br/Downloads/aplicacao-financeira-inf-com/FIC_6421.pdf,https://www.caixa.gov.br/Downloads/aplicacao-financeira-comunicado-aos-cotistas/COM_6421.pdf,https://www.caixa.gov.br/Downloads/aplicacao-financeira-carta-mensal/CM_6421.pdf
ACOES,CAIXA FIF AÇÕES CONSTRUÇÃO CIVIL RESP LTDA,CAIXA FIF ACOES CONSTRUCAO CIVIL RESP LTDA,22/06/2009,"1,86617000","-0,768","-2,75","-1,85","16,91","115,190",PF,PF | PJ | TODOS,https://www.caixa.gov.br/fundos-investimento/fundos-de-acoes/fi-acoes-construcao-civil,10.551.375/0001-01,5397,Arrojado,2.0,0.01,D+1 (du),D+03 (du),https://www.caixa.gov.br/downloads/aplicacao-financeira-laminas/LA_5397.pdf,https://www.caixa.gov.br/downloads/aplicacao-financeira-regulamentos/RG_5397.pdf,https://www.caixa.gov.br/Downloads/aplicacao-financeira-inf-com/FIC_5397.pdf,https://www.caixa.gov.br/Downloads/aplicacao-financeira-comunicado-aos-cotistas/COM_5397.pdf,https://www.caixa.gov.br/Downloads/aplicacao-financeira-carta-mensal/CM_5397.pdf
ACOES,CAIXA FIF AÇÕES INFRAESTRUTURA RESP LTDA,CAIXA FIF ACOES INFRAESTRUTURA RESP LTDA,19/04/2010,"2,91876600","-1,082","-9,35","7,09","17,76","128,390",PF,PF | PJ | TODOS,https://www.caixa.gov.br/fundos-investimento/fundos-de-acoes/fi-acoes-infraestrutura,10.551.382/0001-03,5398,Arrojado,2.0,0.01,D+1 (du),D+03 (du),https://www.caixa.gov.br/downloads/aplicacao-financeira-laminas/LA_5398.pdf,https://www.caixa.gov.br/downloads/aplicacao-financeira-regulamentos/RG_5398.pdf,https://www.caixa.gov.br/Downloads/aplicacao-financeira-inf-com/FIC_5398.pdf,https://www.caixa.gov.br/Downloads/aplicacao-financeira-comunicado-aos-cotistas/FR_5398.pdf,https://www.caixa.gov.br/Downloads/aplicacao-financeira-carta-mensal/CM_5398.pdf
ACOES,CAIXA ATENA FIC FIF AÇÕES LIVRE QUANT RESP LTDA,CAIXA ATENA FIC FIF ACOES LIVRE QUANT RESP LTDA,31/07/2019,"1,89931800","-0,203","-6,10","-1,97","12,48","48,701",PF,PF | PJ,http://www.caixa.gov.br/fundos-investimento/fundos-de-acoes/FIC-FIA-acoes-livres/Paginas/default.aspx,22.791.154/0001-81,5978,Arrojado,2.0,0.01,D+13 (du),D+15 (du),https://www.caixa.gov.br/downloads/aplicacao-financeira-laminas/LA_5978.pdf,https://www.caixa.gov.br/downloads/aplicacao-financeira-regulamentos/RG_5978.pdf,https://www.caixa.gov.br/Downloads/aplicacao-financeira-inf-com/FIC_5978.pdf,https://www.caixa.gov.br/Downloads/aplicacao-financeira-comunicado-aos-cotistas/FR_5978.pdf,https://www.caixa.gov.br/Downloads/aplicacao-financeira-carta-mensal/CM_5978.pdf
ACOES,CAIXA FIF AÇÕES PETROBRAS PRÉ-SAL RESP LTDA,CAIXA FIF ACOES PETROBRAS PRE-SAL RESP LTDA,28/09/2010,"6,54339300","-1,413","-12,61","39,50","47,16","122,002",PF,PF | PJ | TODOS,https://www.caixa.gov.br/fundos-investimento/fundos-de-acoes/fi-acoes-petrobras-pre-sal,11.060.594/0001-42,5420,Arrojado,0.5,0.01,D+1 (du),D+03 (du),https://www.caixa.gov.br/downloads/aplicacao-financeira-laminas/LA_5420.pdf,https://www.caixa.gov.br/downloads/aplicacao-financeira-regulamentos/RG_5420.pdf,https://www.caixa.gov.br/Downloads/aplicacao-financeira-inf-com/FIC_5420.pdf,https://www.caixa.gov.br/Downloads/aplicacao-financeira-comunicado-aos-cotistas/FR_5420.pdf,https://www.caixa.gov.br/Downloads/aplicacao-financeira-carta-mensal/CM_5420.pdf
ACOES,CAIXA FIF ACOES BANCO DO BRASIL PLUS RESP LTDA,CAIXA FIF ACOES BANCO DO BRASIL PLUS RESP LTDA,23/10/2019,"1.321,22010500","-0,194","-5,20","-3,34","-12,35","42,429",PF,PF | PJ | RPPS,https://www.caixa.gov.br/fundos-investimento/fundos-de-acoes/Caixa-FI-Acoes-Banco-do-Brasil-Plus/Paginas/default.aspx,30.068.271/0001-40,6447,Arrojado,1.5,0.01,D+1 (du),D+03 (du),https://www.caixa.gov.br/downloads/aplicacao-financeira-laminas/LA_6447.pdf,https://www.caixa.gov.br/downloads/aplicacao-financeira-regulamentos/RG_6447.pdf,https://www.caixa.gov.br/Downloads/aplicacao-financeira-inf-com/FIC_6447.pdf,https://www.caixa.gov.br/Downloads/aplicacao-financeira-comunicado-aos-cotistas/COM_6447.pdf,https://www.caixa.gov.br/Downloads/aplicacao-financeira-carta-mensal/CM_6447.pdf
ACOES,CAIXA FIF AÇÕES VALE DO RIO DOCE RESP LTDA,CAIXA FIF ACOES VALE DO RIO DOCE RESP LTDA,20/02/2002,"39,50562000","0,448","2,64","14,35","63,85","674,724",PF,PF | PJ | TODOS,https://www.caixa.gov.br/fundos-investimento/fundos-de-acoes/fi-acoes-vale-rio-doce,04.885.820/0001-69,5301,Arrojado,2.0,0.01,D+1 (du),D+03 (du),https://www.caixa.gov.br/downloads/aplicacao-financeira-laminas/LA_5301.pdf,http://www.caixa.gov.br/downloads/aplicacao-financeira-regulamentos/RG_5301.pdf,https://www.caixa.gov.br/Downloads/aplicacao-financeira-inf-com/FIC_5301.pdf,https://www.caixa.gov.br/Downloads/aplicacao-financeira-comunicado-aos-cotistas/FR_5301.pdf,https://www.caixa.gov.br/Downloads/aplicacao-financeira-carta-mensal/CM_5301.pdf
ACOES,CAIXA FIF ACOES SEGURIDADE RESP LTDA,CAIXA FIF ACOES SEGURIDADE RESP LTDA,03/05/2021,"2,64647000","-0,907","-1,66","9,25","22,10","440,181",PF,GOV | PF | PJ,https://www.caixa.gov.br/fundos-investimento/fundos-de-acoes/fia-caixa-seguridade/Paginas/default.aspx,30.068.049/0001-47,6499,Arrojado,0.2,0.01,D+1 (du),D+03 (du),https://www.caixa.gov.br/downloads/aplicacao-financeira-laminas/LA_6499.pdf,https://www.caixa.gov.br/downloads/aplicacao-financeira-regulamentos/RG_6499.pdf,https://www.caixa.gov.br/Downloads/aplicacao-financeira-inf-com/FIC_6499.pdf,https://www.caixa.gov.br/Downloads/aplicacao-financeira-comunicado-aos-cotistas/COM_6499.pdf,https://www.caixa.gov.br/Downloads/aplicacao-financeira-carta-mensal/CM_6499.pdf
ACOES,CAIXA FIF AÇÕES IBRX ATIVO RESP LTDA,CAIXA FIF ACOES IBRX ATIVO RESP LTDA,12/09/2005,"4,84905700","-0,467","-5,69","8,05","25,44","23,439",PF,PF | PJ | TODOS,https://www.caixa.gov.br/fundos-investimento/fundos-de-acoes/fi-acoes-ibrx-ativo,05.164.370/0001-88,5392,Arrojado,1.5,0.01,D+1 (du),D+03 (du),https://www.caixa.gov.br/downloads/aplicacao-financeira-laminas/LA_5392.pdf,https://www.caixa.gov.br/downloads/aplicacao-financeira-regulamentos/RG_5392.pdf,https://www.caixa.gov.br/Downloads/aplicacao-financeira-inf-com/FIC_5392.pdf,https://www.caixa.gov.br/Downloads/aplicacao-financeira-comunicado-aos-cotistas/FR_5392.pdf,https://www.caixa.gov.br/Downloads/aplicacao-financeira-carta-mensal/CM_5392.pdf
ACOES,CAIXA FIF ACOES INDEXA SETOR FINANCEIRO RESP LTDA,CAIXA FIF ACOES INDEXA SETOR FINANCEIRO RESP LTDA,26/01/2021,"1.522,21728900","-0,392","-6,10","4,59","15,36","30,484",PF,GOV | PF | PJ | RPPS | TODOS,https://www.caixa.gov.br/fundos-investimento/fundos-de-acoes/caixa-fia-indexa-setor-financeiro/Paginas/default.aspx,40.209.029/0001-00,6530,Arrojado,0.8,0.01,D+1 (du),D+03 (du),https://www.caixa.gov.br/downloads/aplicacao-financeira-laminas/LA_6530.pdf,https://www.caixa.gov.br/downloads/aplicacao-financeira-regulamentos/RG_6530.pdf,https://www.caixa.gov.br/Downloads/aplicacao-financeira-inf-com/FIC_6530.pdf,https://www.caixa.gov.br/Downloads/aplicacao-financeira-comunicado-aos-cotistas/COM_6530.pdf,https://www.caixa.gov.br/Downloads/aplicacao-financeira-carta-mensal/CM_6530.pdf
ACOES,CAIXA FIC FIF ACOES DIVIDENDOS QUANTITATIVO RESP LTDA,CAIXA FIC FIF ACOES DIVIDENDOS QUANTITATIVO RESP LTDA,02/09/2021,"1,96341000","-0,198","-4,21","-3,49","9,24","1,798",PF,PF | PJ,https://www.caixa.gov.br/fundos-investimento/fundos-de-acoes/fic-fia-dividendos-quantitativo/Paginas/default.aspx,42.120.405/0001-03,6591,Arrojado,2.0,0.01,D+13 (du),D+15 (du),https://www.caixa.gov.br/downloads/aplicacao-financeira-laminas/LA_6591.pdf,https://www.caixa.gov.br/downloads/aplicacao-financeira-regulamentos/RG_6591.pdf,https://www.caixa.gov.br/Downloads/aplicacao-financeira-inf-com/FIC_6591.pdf,https://www.caixa.gov.br/Downloads/aplicacao-financeira-comunicado-aos-cotistas/COM_6591.pdf,https://www.caixa.gov.br/Downloads/aplicacao-financeira-carta-mensal/CM_6591.pdf
ACOES,CAIXA FIF ACOES INDEXA PIBB IBRX 50 RESP LTDA,CAIXA FIF ACOES INDEXA PIBB IBRX 50 RESP LTDA,12/09/2005,"5,92982800","-0,715","-6,21","10,23","27,01","44,013",PF,PF | PJ | TODOS,https://www.caixa.gov.br/fundos-investimento/fundos-de-acoes/fi-acoes-pibb-sem-opcao-de-venda,05.164.361/0001-97,5393,Arrojado,0.8,0.01,D+1 (du),D+03 (du),https://www.caixa.gov.br/downloads/aplicacao-financeira-laminas/LA_5393.pdf,https://www.caixa.gov.br/downloads/aplicacao-financeira-regulamentos/RG_5393.pdf,https://www.caixa.gov.br/Downloads/aplicacao-financeira-inf-com/FIC_5393.pdf,https://www.caixa.gov.br/Downloads/aplicacao-financeira-comunicado-aos-cotistas/COM_5393.pdf,https://www.caixa.gov.br/Downloads/aplicacao-financeira-carta-mensal/CM_5393.pdf
ACOES,CAIXA FIF ACOES IBOVESPA ATIVO RESP LTDA,CAIXA FIF ACOES IBOVESPA ATIVO RESP LTDA,01/02/2007,"2,24044700","-0,494","-4,70","6,78","23,67","35,962",PF,PF | PJ | TODOS,https://www.caixa.gov.br/fundos-investimento/fundos-de-acoes/fi-acoes-ibovespa-ativo,08.046.355/0001-23,5394,Arrojado,2.0,0.01,D+1 (du),D+03 (du),https://www.caixa.gov.br/downloads/aplicacao-financeira-laminas/LA_5394.pdf,https://www.caixa.gov.br/downloads/aplicacao-financeira-regulamentos/RG_5394.pdf,https://www.caixa.gov.br/Downloads/aplicacao-financeira-inf-com/FIC_5394.pdf,https://www.caixa.gov.br/Downloads/aplicacao-financeira-comunicado-aos-cotistas/FR_5394.pdf,https://www.caixa.gov.br/Downloads/aplicacao-financeira-carta-mensal/CM_5394.pdf
ACOES,CAIXA FIF AÇÕES PETROBRÁS RESP LTDA,CAIXA FIF ACOES PETROBRAS RESP LTDA,10/07/2000,"43,06610400","-1,606","-12,06","47,51","51,71","860,805",PF,PF | PJ | TODOS,https://www.caixa.gov.br/fundos-investimento/fundos-de-acoes/fi-acoes-petrobras,03.914.671/0001-56,48,Arrojado,1.5,0.01,D+1 (du),D+03 (du),https://www.caixa.gov.br/downloads/aplicacao-financeira-laminas/LA_0048.pdf,https://www.caixa.gov.br/downloads/aplicacao-financeira-regulamentos/RG_0048.pdf,https://www.caixa.gov.br/Downloads/aplicacao-financeira-inf-com/FIC_0048.pdf,https://www.caixa.gov.br/Downloads/aplicacao-financeira-comunicado-aos-cotistas/FR_0048.pdf,https://www.caixa.gov.br/Downloads/aplicacao-financeira-carta-mensal/CM_48.pdf
ACOES,CAIXA FIF ACOES INDEXA IAGRO RESP LTDA,CAIXA FIF ACOES INDEXA IAGRO RESP LTDA,14/06/2022,"0,87645700","-0,608","-4,62","-8,94","-18,10","2,966",PF,PF | PJ | RPPS,https://www.caixa.gov.br/fundos-investimento/fundos-de-acoes/fia-caixa-indexa-iagro/Paginas/default.aspx,45.443.601/0001-07,6620,Arrojado,0.8,0.01,D+1 (du),D+03 (du),https://www.caixa.gov.br/downloads/aplicacao-financeira-laminas/LA_6620.pdf,https://www.caixa.gov.br/downloads/aplicacao-financeira-regulamentos/RG_6620.pdf,https://www.caixa.gov.br/Downloads/aplicacao-financeira-inf-com/FIC_6620.pdf,https://www.caixa.gov.br/Downloads/aplicacao-financeira-comunicado-aos-cotistas/COM_6620.pdf,https://www.caixa.gov.br/Downloads/aplicacao-financeira-carta-mensal/CM_6620.pdf
ACOES,CAIXA FIC FIF ACOES COMPROMISSO BDR NIVEL I RESP LTDA,CAIXA FIC FIF ACOES COMPROMISSO BDR NIVEL I RESP LTDA,05/11/2021,"1,20739200","0,311","0,83","-0,22","13,89","3,883",PF,PF | PJ | RPPS,http://www.caixa.gov.br/fundos-investimento/fundos-de-acoes/FIA-Institucional-BDR-nivel-I/Paginas/default.aspx,43.760.251/0001-87,6593,Arrojado,1.0,0.01,D+1 (du),D+03 (du),https://www.caixa.gov.br/downloads/aplicacao-financeira-laminas/LA_6593.pdf,https://www.caixa.gov.br/downloads/aplicacao-financeira-regulamentos/RG_6593.pdf,https://www.caixa.gov.br/Downloads/aplicacao-financeira-inf-com/FIC_6593.pdf,https://www.caixa.gov.br/Downloads/aplicacao-financeira-comunicado-aos-cotistas/COM_6593.pdf,https://www.caixa.gov.br/Downloads/aplicacao-financeira-carta-mensal/CM_6593.pdf
ACOES,CAIXA SEGURIDADE II FIF ACOES - RESP LTDA,CAIXA SEGURIDADE II FIF ACOES - RESP LTDA,24/03/2025,"1,30745200","-0,906","-1,67","9,18","21,93","19,439",PF,PF | PJ,https://www.caixa.gov.br/fundos-investimento/fundos-de-acoes/fia-caixa-seguridade/Paginas/default.aspx,59.815.671/0001-53,7971,Arrojado,0.2,0.01,D+1 (du),D+03 (du),https://www.caixa.gov.br/Downloads/aplicacao-financeira-laminas-comerciais/LAC_7971.pdf,http://www.caixa.gov.br/downloads/aplicacao-financeira-regulamentos/RG_7971.pdf,http://www.caixa.gov.br/Downloads/aplicacao-financeira-inf-com/FIC_7971.pdf,http://www.caixa.gov.br/Downloads/aplicacao-financeira-comunicado-aos-cotistas/FR_7971.pdf,https://www.caixa.gov.br/Downloads/aplicacao-financeira-carta-mensal/CM_7971.pdf
ACOES,CAIXA FIF ACOES ELETROBRAS RESP LTDA,CAIXA FIF ACOES ELETROBRAS RESP LTDA,30/05/2022,"1,78146200","-1,732","-15,16","3,63","66,20","275,345",PF,PF | PJ | RPPS,https://www.caixa.gov.br/fundos-investimento/fundos-de-acoes/fia-caixa-eletrobras/Paginas/default.aspx,45.443.475/0001-90,6602,Arrojado,0.45,0.01,D+1 (du),D+03 (du),https://www.caixa.gov.br/downloads/aplicacao-financeira-laminas/LA_6602.pdf,https://www.caixa.gov.br/downloads/aplicacao-financeira-regulamentos/RG_6602.pdf,https://www.caixa.gov.br/Downloads/aplicacao-financeira-inf-com/FIC_6602.pdf,https://www.caixa.gov.br/Downloads/aplicacao-financeira-comunicado-aos-cotistas/COM_6602.pdf,https://www.caixa.gov.br/Downloads/aplicacao-financeira-carta-mensal/CM_6602.pdf
ACOES,CAIXA FIC ACOES EXPERT VERDE AM LONG BIAS - RESP LTDA,CAIXA FIC ACOES EXPERT VERDE AM LONG BIAS - RESP LTDA,05/10/2020,"1.010,25138700","-0,003","-5,58","3,04","18,25","7,969",PF,PF | PJ | TODOS,https://www.caixa.gov.br/fundos-investimento/fundos-de-acoes/CAIXA-Expert-Verde-Am-Long-Bias-FIC-Acoes/Paginas/default.aspx,30.068.071/0001-97,6994,Arrojado,0.7,10000.0,D+22 (du),D+24 (du),https://www.caixa.gov.br/downloads/aplicacao-financeira-laminas/LA_6994.pdf,https://www.caixa.gov.br/downloads/aplicacao-financeira-regulamentos/RG_6994.pdf,https://www.caixa.gov.br/Downloads/aplicacao-financeira-inf-com/FIC_6994.pdf,https://www.caixa.gov.br/Downloads/aplicacao-financeira-comunicado-aos-cotistas/FR_6994.pdf,https://www.caixa.gov.br/Downloads/aplicacao-financeira-carta-mensal/CM_6994.pdf
ACOES,CAIXA EXPERT CLARITAS VALOR FIC FIF AÇÕES - RESP LTDA,CAIXA EXPERT CLARITAS VALOR FIC FIF ACOES - RESP LTDA,19/10/2020,"1.520,14123300","-0,003","-5,50","1,62","13,31","22,121",PF,GOV | PF | PJ | RPPS | TODOS,https://www.caixa.gov.br/fundos-investimento/fundos-de-acoes/caixa-expert-claritas-valor-fic-acoes/Paginas/default.aspx,30.068.060/0001-07,6397,Arrojado,0.6,10000.0,D+23 (du),D+25 (du),https://www.caixa.gov.br/downloads/aplicacao-financeira-laminas/LA_6397.pdf,https://www.caixa.gov.br/downloads/aplicacao-financeira-regulamentos/RG_6397.pdf,https://www.caixa.gov.br/Downloads/aplicacao-financeira-inf-com/FIC_6397.pdf,https://www.caixa.gov.br/Downloads/aplicacao-financeira-comunicado-aos-cotistas/COM_6397.pdf,https://www.caixa.gov.br/Downloads/aplicacao-financeira-carta-mensal/CM_6397.pdf
FUNDO DE INDICE,CAIXA ETF IBOVESPA FUNDO DE ÍNDICE RESP LTDA,CAIXA ETF IBOVESPA FUNDO DE INDICE RESP LTDA,12/11/2012,"171,43867441","-0,471","-6,08","8,79","25,41","42,861",PF,PF | TODOS,https://www.caixa.gov.br/fundos-investimento/fundos-de-indices/etf-ibovespa-fundo-de-indice/,,,,,,,,,,,,
FUNDOS MUTUOS DE PRIVATIZACAO,CAIXA FMP-FGTS ELETROBRAS MIGRACAO,CAIXA FMP-FGTS ELETROBRAS MIGRACAO,09/06/2022,"1,82015400","-1,732","-15,17","3,66","66,47","4,980",PF,PF,https://www.caixa.gov.br/fundos-investimento/mutuos-privatizacao/fmp-fgts-eletrobras-migracao,45.443.366/0001-73,6601,Arrojado,0.2,200.0,D+1 (du),D+05 (du),https://www.caixa.gov.br/Downloads/aplicacao-financeira-laminas-comerciais/LAC_6601.pdf,https://www.caixa.gov.br/downloads/aplicacao-financeira-regulamentos/RG_6601.pdf,https://www.caixa.gov.br/Downloads/aplicacao-financeira-inf-com/FIC_6601.pdf,https://www.caixa.gov.br/Downloads/aplicacao-financeira-comunicado-aos-cotistas/COM_6601.pdf,https://www.caixa.gov.br/Downloads/aplicacao-financeira-carta-mensal/CM_6601.pdf
FUNDOS MUTUOS DE PRIVATIZACAO,CAIXA FMP-FGTS ELETROBRAS RESP LTDA,CAIXA FMP-FGTS ELETROBRAS RESP LTDA,14/06/2022,"1,77482900","-1,751","-15,24","3,67","66,50","1.621,362",PF,PF,https://www.caixa.gov.br/fundos-investimento/mutuos-privatizacao/fmp-fgts-eletrobras,45.160.183/0001-40,6600,Arrojado,0.2,200.0,D+1 (du),D+05 (du),https://www.caixa.gov.br/Downloads/aplicacao-financeira-laminas-comerciais/LAC_6600.pdf,https://www.caixa.gov.br/downloads/aplicacao-financeira-regulamentos/RG_6600.pdf,https://www.caixa.gov.br/Downloads/aplicacao-financeira-inf-com/FIC_6600.pdf,https://www.caixa.gov.br/Downloads/aplicacao-financeira-comunicado-aos-cotistas/COM_6600.pdf,https://www.caixa.gov.br/Downloads/aplicacao-financeira-carta-mensal/CM_6600.pdf
FUNDOS MUTUOS DE PRIVATIZACAO,CAIXA FMP-FGTS PETROBRÁS IV RESP LTDA,CAIXA FMP-FGTS PETROBRAS IV RESP LTDA,17/08/2000,"47,90709400","-1,608","-12,03","47,91","52,59","693,038",PF,PF,https://www.caixa.gov.br/fundos-investimento/mutuos-privatizacao/fmp-fgts-petrobas-4,03.555.959/0001-81,5204,Arrojado,0.95,300.0,D+1 (du),D+05 (du),https://www.caixa.gov.br/Downloads/aplicacao-financeira-laminas-comerciais/LAC_5204.pdf,https://www.caixa.gov.br/downloads/aplicacao-financeira-regulamentos/RG_5204.pdf,https://www.caixa.gov.br/Downloads/aplicacao-financeira-inf-com/FIC_5204.pdf,https://www.caixa.gov.br/Downloads/aplicacao-financeira-comunicado-aos-cotistas/COM_5204.pdf,https://www.caixa.gov.br/Downloads/aplicacao-financeira-carta-mensal/CM_5204.pdf
FUNDOS MUTUOS DE PRIVATIZACAO,CAIXA FMP-FGTS VALE RIO DOCE II RESP LTDA,CAIXA FMP-FGTS VALE RIO DOCE II RESP LTDA,27/03/2002,"43,76866400","0,450","2,68","14,59","64,75","792,723",PF,PF,http://www.caixa.gov.br/fundos-investimento/mutuos-privatizacao/fmp-fgts-vale-do-rio-doce-2,04.885.824/0001-47,5206,Arrojado,1.4,10000.0,D+1 (du),D+05 (du),https://www.caixa.gov.br/Downloads/aplicacao-financeira-laminas-comerciais/LAC_5206.pdf,https://www.caixa.gov.br/downloads/aplicacao-financeira-regulamentos/RG_5206.pdf,https://www.caixa.gov.br/Downloads/aplicacao-financeira-inf-com/FIC_5206.pdf,https://www.caixa.gov.br/Downloads/aplicacao-financeira-comunicado-aos-cotistas/FR_5206.pdf,https://www.caixa.gov.br/Downloads/aplicacao-financeira-carta-mensal/CM_5206.pdf
FUNDOS MUTUOS DE PRIVATIZACAO,CAIXA FMP-FGTS CL ABSOLUTO RESP LTDA,CAIXA FMP-FGTS CL ABSOLUTO RESP LTDA,24/08/2001,"16,68958100","-0,215","-5,88","-1,04","14,96","115,429",PF,PF,https://www.caixa.gov.br/fundos-investimento/mutuos-privatizacao/fmp-fgts-cl-absoluto,04.602.186/0001-00,5251,Arrojado,1.9,0.01,D+1 (du),D+05 (du),https://www.caixa.gov.br/Downloads/aplicacao-financeira-laminas-comerciais/LAC_5251.pdf,https://www.caixa.gov.br/downloads/aplicacao-financeira-regulamentos/RG_5251.pdf,https://www.caixa.gov.br/Downloads/aplicacao-financeira-inf-com/FIC_5251.pdf,https://www.caixa.gov.br/Downloads/aplicacao-financeira-comunicado-aos-cotistas/COM_5251.pdf,https://www.caixa.gov.br/Downloads/aplicacao-financeira-carta-mensal/CM_5251.pdf
FUNDOS MUTUOS DE PRIVATIZACAO,CAIXA FMP-FGTS VALE RIO DOCE MIGRAÇÃO RESP LTDA,CAIXA FMP-FGTS VALE RIO DOCE MIGRACAO RESP LTDA,26/02/2002,"36,69751400","0,447","2,62","14,36","63,58","11,986",PF,PF,http://www.caixa.gov.br/fundos-investimento/mutuos-privatizacao/fmp-fgts-vale-do-rio-doce-migracao,04.885.832/0001-93,5253,Arrojado,1.9,0.01,D+1 (du),D+05 (du),https://www.caixa.gov.br/Downloads/aplicacao-financeira-laminas-comerciais/LAC_5253.pdf,https://www.caixa.gov.br/downloads/aplicacao-financeira-regulamentos/RG_5253.pdf,https://www.caixa.gov.br/Downloads/aplicacao-financeira-inf-com/FIC_5253.pdf,https://www.caixa.gov.br/Downloads/aplicacao-financeira-comunicado-aos-cotistas/FR_5253.pdf,https://www.caixa.gov.br/Downloads/aplicacao-financeira-carta-mensal/CM_5253.pdf
FUNDOS MUTUOS DE PRIVATIZACAO,CAIXA FMP-FGTS PETROBRÁS II RESP LTDA,CAIXA FMP-FGTS PETROBRAS II RESP LTDA,17/08/2000,"42,32924100","-1,605","-12,06","47,64","51,88","600,094",PF,PF,http://www.caixa.gov.br/fundos-investimento/mutuos-privatizacao/fmp-fgts-petrobas-2,03.915.910/0001-92,5202,Arrojado,1.4,0.01,D+1 (du),D+05 (du),https://www.caixa.gov.br/Downloads/aplicacao-financeira-laminas-comerciais/LAC_5202.pdf,https://www.caixa.gov.br/downloads/aplicacao-financeira-regulamentos/RG_5202.pdf,https://www.caixa.gov.br/Downloads/aplicacao-financeira-inf-com/FIC_5202.pdf,https://www.caixa.gov.br/Downloads/aplicacao-financeira-comunicado-aos-cotistas/COM_5202.pdf,https://www.caixa.gov.br/Downloads/aplicacao-financeira-carta-mensal/CM_5202.pdf
FUNDOS MUTUOS DE PRIVATIZACAO,CAIXA FMP-FGTS VALE RIO DOCE I RESP LTDA,CAIXA FMP-FGTS VALE RIO DOCE I RESP LTDA,27/03/2002,"37,68537500","0,449","2,64","14,36","63,87","474,680",PF,PF,http://www.caixa.gov.br/fundos-investimento/mutuos-privatizacao/fmp-fgts-vale-do-rio-doce-2,04.885.824/0001-47,5206,Arrojado,1.4,10000.0,D+1 (du),D+05 (du),https://www.caixa.gov.br/Downloads/aplicacao-financeira-laminas-comerciais/LAC_5206.pdf,https://www.caixa.gov.br/downloads/aplicacao-financeira-regulamentos/RG_5206.pdf,https://www.caixa.gov.br/Downloads/aplicacao-financeira-inf-com/FIC_5206.pdf,https://www.caixa.gov.br/Downloads/aplicacao-financeira-comunicado-aos-cotistas/FR_5206.pdf,https://www.caixa.gov.br/Downloads/aplicacao-financeira-carta-mensal/CM_5206.pdf
FUNDOS MUTUOS DE PRIVATIZACAO,CAIXA FMP-FGTS PETROBRÁS III RESP LTDA,CAIXA FMP-FGTS PETROBRAS III RESP LTDA,17/08/2000,"45,00800600","-1,604","-12,04","47,80","52,23","690,870",PF,PF,http://www.caixa.gov.br/fundos-investimento/mutuos-privatizacao/fmp-fgts-petrobas-3,03.915.903/0001-90,5203,Arrojado,1.2,10000.0,D+1 (du),D+05 (du),https://www.caixa.gov.br/Downloads/aplicacao-financeira-laminas-comerciais/LAC_5203.pdf,https://www.caixa.gov.br/downloads/aplicacao-financeira-regulamentos/RG_5203.pdf,https://www.caixa.gov.br/Downloads/aplicacao-financeira-inf-com/FIC_5203.pdf,https://www.caixa.gov.br/Downloads/aplicacao-financeira-comunicado-aos-cotistas/COM_5203.pdf,https://www.caixa.gov.br/Downloads/aplicacao-financeira-carta-mensal/CM_5203.pdf
RENDA FIXA SIMPLES,CAIXA AZULZINHA FIC FIF RF SIMPLES - RESP LTDA,CAIXA AZULZINHA FIC FIF RF SIMPLES - RESP LTDA,13/06/2025,"1,12180200","0,047","0,84","4,85","0,00","55,285",PJ,PJ,http://site.extra.caixa.gov.br/fundos-investimento/fundo-simples/fic-azulzinha-rf-simples/Paginas/default.aspx,61.160.298/0001-91,7972,Conservador,1.3,0.01,D+0 (du),D+00 (du),https://www.caixa.gov.br/Downloads/aplicacao-financeira-laminas-comerciais/LAC_7972.pdf,http://www.caixa.gov.br/downloads/aplicacao-financeira-regulamentos/RG_7972.pdf,http://www.caixa.gov.br/Downloads/aplicacao-financeira-inf-com/FIC_7972.pdf,https://www.caixa.gov.br/Downloads/aplicacao-financeira-comunicado-aos-cotistas/COM_7972.pdf,https://www.caixa.gov.br/Downloads/aplicacao-financeira-carta-mensal/CM_7972.pdf
RENDA FIXA SIMPLES,CAIXA FIC FIF AMETISTA CORP RF SIMPLES RESP LTDA,CAIXA FIC FIF AMETISTA CORP RF SIMPLES RESP LTDA,12/07/2023,"1,35382500","0,047","0,85","4,90","13,04","210,407",PJ,PJ,https://www.caixa.gov.br/fundos-investimento/fundo-simples/fic-ametista-corporativo-rf-simples/Paginas/default.aspx,,,,,,,,,,,,
RENDA FIXA,CAIXA FIC FIF EQUILIBRIO MPE RF LP RESP LTDA,CAIXA FIC FIF EQUILIBRIO MPE RF LP RESP LTDA,05/07/2006,"5,86975800","0,045","0,94","5,22","13,96","41,527",PJ,PJ | TODOS,https://www.caixa.gov.br/fundos-investimento/renda-fixa/caixa-equilibrio-mpe-rf-lp/,07.986.172/0001-25,5405,Moderado,1.0,1000.0,D+0 (du),D+00 (du),https://www.caixa.gov.br/downloads/aplicacao-financeira-laminas/LA_5405.pdf,https://www.caixa.gov.br/downloads/aplicacao-financeira-regulamentos/RG_5405.pdf,https://www.caixa.gov.br/Downloads/aplicacao-financeira-inf-com/FIC_5405.pdf,https://www.caixa.gov.br/Downloads/aplicacao-financeira-comunicado-aos-cotistas/FR_5405.pdf,https://www.caixa.gov.br/Downloads/aplicacao-financeira-carta-mensal/CM_5405.pdf
RENDA FIXA,CAIXA FIF SAUDE SUPLEMENTAR ANS RF LP - RESP LTDA,CAIXA FIF SAUDE SUPLEMENTAR ANS RF LP - RESP LTDA,15/07/2008,"5,10883500","0,052","0,94","5,46","14,51","790,388",PJ,PJ | TODOS,https://www.caixa.gov.br/fundos-investimento/renda-fixa/fi-saude-suplementar-anf-rf,09.181.268/0001-41,5080,Conservador,0.35,1000.0,D+0 (du),D+00 (du),https://www.caixa.gov.br/downloads/aplicacao-financeira-laminas/LA_5080.pdf,https://www.caixa.gov.br/downloads/aplicacao-financeira-regulamentos/RG_5080.pdf,https://www.caixa.gov.br/Downloads/aplicacao-financeira-inf-com/FIC_5080.pdf,https://www.caixa.gov.br/Downloads/aplicacao-financeira-comunicado-aos-cotistas/COM_5080.pdf,https://www.caixa.gov.br/Downloads/aplicacao-financeira-carta-mensal/CM_5080.pdf
RENDA FIXA,CAIXA FIC FIF TITULO PUBLICO MPE RF LP RESP LTDA,CAIXA FIC FIF TITULO PUBLICO MPE RF LP RESP LTDA,05/10/2012,"3,20956300","0,051","0,92","5,31","13,83","18,758",PJ,PJ | TODOS,https://www.caixa.gov.br/fundos-investimento/renda-fixa/caixa-fic-tp-mpe-rf-lp/,15.154.429/0001-00,5833,Conservador,0.5,1000.0,D+0 (du),D+00 (du),https://www.caixa.gov.br/downloads/aplicacao-financeira-laminas/LA_5833.pdf,https://www.caixa.gov.br/downloads/aplicacao-financeira-regulamentos/RG_5833.pdf,https://www.caixa.gov.br/Downloads/aplicacao-financeira-inf-com/FIC_5833.pdf,https://www.caixa.gov.br/Downloads/aplicacao-financeira-comunicado-aos-cotistas/FR_5833.pdf,https://www.caixa.gov.br/Downloads/aplicacao-financeira-carta-mensal/CM_5833.pdf
RENDA FIXA,CAIXA FIC FIF PATRIMONIO IND.DE PRECOS RF LP RESP LTDA,CAIXA FIC FIF PATRIMONIO IND.DE PRECOS RF LP RESP LTDA,03/01/2000,"23,75441000","0,056","0,94","6,10","11,83","95,002",PJ,PJ | TODOS,https://www.caixa.gov.br/fundos-investimento/renda-fixa/fic-patrimonio-indice-precos-rf-longo-prazo,03.191.874/0001-61,46,Moderado,0.3,100000.0,D+3 (du),D+03 (du),https://www.caixa.gov.br/downloads/aplicacao-financeira-laminas/LA_0046.pdf,https://www.caixa.gov.br/downloads/aplicacao-financeira-regulamentos/RG_0046.pdf,https://www.caixa.gov.br/Downloads/aplicacao-financeira-inf-com/FIC_0046.pdf,https://www.caixa.gov.br/Downloads/aplicacao-financeira-comunicado-aos-cotistas/COM_46.pdf,https://www.caixa.gov.br/Downloads/aplicacao-financeira-carta-mensal/CM_46.pdf
RENDA FIXA,CAIXA GIRO EMPRESAS FIC FIF RF REF DI LP RESP LTDA,CAIXA GIRO EMPRESAS FIC FIF RF REF DI LP RESP LTDA,27/03/2013,"3,26408300","0,051","0,93","5,36","14,27","7.656,719",PJ,PJ,https://www.caixa.gov.br/fundos-investimento/referenciados/fic-giro-empresas-ref-di-longo-prazo/Paginas/default.aspx,16.916.063/0001-22,5901,Conservador,0.4,500000.0,D+0 (du),D+00 (du),https://www.caixa.gov.br/downloads/aplicacao-financeira-laminas/LA_5901.pdf,https://www.caixa.gov.br/downloads/aplicacao-financeira-regulamentos/RG_5901.pdf,https://www.caixa.gov.br/Downloads/aplicacao-financeira-inf-com/FIC_5901.pdf,https://www.caixa.gov.br/Downloads/aplicacao-financeira-comunicado-aos-cotistas/COM_5901.pdf,https://www.caixa.gov.br/Downloads/aplicacao-financeira-carta-mensal/CM_5901.pdf
RENDA FIXA,CAIXA FIF DIAMANTE CORP RF CRED PRIV LP - RESP LTDA,CAIXA FIF DIAMANTE CORP RF CRED PRIV LP - RESP LTDA,06/11/2019,"1.880,51828300","0,054","1,04","5,64","15,13","15.820,144",PJ,PJ | TODOS,https://www.caixa.gov.br/fundos-investimento/empresa/renda-fixa/credito-privado/caixa-fi-diamante-corporativo-rf-cred-priv-lp,29.157.520/0001-94,6445,Conservador,0.12,1000000.0,D+0 (du),D+00 (du),https://www.caixa.gov.br/Downloads/aplicacao-financeira-laminas-comerciais/LAC_6445.pdf,https://www.caixa.gov.br/downloads/aplicacao-financeira-regulamentos/RG_6445.pdf,https://www.caixa.gov.br/Downloads/aplicacao-financeira-inf-com/FIC_6445.pdf,https://www.caixa.gov.br/Downloads/aplicacao-financeira-comunicado-aos-cotistas/COM_6445.pdf,https://www.caixa.gov.br/Downloads/aplicacao-financeira-carta-mensal/CM_6445.pdf
RENDA FIXA,CAIXA FIF SAFIRA CORPORATIVO RF LP - RESP LTDA,CAIXA FIF SAFIRA CORPORATIVO RF LP - RESP LTDA,11/05/2009,"4,86620400","0,053","0,96","5,54","14,74","3.070,220",PJ,PJ,https://www.caixa.gov.br/fundos-investimento/renda-fixa/referenciados/fi-safira-corporativo-rf-lp,10.384.413/0001-70,5148,Conservador,0.1,1000000.0,D+0 (du),D+00 (du),https://www.caixa.gov.br/downloads/aplicacao-financeira-laminas/LA_5148.pdf,https://www.caixa.gov.br/downloads/aplicacao-financeira-regulamentos/RG_5148.pdf,https://www.caixa.gov.br/Downloads/aplicacao-financeira-inf-com/FIC_5148.pdf,https://www.caixa.gov.br/Downloads/aplicacao-financeira-comunicado-aos-cotistas/COM_5148.pdf,https://www.caixa.gov.br/Downloads/aplicacao-financeira-carta-mensal/CM_5148.pdf
RENDA FIXA,CAIXA FIC INST SOBERANO PLUS RF,CAIXA FIC INST SOBERANO PLUS RF,21/10/2022,"1,54488430","0,053","0,95","5,53","14,75","337,752",PJ,PJ,https://www.caixa.gov.br/fundos-investimento/renda-fixa/fic-institucional-soberano-plus-rf-lp/Paginas/default.aspx,42.196.029/0001-30,6606,Moderado,0.1,5000000.0,D+0 (du),D+00 (du),https://www.caixa.gov.br/downloads/aplicacao-financeira-laminas/LA_6606.pdf,https://www.caixa.gov.br/downloads/aplicacao-financeira-regulamentos/RG_6606.pdf,https://www.caixa.gov.br/Downloads/aplicacao-financeira-inf-com/FIC_6606.pdf,https://www.caixa.gov.br/Downloads/aplicacao-financeira-comunicado-aos-cotistas/COM_6606.pdf,https://www.caixa.gov.br/Downloads/aplicacao-financeira-carta-mensal/CM_6606.pdf
RENDA FIXA,CAIXA FIF SAUDE SUPLEMENTAR ANS II RF LP - RESP LTDA,CAIXA FIF SAUDE SUPLEMENTAR ANS II RF LP - RESP LTDA,04/12/2008,"5,11036300","0,053","0,96","5,56","14,79","284,846",PJ,PJ | TODOS,https://www.caixa.gov.br/fundos-investimento/renda-fixa/fi-saude-suplementar-ans-ii-rf-longo-prazo,09.548.725/0001-93,5132,Conservador,0.07,10000000.0,D+0 (du),D+00 (du),https://www.caixa.gov.br/Downloads/aplicacao-financeira-laminas-comerciais/LAC_5132.pdf,https://www.caixa.gov.br/downloads/aplicacao-financeira-regulamentos/RG_5132.pdf,https://www.caixa.gov.br/Downloads/aplicacao-financeira-inf-com/FIC_5132.pdf,https://www.caixa.gov.br/Downloads/aplicacao-financeira-comunicado-aos-cotistas/COM_5132.pdf,https://www.caixa.gov.br/Downloads/aplicacao-financeira-carta-mensal/CM_5132.pdf
RENDA FIXA,CAIXA FIF CNI RF LP - RESP LTDA,CAIXA FIF CNI RF LP - RESP LTDA,26/01/2005,"8,68749800","0,053","0,96","5,49","14,72","4.013,124",PJ,PJ | TODOS,https://www.caixa.gov.br/fundos-investimento/empresa/renda-fixa/fi-cni-rf-longo-prazo/Paginas/default.aspx,05.164.366/0001-10,5066,Moderado,0.07,1.0,D+0 (du),D+00 (du),https://www.caixa.gov.br/Downloads/aplicacao-financeira-laminas-comerciais/LAC_5066.pdf,https://www.caixa.gov.br/downloads/aplicacao-financeira-regulamentos/RG_5066.pdf,https://www.caixa.gov.br/Downloads/aplicacao-financeira-inf-com/FIC_5066.pdf,https://www.caixa.gov.br/Downloads/aplicacao-financeira-comunicado-aos-cotistas/COM_5066.pdf,https://www.caixa.gov.br/Downloads/aplicacao-financeira-carta-mensal/CM_5066.pdf
RENDA FIXA,CAIXA FIF SEBRAE RF LP RESP LTDA,CAIXA FIF SEBRAE RF LP RESP LTDA,22/12/2000,"17,86895400","0,054","0,96","5,54","14,80","4.782,507",PJ,PJ | TODOS,https://www.caixa.gov.br/fundos-investimento/empresa/renda-fixa/fi-sebrae-rf-longo-prazo/Paginas/default.aspx,03.737.227/0001-02,5053,Moderado,,0.01,D+0 (du),D+01 (du),https://www.caixa.gov.br/downloads/aplicacao-financeira-laminas/LA_5053.pdf,https://www.caixa.gov.br/downloads/aplicacao-financeira-regulamentos/RG_5053.pdf,https://www.caixa.gov.br/Downloads/aplicacao-financeira-inf-com/FIC_5053.pdf,https://www.caixa.gov.br/Downloads/aplicacao-financeira-comunicado-aos-cotistas/COM_5053.pdf,https://www.caixa.gov.br/Downloads/aplicacao-financeira-carta-mensal/CM_5053.pdf
RENDA FIXA REFERENCIADO,CAIXA FIC FIF GIRO MPE REF DI LP RESP LTDA,CAIXA FIC FIF GIRO MPE REF DI LP RESP LTDA,09/09/2013,"2,81804700","0,047","0,86","4,99","13,25","13.409,932",PJ,PJ,https://www.caixa.gov.br/fundos-investimento/referenciados/fic-giro-mpe-ref-di-longo-prazo/Paginas/default.aspx,10.551.370/0001-70,5948,Conservador,1.3,1000.0,D+0 (du),D+00 (du),https://www.caixa.gov.br/downloads/aplicacao-financeira-laminas/LA_5948.pdf,https://www.caixa.gov.br/downloads/aplicacao-financeira-regulamentos/RG_5948.pdf,https://www.caixa.gov.br/Downloads/aplicacao-financeira-inf-com/FIC_5948.pdf,https://www.caixa.gov.br/Downloads/aplicacao-financeira-comunicado-aos-cotistas/COM_5948.pdf,https://www.caixa.gov.br/Downloads/aplicacao-financeira-carta-mensal/CM_5948.pdf
RENDA FIXA REFERENCIADO,CAIXA FIF TOPAZIO CORP RF REFERENC DI - RESP LTDA,CAIXA FIF TOPAZIO CORP RF REFERENC DI - RESP LTDA,22/06/2010,"4,41653300","0,053","0,96","5,57","14,84","12.497,549",PJ,GOV | PJ | RPPS,https://www.caixa.gov.br/fundos-investimento/renda-fixa/referenciados/fic-topazio-rf-ref-di-lp/Paginas/default.aspx,11.061.230/0001-87,5189,Conservador,0.1,1000000.0,D+0 (du),D+00 (du),https://www.caixa.gov.br/downloads/aplicacao-financeira-laminas/LA_5189.pdf,https://www.caixa.gov.br/downloads/aplicacao-financeira-regulamentos/RG_5189.pdf,https://www.caixa.gov.br/Downloads/aplicacao-financeira-inf-com/FIC_5189.pdf,https://www.caixa.gov.br/Downloads/aplicacao-financeira-comunicado-aos-cotistas/COM_5189.pdf,https://www.caixa.gov.br/Downloads/aplicacao-financeira-carta-mensal/CM_5189.pdf
RENDA FIXA REFERENCIADO,CAIXA FIC ESMERALDA CORP RF REF DI CRED PRIV LP - RESP LTDA,CAIXA FIC ESMERALDA CORP RF REF DI CRED PRIV LP - RESP LTDA,03/11/2023,"1,37035500","0,056","0,98","5,63","15,06","3.607,336",PJ,PJ,https://www.caixa.gov.br/fundos-investimento/referenciados/fic-esmeralda-corp-ref-di/Paginas/default.aspx,52.699.555/0001-77,6996,Conservador,0.12,1000000.0,D+0 (du),D+00 (du),https://www.caixa.gov.br/downloads/aplicacao-financeira-laminas/LA_6996.pdf,https://www.caixa.gov.br/downloads/aplicacao-financeira-regulamentos/RG_6996.pdf,https://www.caixa.gov.br/Downloads/aplicacao-financeira-inf-com/FIC_6996.pdf,https://www.caixa.gov.br/Downloads/aplicacao-financeira-comunicado-aos-cotistas/COM_6996.pdf,https://www.caixa.gov.br/Downloads/aplicacao-financeira-carta-mensal/CM_6996.pdf
RENDA FIXA CURTO PRAZO,CAIXA FIC FIF TURQUESA CORPORATIVO RF CP RESP LTDA,CAIXA FIC FIF TURQUESA CORPORATIVO RF CP RESP LTDA,01/10/2020,"1.767,69355600","0,052","0,95","5,48","14,65","1.432,367",PJ,PJ | TODOS,https://www.caixa.gov.br/fundos-investimento/voce/renda-fixa/fic-turquesa-corporativo-curto-prazo,30.068.141/0001-07,5946,Conservador,0.1,3000000.0,D+0 (du),D+00 (du),https://www.caixa.gov.br/downloads/aplicacao-financeira-laminas/LA_5946.pdf,https://www.caixa.gov.br/downloads/aplicacao-financeira-regulamentos/RG_5946.pdf,https://www.caixa.gov.br/Downloads/aplicacao-financeira-inf-com/FIC_5946.pdf,https://www.caixa.gov.br/Downloads/aplicacao-financeira-comunicado-aos-cotistas/COM_5946.pdf,https://www.caixa.gov.br/Downloads/aplicacao-financeira-carta-mensal/CM_5946.pdf
RENDA FIXA CURTO PRAZO,CAIXA FIC FIF AUTOMATICO POLIS RF CURTO PRAZO RESP LTDA,CAIXA FIC FIF AUTOMATICO POLIS RF CURTO PRAZO RESP LTDA,13/06/2023,"1,30513300","0,042","0,77","4,48","11,62","33.599,489",GOV,GOV,https://www.caixa.gov.br/fundos-investimento/curto-prazo/fic-automatico-polis-rf-cp/Paginas/default.aspx,50.803.936/0001-29,7869,Conservador,1.7,0.01,D+0 (du),D+00 (du),https://www.caixa.gov.br/downloads/aplicacao-financeira-laminas/LA_7869.pdf,https://www.caixa.gov.br/downloads/aplicacao-financeira-regulamentos/RG_7869.pdf,https://www.caixa.gov.br/Downloads/aplicacao-financeira-inf-com/FIC_7869.pdf,https://www.caixa.gov.br/Downloads/aplicacao-financeira-comunicado-aos-cotistas/COM_7869.pdf,https://www.caixa.gov.br/Downloads/aplicacao-financeira-carta-mensal/CM_7869.pdf
RENDA FIXA CURTO PRAZO,CAIXA FIC FIF PRÁTICO RF CURTO PRAZO RESP LTDA,CAIXA FIC FIF PRATICO RF CURTO PRAZO RESP LTDA,02/10/1995,"9,38151500","0,045","0,83","4,81","12,51","2.914,312",GOV,GOV | TODOS,https://www.caixa.gov.br/fundos-investimento/curto-prazo/fic-pratico-curto-prazo,00.834.074/0001-23,55,Conservador,1.7,0.01,D+0 (du),D+00 (du),https://www.caixa.gov.br/downloads/aplicacao-financeira-laminas/LA_0055.pdf,https://www.caixa.gov.br/downloads/aplicacao-financeira-regulamentos/RG_0055.pdf,https://www.caixa.gov.br/Downloads/aplicacao-financeira-inf-com/FIC_0055.pdf,https://www.caixa.gov.br/Downloads/aplicacao-financeira-comunicado-aos-cotistas/FR_0055.pdf,https://www.caixa.gov.br/Downloads/aplicacao-financeira-carta-mensal/CM_55.pdf
RENDA FIXA CURTO PRAZO,CAIXA FIC FIF TRANSFERÊNCIA VOLUNTÁRIA RF CP RESP LTDA,CAIXA FIC FIF TRANSFERENCIA VOLUNTARIA RF CP RESP LTDA,16/10/2012,"2,47071500","0,045","0,82","4,80","12,51","16.583,962",GOV,GOV | TODOS,https://www.caixa.gov.br/fundos-investimento/curto-prazo/fic-transferencias-voluntarias-curto-prazo,,,,,,,,,,,,
RENDA FIXA,CAIXA FIF BRASIL MATRIZ RF RESP LTDA,CAIXA FIF BRASIL MATRIZ RF RESP LTDA,17/12/2015,"2,59958400","0,051","0,99","5,55","14,81","9.345,350",RPPS,RPPS,https://www.caixa.gov.br/fundos-investimento/renda-fixa/fi-brasil-matriz-rf/Paginas/default.aspx,23.215.008/0001-70,5982,Conservador,0.2,0.01,D+0 (du),D+00 (du),https://www.caixa.gov.br/downloads/aplicacao-financeira-laminas/LA_5982.pdf,https://www.caixa.gov.br/downloads/aplicacao-financeira-regulamentos/RG_5982.pdf,https://www.caixa.gov.br/Downloads/aplicacao-financeira-inf-com/FIC_5982.pdf,https://www.caixa.gov.br/Downloads/aplicacao-financeira-comunicado-aos-cotistas/COM_5982.pdf,https://www.caixa.gov.br/Downloads/aplicacao-financeira-carta-mensal/CM_5982.pdf
RENDA FIXA,CAIXA FIC FIF BRASIL GESTÃO ESTRATÉGICA RF RESP LTDA,CAIXA FIC FIF BRASIL GESTAO ESTRATEGICA RF RESP LTDA,04/11/2016,"2,40447700","0,024","0,75","4,40","12,68","3.694,710",RPPS,RPPS | TODOS,https://www.caixa.gov.br/fundos-investimento/renda-fixa/caixa-fic-brasil-gestao-estrategica-rf,23.215.097/0001-55,5993,Moderado,0.4,0.01,D+0 (du),D+00 (du),https://www.caixa.gov.br/downloads/aplicacao-financeira-laminas/LA_5993.pdf,https://www.caixa.gov.br/downloads/aplicacao-financeira-regulamentos/RG_5993.pdf,https://www.caixa.gov.br/Downloads/aplicacao-financeira-inf-com/FIC_5993.pdf,https://www.caixa.gov.br/Downloads/aplicacao-financeira-comunicado-aos-cotistas/COM_5993.pdf,https://www.caixa.gov.br/Downloads/aplicacao-financeira-carta-mensal/CM_5993.pdf
RENDA FIXA,CAIXA BRASIL INFLAÇÃO ATIVA FIF RF CRED PRIV RESP LTDA,CAIXA BRASIL INFLACAO ATIVA FIF RF CRED PRIV RESP LTDA,17/04/2015,"2,98721600","0,036","0,96","5,93","11,85","41,828",RPPS,RPPS | TODOS,https://www.caixa.gov.br/fundos-investimento/renda-fixa/brasil-IPCA,21.918.896/0001-62,5975,Moderado,0.2,0.01,D+0 (du),D+00 (du),https://www.caixa.gov.br/downloads/aplicacao-financeira-laminas/LA_5975.pdf,https://www.caixa.gov.br/downloads/aplicacao-financeira-regulamentos/RG_5975.pdf,https://www.caixa.gov.br/Downloads/aplicacao-financeira-inf-com/FIC_5975.pdf,https://www.caixa.gov.br/Downloads/aplicacao-financeira-comunicado-aos-cotistas/FR_5975.pdf,https://www.caixa.gov.br/Downloads/aplicacao-financeira-carta-mensal/CM_5975.pdf
RENDA FIXA,CAIXA FIC FIF BRASIL RENDA FIXA ATIVA LP RESP LTDA,CAIXA FIC FIF BRASIL RENDA FIXA ATIVA LP RESP LTDA,15/04/2020,"1.640,31984700","0,038","0,84","4,51","11,47","460,136",RPPS,RPPS,https://www.caixa.gov.br/fundos-investimento/renda-fixa/brasil-IPCA/Paginas/default.aspx,35.536.532/0001-22,6481,Moderado,0.4,0.01,D+0 (du),D+01 (du),https://www.caixa.gov.br/downloads/aplicacao-financeira-laminas/LA_6481.pdf,https://www.caixa.gov.br/downloads/aplicacao-financeira-regulamentos/RG_6481.pdf,https://www.caixa.gov.br/Downloads/aplicacao-financeira-inf-com/FIC_6481.pdf,https://www.caixa.gov.br/Downloads/aplicacao-financeira-comunicado-aos-cotistas/COM_6481.pdf,https://www.caixa.gov.br/Downloads/aplicacao-financeira-carta-mensal/CM_6481.pdf
RENDA FIXA,CAIXA FI BRASIL IRF-M 1 TP RF,CAIXA FI BRASIL IRF-M 1 TP RF,28/05/2010,"4,46617600","0,050","0,95","5,25","14,22","11.001,217",RPPS,RPPS | TODOS,https://www.caixa.gov.br/fundos-investimento/renda-fixa/fi-brasil-irfm-1-titulos-publicos-rf,10.740.670/0001-06,5464,Conservador,0.2,0.01,D+0 (du),D+00 (du),https://www.caixa.gov.br/downloads/aplicacao-financeira-laminas/LA_5464.pdf,https://www.caixa.gov.br/downloads/aplicacao-financeira-regulamentos/RG_5464.pdf,https://www.caixa.gov.br/Downloads/aplicacao-financeira-inf-com/FIC_5464.pdf,https://www.caixa.gov.br/Downloads/aplicacao-financeira-comunicado-aos-cotistas/COM_5464.pdf,https://www.caixa.gov.br/Downloads/aplicacao-financeira-carta-mensal/CM_5464.pdf
RENDA FIXA,CAIXA FIF BRASIL IDKA IPCA 2A TIT PUB RF LP RESP LTDA,CAIXA FIF BRASIL IDKA IPCA 2A TIT PUB RF LP RESP LTDA,16/08/2012,"3,82201900","0,020","1,01","6,17","12,24","2.984,945",RPPS,RPPS | TODOS,https://www.caixa.gov.br/fundos-investimento/renda-fixa/fi-brasil-idka-ipca-2a-rf-longo-prazo,,,,,,,,,,,,
RENDA FIXA,CAIXA FIF BRASIL IRF-M TP RF LP - RESP LTDA,CAIXA FIF BRASIL IRF-M TP RF LP - RESP LTDA,16/08/2012,"3,63284000","0,026","0,51","4,06","12,71","1.749,153",RPPS,RPPS | TODOS,https://www.caixa.gov.br/fundos-investimento/renda-fixa/brasil-irf-m-titulos-publicos-renda-fixa-longo-prazo,10.740.670/0001-06,5464,Conservador,0.2,0.01,D+0 (du),D+00 (du),https://www.caixa.gov.br/downloads/aplicacao-financeira-laminas/LA_5464.pdf,https://www.caixa.gov.br/downloads/aplicacao-financeira-regulamentos/RG_5464.pdf,https://www.caixa.gov.br/Downloads/aplicacao-financeira-inf-com/FIC_5464.pdf,https://www.caixa.gov.br/Downloads/aplicacao-financeira-comunicado-aos-cotistas/COM_5464.pdf,https://www.caixa.gov.br/Downloads/aplicacao-financeira-carta-mensal/CM_5464.pdf
RENDA FIXA,CAIXA FI BRASIL IMA-B TP RF LP,CAIXA FI BRASIL IMA-B TP RF LP,08/03/2010,"5,16595400","0,187","0,27","5,06","10,03","2.588,433",RPPS,RPPS | TODOS,https://www.caixa.gov.br/fundos-investimento/renda-fixa/fi-brasil-ima-b-titulos-rf-longo-prazo,10.740.658/0001-93,5184,Moderado,0.2,0.01,D+0 (du),D+00 (du),https://www.caixa.gov.br/downloads/aplicacao-financeira-laminas/LA_5184.pdf,https://www.caixa.gov.br/downloads/aplicacao-financeira-regulamentos/RG_5184.pdf,https://www.caixa.gov.br/Downloads/aplicacao-financeira-inf-com/FIC_5184.pdf,https://www.caixa.gov.br/Downloads/aplicacao-financeira-comunicado-aos-cotistas/COM_5184.pdf,https://www.caixa.gov.br/Downloads/aplicacao-financeira-carta-mensal/CM_5184.pdf
RENDA FIXA,CAIXA FIF BRASIL IMA-B 5 TP RF LP - RESP LTDA,CAIXA FIF BRASIL IMA-B 5 TP RF LP - RESP LTDA,09/07/2010,"5,18235100","0,050","0,94","6,15","12,01","5.439,775",RPPS,RPPS | TODOS,https://www.caixa.gov.br/fundos-investimento/renda-fixa/fi-brasil-ima-b-5-titulos-publicos-rf-longo-prazo,10.740.658/0001-93,5184,Moderado,0.2,0.01,D+0 (du),D+00 (du),https://www.caixa.gov.br/downloads/aplicacao-financeira-laminas/LA_5184.pdf,https://www.caixa.gov.br/downloads/aplicacao-financeira-regulamentos/RG_5184.pdf,https://www.caixa.gov.br/Downloads/aplicacao-financeira-inf-com/FIC_5184.pdf,https://www.caixa.gov.br/Downloads/aplicacao-financeira-comunicado-aos-cotistas/COM_5184.pdf,https://www.caixa.gov.br/Downloads/aplicacao-financeira-carta-mensal/CM_5184.pdf
RENDA FIXA,CAIXA FIF BRASIL IMA GERAL TP RF LP - RESP LTDA,CAIXA FIF BRASIL IMA GERAL TP RF LP - RESP LTDA,08/07/2010,"4,74418800","0,081","0,69","5,10","13,15","512,759",RPPS,RPPS | TODOS,https://www.caixa.gov.br/fundos-investimento/renda-fixa/fi-brasil-ima-geral-tp-rf-longo-prazo,11.061.217/0001-28,5188,Moderado,0.2,0.01,D+0 (du),D+00 (du),https://www.caixa.gov.br/downloads/aplicacao-financeira-laminas/LA_5188.pdf,https://www.caixa.gov.br/downloads/aplicacao-financeira-regulamentos/RG_5188.pdf,https://www.caixa.gov.br/Downloads/aplicacao-financeira-inf-com/FIC_5188.pdf,https://www.caixa.gov.br/Downloads/aplicacao-financeira-comunicado-aos-cotistas/COM_5188.pdf,https://www.caixa.gov.br/Downloads/aplicacao-financeira-carta-mensal/CM_5188.pdf
RENDA FIXA,CAIXA FIF RS TITULOS PUBLICOS RF LP - RESP LTDA,CAIXA FIF RS TITULOS PUBLICOS RF LP - RESP LTDA,18/07/2005,"7,92674500","0,052","0,95","5,49","14,59","167,532",RPPS,RPPS | TODOS,https://www.caixa.gov.br/fundos-investimento/renda-fixa/fi-rs-titulos-publicos-rf-longo-prazo,,,,,,,,,,,,
RENDA FIXA,CAIXA FIF BRASIL IMA-B 5+ TP RF LP - RESP LTDA,CAIXA FIF BRASIL IMA-B 5+ TP RF LP - RESP LTDA,18/04/2012,"3,47603800","0,289","-0,24","4,18","8,59","774,745",RPPS,RPPS | TODOS,https://www.caixa.gov.br/fundos-investimento/renda-fixa/fi-brasil-ima-b-5_mais-titulos-publicos-rf-lp/Paginas/default.aspx,10.740.658/0001-93,5184,Moderado,0.2,0.01,D+0 (du),D+00 (du),https://www.caixa.gov.br/downloads/aplicacao-financeira-laminas/LA_5184.pdf,https://www.caixa.gov.br/downloads/aplicacao-financeira-regulamentos/RG_5184.pdf,https://www.caixa.gov.br/Downloads/aplicacao-financeira-inf-com/FIC_5184.pdf,https://www.caixa.gov.br/Downloads/aplicacao-financeira-comunicado-aos-cotistas/COM_5184.pdf,https://www.caixa.gov.br/Downloads/aplicacao-financeira-carta-mensal/CM_5184.pdf
RENDA FIXA,CAIXA FI BRASIL IRF-M 1+ TP RF LP,CAIXA FI BRASIL IRF-M 1+ TP RF LP,11/05/2012,"3,76903800","0,017","0,34","3,64","12,09","720,447",RPPS,RPPS | TODOS,https://www.caixa.gov.br/fundos-investimento/renda-fixa/fi-brasil-irfm-1-titulos-publicos-rf-longo-prazo/,10.740.670/0001-06,5464,Conservador,0.2,0.01,D+0 (du),D+00 (du),https://www.caixa.gov.br/downloads/aplicacao-financeira-laminas/LA_5464.pdf,https://www.caixa.gov.br/downloads/aplicacao-financeira-regulamentos/RG_5464.pdf,https://www.caixa.gov.br/Downloads/aplicacao-financeira-inf-com/FIC_5464.pdf,https://www.caixa.gov.br/Downloads/aplicacao-financeira-comunicado-aos-cotistas/COM_5464.pdf,https://www.caixa.gov.br/Downloads/aplicacao-financeira-carta-mensal/CM_5464.pdf
RENDA FIXA,CAIXA FIF BRASIL TITULOS PUBLICOS RF LP - RESP LTDA,CAIXA FIF BRASIL TITULOS PUBLICOS RF LP - RESP LTDA,10/02/2006,"7,15396100","0,053","0,95","5,51","14,67","12.708,098",RPPS,RPPS | TODOS,https://www.caixa.gov.br/fundos-investimento/renda-fixa/fi-brasil-titulos-publicos-rf-longo-prazo,05.164.356/0001-84,5462,Conservador,0.2,0.01,D+0 (du),D+00 (du),https://www.caixa.gov.br/downloads/aplicacao-financeira-laminas/LA_5462.pdf,https://www.caixa.gov.br/downloads/aplicacao-financeira-regulamentos/RG_5462.pdf,https://www.caixa.gov.br/Downloads/aplicacao-financeira-inf-com/FIC_5462.pdf,https://www.caixa.gov.br/Downloads/aplicacao-financeira-comunicado-aos-cotistas/COM_5462.pdf,https://www.caixa.gov.br/Downloads/aplicacao-financeira-carta-mensal/CM_5462.pdf
RENDA FIXA,CAIXA FIF ALIANÇA TP RF CURTO PRAZO - RESP LTDA,CAIXA FIF ALIANCA TP RF CURTO PRAZO - RESP LTDA,01/11/2005,"7,47100400","0,052","0,94","5,45","14,55","5.165,152",RPPS,RPPS | TODOS,https://www.caixa.gov.br/fundos-investimento/renda-fixa/fic-alianca-rf,05.164.358/0001-73,5461,Conservador,0.2,0.01,D+0 (du),D+00 (du),https://www.caixa.gov.br/downloads/aplicacao-financeira-laminas/LA_5461.pdf,https://www.caixa.gov.br/downloads/aplicacao-financeira-regulamentos/RG_5461.pdf,https://www.caixa.gov.br/Downloads/aplicacao-financeira-inf-com/FIC_5461.pdf,https://www.caixa.gov.br/Downloads/aplicacao-financeira-comunicado-aos-cotistas/COM_5461.pdf,https://www.caixa.gov.br/Downloads/aplicacao-financeira-carta-mensal/CM_5461.pdf
RENDA FIXA,CAIXA FIC FIF BRASIL IDKA PRE 2A RF LP RESP LTDA,CAIXA FIC FIF BRASIL IDKA PRE 2A RF LP RESP LTDA,21/09/2022,"1,44638100","0,007","0,72","3,73","12,03","172,680",RPPS,RPPS,https://www.caixa.gov.br/fundos-investimento/renda-fixa/fic-caixa-brasil-idka-pre2a-rf-lp/Paginas/default.aspx,45.163.710/0001-70,6634,Moderado,0.2,0.01,D+0 (du),D+00 (du),https://www.caixa.gov.br/downloads/aplicacao-financeira-laminas/LA_6634.pdf,https://www.caixa.gov.br/downloads/aplicacao-financeira-regulamentos/RG_6634.pdf,https://www.caixa.gov.br/Downloads/aplicacao-financeira-inf-com/FIC_6634.pdf,https://www.caixa.gov.br/Downloads/aplicacao-financeira-comunicado-aos-cotistas/COM_6634.pdf,https://www.caixa.gov.br/Downloads/aplicacao-financeira-carta-mensal/CM_6634.pdf
RENDA FIXA,CAIXA FIC FIF BRASIL DISPONIBILIDADES SIMPLES RF RESP LTDA,CAIXA FIC FIF BRASIL DISPONIBILIDADES SIMPLES RF RESP LTDA,30/08/2012,"3,13094900","0,049","0,89","5,17","13,67","2.188,264",RPPS,RPPS | TODOS,https://www.caixa.gov.br/fundos-investimento/renda-fixa/brasil-disponibilidades,14.508.643/0001-55,5826,Conservador,0.8,100.0,D+0 (du),D+00 (du),https://www.caixa.gov.br/downloads/aplicacao-financeira-laminas/LA_5826.pdf,https://www.caixa.gov.br/downloads/aplicacao-financeira-regulamentos/RG_5826.pdf,https://www.caixa.gov.br/Downloads/aplicacao-financeira-inf-com/FIC_5826.pdf,https://www.caixa.gov.br/Downloads/aplicacao-financeira-comunicado-aos-cotistas/COM_5826.pdf,https://www.caixa.gov.br/Downloads/aplicacao-financeira-carta-mensal/CM_5826.pdf
RENDA FIXA REFERENCIADO,CAIXA FIC FIF BRASIL RF REFER DI LONGO PRAZO RESP LTDA,CAIXA FIC FIF BRASIL RF REFER DI LONGO PRAZO RESP LTDA,05/07/2006,"6,69966200","0,051","0,99","5,56","14,85","24.303,742",RPPS,RPPS | TODOS,https://www.caixa.gov.br/fundos-investimento/referenciados/fi-brasil-ref-di-longo-prazo,,,,,,,,,,,,
RENDA FIXA REFERENCIADO,CAIXA FIC FIF NOVO BRASIL RF IMA-B LP RESP LTDA,CAIXA FIC FIF NOVO BRASIL RF IMA-B LP RESP LTDA,27/10/2009,"5,53632700","0,187","0,34","5,33","10,46","598,370",RPPS,RPPS | TODOS,https://www.caixa.gov.br/fundos-investimento/renda-fixa/fic-novo-brasil-ima-b-rf-longo-prazo,10.646.895/0001-90,5168,Moderado,0.2,0.01,D+0 (du),D+00 (du),https://www.caixa.gov.br/downloads/aplicacao-financeira-laminas/LA_5168.pdf,https://www.caixa.gov.br/downloads/aplicacao-financeira-regulamentos/RG_5168.pdf,https://www.caixa.gov.br/Downloads/aplicacao-financeira-inf-com/FIC_5168.pdf,https://www.caixa.gov.br/Downloads/aplicacao-financeira-comunicado-aos-cotistas/COM_5168.pdf,https://www.caixa.gov.br/Downloads/aplicacao-financeira-carta-mensal/CM_5168.pdf
MULTIMERCADO,CAIXA FIC FIF BRASIL ESTRATÉGIA LIVRE MM LP RESP LTDA,CAIXA FIC FIF BRASIL ESTRATEGIA LIVRE MM LP RESP LTDA,21/10/2019,-,-,-,-,-,-,RPPS,RPPS,https://www.caixa.gov.br/fundos-investimento/multimercado/estrategia-livre-mm-lp/Paginas/default.aspx,34.660.276/0001-18,6439,Moderado,1.5,0.01,D+13 (du),D+15 (du),https://www.caixa.gov.br/downloads/aplicacao-financeira-laminas/LA_6439.pdf,https://www.caixa.gov.br/downloads/aplicacao-financeira-regulamentos/RG_6439.pdf,https://www.caixa.gov.br/Downloads/aplicacao-financeira-inf-com/FIC_6439.pdf,https://www.caixa.gov.br/Downloads/aplicacao-financeira-comunicado-aos-cotistas/COM_6439.pdf,https://www.caixa.gov.br/Downloads/aplicacao-financeira-carta-mensal/CM_6439.pdf
ACOES,CAIXA FIF AÇOES BRASIL IBOVESPA RESP LTDA,CAIXA FIF ACOES BRASIL IBOVESPA RESP LTDA,29/07/2011,"3,94073600","-0,461","-6,05","8,84","25,46","298,545",RPPS,RPPS | TODOS,https://www.caixa.gov.br/fundos-investimento/fundos-de-acoes/fi-acoes-brasil-ibovespa/Paginas/default.aspx,13.058.816/0001-18,5445,Arrojado,0.5,0.01,D+1 (du),D+03 (du),https://www.caixa.gov.br/downloads/aplicacao-financeira-laminas/LA_5445.pdf,http://www.caixa.gov.br/downloads/aplicacao-financeira-regulamentos/RG_5445.pdf,https://www.caixa.gov.br/Downloads/aplicacao-financeira-inf-com/FIC_5445.pdf,https://www.caixa.gov.br/Downloads/aplicacao-financeira-comunicado-aos-cotistas/FR_5445.pdf,https://www.caixa.gov.br/Downloads/aplicacao-financeira-carta-mensal/CM_5445.pdf
ACOES,CAIXA FIF AÇÕES BRASIL ETF IBOVESPA RESP LTDA,CAIXA FIF ACOES BRASIL ETF IBOVESPA RESP LTDA,27/11/2012,"3,62432500","-0,380","-5,97","8,70","25,06","9,171",RPPS,RPPS | TODOS,https://www.caixa.gov.br/fundos-investimento/fundos-de-acoes/fi-acoes-brasil-etf-bovespa,15.154.236/0001-50,5842,Arrojado,0.5,0.01,D+1 (du),D+03 (du),http://www.caixa.gov.br/downloads/aplicacao-financeira-laminas/LA_5842.pdf,http://www.caixa.gov.br/downloads/aplicacao-financeira-regulamentos/RG_5842.pdf,http://www.caixa.gov.br/Downloads/aplicacao-financeira-inf-com/FIC_5842.pdf,http://www.caixa.gov.br/Downloads/aplicacao-financeira-comunicado-aos-cotistas/FR_5842.pdf,https://www.caixa.gov.br/Downloads/aplicacao-financeira-carta-mensal/CM_5842.pdf
ACOES,CAIXA FIF AÇÕES INSTITUCIONAL BDR NIVEL I RESP LTDA,CAIXA FIF ACOES INSTITUCIONAL BDR NIVEL I RESP LTDA,24/06/2013,"11,40560718","0,922","8,07","3,06","23,43","2.355,362",RPPS,RPPS | TODOS,https://www.caixa.gov.br/fundos-investimento/fundos-de-acoes/FIA-Institucional-BDR-nivel-I/Paginas/default.aspx,17.502.937/0001-68,5929,Arrojado,0.7,0.01,D+1 (du),D+03 (du),https://www.caixa.gov.br/downloads/aplicacao-financeira-laminas/LA_5929.pdf,https://www.caixa.gov.br/downloads/aplicacao-financeira-regulamentos/RG_5929.pdf,https://www.caixa.gov.br/Downloads/aplicacao-financeira-inf-com/FIC_5929.pdf,https://www.caixa.gov.br/Downloads/aplicacao-financeira-comunicado-aos-cotistas/COM_5929.pdf,https://www.caixa.gov.br/Downloads/aplicacao-financeira-carta-mensal/CM_5929.pdf
ACOES,CAIXA FIF ACOES BRASIL IBX-50 RESP LTDA,CAIXA FIF ACOES BRASIL IBX-50 RESP LTDA,18/02/2008,"2,02607500","-0,556","-5,85","6,89","22,29","200,001",RPPS,RPPS | TODOS,https://www.caixa.gov.br/fundos-investimento/fundos-de-acoes/fi-acoes-brasil-ibx-50,03.737.217/0001-77,5396,Arrojado,0.7,0.01,D+1 (du),D+03 (du),https://www.caixa.gov.br/downloads/aplicacao-financeira-laminas/LA_5396.pdf,http://www.caixa.gov.br/downloads/aplicacao-financeira-regulamentos/RG_5396.pdf,https://www.caixa.gov.br/Downloads/aplicacao-financeira-inf-com/FIC_5396.pdf,https://www.caixa.gov.br/Downloads/aplicacao-financeira-comunicado-aos-cotistas/FR_5396.pdf,https://www.caixa.gov.br/Downloads/aplicacao-financeira-carta-mensal/CM_5396.pdf
ACOES,CAIXA ATENA FIC FIF AÇÕES BRASIL LIVRE QUANT RESP LTDA,CAIXA ATENA FIC FIF ACOES BRASIL LIVRE QUANT RESP LTDA,31/07/2019,"2,03257400","-0,204","-6,10","-1,96","12,87","767,866",RPPS,RPPS,http://www.caixa.gov.br/fundos-investimento/fundos-de-acoes/FIC-FIA-Brasil-Acoes-Livres/Paginas/default.aspx,30.068.169/0001-44,6425,Arrojado,2.0,0.01,D+13 (du),D+15 (du),https://www.caixa.gov.br/downloads/aplicacao-financeira-laminas/LA_6425.pdf,https://www.caixa.gov.br/downloads/aplicacao-financeira-regulamentos/RG_6425.pdf,https://www.caixa.gov.br/Downloads/aplicacao-financeira-inf-com/FIC_6425.pdf,https://www.caixa.gov.br/Downloads/aplicacao-financeira-comunicado-aos-cotistas/FR_6425.pdf,https://www.caixa.gov.br/Downloads/aplicacao-financeira-carta-mensal/CM_6425.pdf
ACOES,CAIXA FIC ACOES EXPERT VINCI VALOR DIVIDENDOS RPPS RESP LTDA,CAIXA FIC ACOES EXPERT VINCI VALOR DIVIDENDOS RPPS RESP LTDA,23/08/2012,"3,44333233","-0,422","-6,59","5,84","19,45","1.320,439",RPPS,RPPS | TODOS,https://www.caixa.gov.br/fundos-investimento/rpps/caixa-fic-acoes-vinci-valor-dividendos-rpps,15.154.441/0001-15,6160,Arrojado,,10000.0,D+30 (du),D+32 (du),https://www.caixa.gov.br/downloads/aplicacao-financeira-laminas/LA_6160.pdf,https://www.caixa.gov.br/downloads/aplicacao-financeira-regulamentos/RG_6160.pdf,https://www.caixa.gov.br/Downloads/aplicacao-financeira-inf-com/FIC_6160.pdf,https://www.caixa.gov.br/Downloads/aplicacao-financeira-comunicado-aos-cotistas/FR_6160.pdf,https://www.caixa.gov.br/Downloads/aplicacao-financeira-carta-mensal/CM_6160.pdf
ACOES,CAIXA FIC ACOES EXPERT VINCI VALOR RPPS RESP LTDA,CAIXA FIC ACOES EXPERT VINCI VALOR RPPS RESP LTDA,12/12/2011,"2,51148698","-0,718","-7,54","6,25","21,15","777,357",RPPS,RPPS | TODOS,https://www.caixa.gov.br/fundos-investimento/rpps/caixa-fic-acoes-vinci-valor-rpps,14.507.699/0001-95,5563,Arrojado,,10000.0,D+21 (du),D+23 (du),https://www.caixa.gov.br/downloads/aplicacao-financeira-laminas/LA_5563.pdf,https://www.caixa.gov.br/downloads/aplicacao-financeira-regulamentos/RG_5563.pdf,https://www.caixa.gov.br/Downloads/aplicacao-financeira-inf-com/FIC_5563.pdf,https://www.caixa.gov.br/Downloads/aplicacao-financeira-comunicado-aos-cotistas/COM_5563.pdf,https://www.caixa.gov.br/Downloads/aplicacao-financeira-carta-mensal/CM_5563.pdf
RENDA FIXA,CAIXA FIF EXTRAMERCADO COMUM IRFM-1 RF RESP LTDA,CAIXA FIF EXTRAMERCADO COMUM IRFM-1 RF RESP LTDA,13/02/2012,"3,73740900","0,048","0,97","5,25","14,25","4.985,423",TODOS,TODOS,https://www.caixa.gov.br/fundos-investimento/renda-fixa/fi-extramercado-comum-irfm-1-rf/Paginas/default.aspx,14.507.897/0001-59,5487,Conservador,0.1,0.01,D+0 (du),D+00 (du),https://www.caixa.gov.br/Downloads/aplicacao-financeira-laminas-comerciais/LAC_5487.pdf,https://www.caixa.gov.br/downloads/aplicacao-financeira-regulamentos/RG_5487.pdf,https://www.caixa.gov.br/Downloads/aplicacao-financeira-inf-com/FIC_5487.pdf,https://www.caixa.gov.br/Downloads/aplicacao-financeira-comunicado-aos-cotistas/COM_5487.pdf,https://www.caixa.gov.br/Downloads/aplicacao-financeira-carta-mensal/CM_5487.pdf
