Categoria,Fundo,Fundo_norm,Data Inicio,Cota (R$),Variacao Dia (%),Acum. Mes (%),Acum. Ano (%),Acum. 12M (%),PL (milhoes R$),Perfil,Data Base Consulta,Data Rentabilidade Ref,Fallback Rentabilidade,Dias Úteis Fallback,Alerta Rentabilidade Defasada,Perfis,URL,CNPJ,codfundo,Perfil de Risco,Taxa Adm (%),Aplicacao Minima (R$),Aplicacao Adicional Minima (R$),Resgate Minimo (R$),Saldo Minimo (R$),Conversao Aplicacao,Conversao Resgate,Pagamento Resgate,Benchmark Oficial,Estratégia,Status de Captação,Classificação Tributária,Classificação Investidor,Horário Limite Aplicação,Horário Limite Resgate,Adiantamento de Resgate,Modalidade Adiantamento,Percentual Adiantamento (%),Público Alvo,Segmentos,Movimentação Automática,Carência,Fim Carência,ASG,Razão Social,Observação Operacional,doc_lamina,doc_regulamento,doc_inf_comp,doc_comunicado,doc_carta,doc_boletim,doc_termo,doc_sumario,doc_raio_x
RENDA FIXA SIMPLES,CAIXA FIC FIF FÁCIL RF SIMPLES RESP LTDA,CAIXA FIC FIF FACIL RF SIMPLES RESP LTDA,24/02/2003,"5,61050200","0,043","0,35","7,32","12,48","6.676,034",PJ,12/08/2026,12/08/2026,Não,0,Não,PJ | TODOS,https://www.caixa.gov.br/fundos-investimento/fundo-simples/fic-facil-rf-simples,05.114.716/0001-33,88,Conservador,1.7,0.01,0.01,0.01,0.02,D+0 (du),D+0 (du),D+00 (du),SELIC,RF Simples 100% TPF,Aberto para captação,CURTO PRAZO,GERAL,18:00,18h00,Não se aplica,NÃO SE APLICA,,"[""Institucional"", ""Pessoa Física"", ""PJ Atacado"", ""PJ Varejo"", ""Private""]","[""Institucional"", ""Pessoa Física"", ""PJ Atacado"", ""PJ Varejo"", ""Private""]",Sim,Não,,Não,CAIXA FÁCIL FUNDO DE INVESTIMENTO EM COTAS DE CLASSE DE FUNDO DE INVESTIMENTO FINANCEIRO RENDA FIXA SIMPLES - RESPONSABILIDADE LIMITADA,"Movimentação exclusiva pela plataforma e/ou IBC/APP.

Movimentações: O FUNDO oferece mecanismo resgate automático.

Para ativar a funcionalidade de Resgate Automático, acessar o SIART -> Movimentação Automática -> Marcar

As regras da funcionalidade de Movimentação Automática estão descritas no MN TE099.

**Esse fundo não possui adiantamento de resgate, os resgates efetuados ficarão disponíveis no processamento noturno.",https://www.caixa.gov.br/downloads/aplicacao-financeira-laminas/LA_0088.pdf,https://www.caixa.gov.br/downloads/aplicacao-financeira-regulamentos/RG_0088.pdf,https://www.caixa.gov.br/Downloads/aplicacao-financeira-inf-com/FIC_0088.pdf,https://www.caixa.gov.br/Downloads/aplicacao-financeira-comunicado-aos-cotistas/COM_88.pdf,https://www.caixa.gov.br/Downloads/aplicacao-financeira-carta-mensal/CM_88.pdf,https://www.caixa.gov.br/Downloads/aplicacao-financeira-laminas-comerciais/LAC_88.pdf,https://www.caixa.gov.br/Downloads/aplicacao-financeira-termos-adesao/TA_0088.pdf,,
RENDA FIXA SIMPLES,CAIXA AZULZINHA FIC FIF RF SIMPLES - RESP LTDA,CAIXA AZULZINHA FIC FIF RF SIMPLES - RESP LTDA,13/06/2025,"1,15024900","0,045","0,36","7,50","12,84","67,232",PJ,12/08/2026,12/08/2026,Não,0,Não,PJ,http://site.extra.caixa.gov.br/fundos-investimento/fundo-simples/fic-azulzinha-rf-simples/Paginas/default.aspx,61.160.298/0001-91,7972,Conservador,1.3,0.01,0.01,0.01,0.01,D+0 (du),D+0 (du),D+00 (du),SELIC,RF Simples até 49% Crédito Privado,Aberto para captação,CURTO PRAZO,GERAL,17:00,17h00,Não se aplica,NÃO SE APLICA,,"[""Institucional"", ""PJ Atacado"", ""PJ Varejo""]","[""Institucional"", ""PJ Atacado"", ""PJ Varejo""]",Sim,Não,,Não,CAIXA AZULZINHA FUNDO DE INVESTIMENTO EM COTAS DE CLASSE DE FUNDO DE INVESTIMENTO FINANCEIRO RENDA FIXA SIMPLES - RESPONSABILIDADE LIMITADA,"ADMINISTRADORA, ativos e com crédito de recebíveis em conta CAIXA nos últimos 90 dias.

Para clientes que atende aos requisitos e não possui o fundo habilitado solicitar a marcação através do link: https://azulzinha.caixa/azulzinha/nova_marcacao.php

Movimentações: O FUNDO oferece mecanismo de aplicação e resgate automáticos, exigindo a manutenção de um saldo em caixa adequado para suportar movimentações ocorridas após o fechamento do mercado.

Para ativar a funcionalidade de Resgate Automático, acessar o SIART -> Movimentação Automática -> Marcar

As regras da funcionalidade de Movimentação Automática estão descritas no MN TE099.

**Esse fundo não possui adiantamento de resgate, os resgates efetuados ficarão disponíveis no processamento noturno.",https://www.caixa.gov.br/downloads/aplicacao-financeira-laminas/LA_7972.pdf,http://www.caixa.gov.br/downloads/aplicacao-financeira-regulamentos/RG_7972.pdf,http://www.caixa.gov.br/Downloads/aplicacao-financeira-inf-com/FIC_7972.pdf,https://www.caixa.gov.br/Downloads/aplicacao-financeira-comunicado-aos-cotistas/COM_7972.pdf,https://www.caixa.gov.br/Downloads/aplicacao-financeira-carta-mensal/CM_7972.pdf,https://www.caixa.gov.br/Downloads/aplicacao-financeira-laminas-comerciais/LAC_7972.pdf,http://www.caixa.gov.br/Downloads/aplicacao-financeira-termos-adesao/TA_7972.pdf,,
RENDA FIXA SIMPLES,CAIXA FIF E-SIMPLES RENDA FIXA LP RESP LTDA,CAIXA FIF E-SIMPLES RENDA FIXA LP RESP LTDA,15/10/2015,"2,30940600","0,045","0,36","7,47","12,72","404,572",PJ,12/08/2026,12/08/2026,Não,0,Não,PJ | TODOS,https://www.caixa.gov.br/fundos-investimento/renda-fixa/fi-renda-fixa-simples-lp/,22.791.329/0001-50,5980,Conservador,1.5,0.01,0.01,0.01,0.02,D+0 (du),D+0 (du),D+00 (du),SELIC,RF Simples até 49% Crédito Privado,Aberto para captação,LONGO PRAZO,GERAL,17:00,17h00,Não se aplica,NÃO SE APLICA,,"[""Institucional"", ""Pessoa Física"", ""PJ Atacado"", ""PJ Varejo"", ""Private""]","[""Institucional"", ""Pessoa Física"", ""PJ Atacado"", ""PJ Varejo"", ""Private""]",Sim,Não,,Não,CAIXA E-SIMPLES FUNDO DE INVESTIMENTO FINANCEIRO RENDA FIXA LONGO PRAZO - RESPONSABILIDADE LIMITADA,"Fundo com movimentação exclusiva pelo IBC/APP.

Movimentações: O FUNDO oferece mecanismo resgate automático.

Para ativar a funcionalidade de Resgate Automático, acessar o SIART -> Movimentação Automática -> Marcar

As regras da funcionalidade de Movimentação Automática estão descritas no MN TE099.

**Esse fundo não possui adiantamento de resgate, os resgates efetuados ficarão disponíveis no processamento noturno.",https://www.caixa.gov.br/downloads/aplicacao-financeira-laminas/LA_5980.pdf,https://www.caixa.gov.br/downloads/aplicacao-financeira-regulamentos/RG_5980.pdf,https://www.caixa.gov.br/Downloads/aplicacao-financeira-inf-com/FIC_5980.pdf,https://www.caixa.gov.br/Downloads/aplicacao-financeira-comunicado-aos-cotistas/COM_5980.pdf,https://www.caixa.gov.br/Downloads/aplicacao-financeira-carta-mensal/CM_5980.pdf,https://www.caixa.gov.br/Downloads/aplicacao-financeira-laminas-comerciais/LAC_5980.pdf,https://www.caixa.gov.br/Downloads/aplicacao-financeira-termos-adesao/TA_5980.pdf,,
RENDA FIXA SIMPLES,CAIXA FIC FIF MOVIMENTAÇÕES AUTOMÁTICAS RF SIMPLES RESP LTDA,CAIXA FIC FIF MOVIMENTACOES AUTOMATICAS RF SIMPLES RESP LTDA,13/07/2012,"2,83283000","0,043","0,35","7,32","12,48","790,682",PJ,12/08/2026,12/08/2026,Não,0,Não,PJ,https://www.caixa.gov.br/fundos-investimento/fundo-simples/fic-movimentacoes-automaticas-rf-simples/Paginas/default.aspx,14.508.652/0001-46,5823,Conservador,1.7,10.0,0.01,0.01,0.01,D+0 (du),D+0 (du),D+00 (du),CDI,RF Simples 100% TPF,Aberto para captação,CURTO PRAZO,GERAL,18:00,18h00,Não se aplica,NÃO SE APLICA,,"[""Pessoa Física"", ""PJ Varejo"", ""Private""]","[""Pessoa Física"", ""PJ Varejo"", ""Private""]",Sim,Não,,Não,CAIXA MOVIMENTAÇÕES AUTOMÁTICAS FUNDO DE INVESTIMENTO EM COTAS DE CLASSE DE FUNDO DE INVESTIMENTO FINANCEIRO RENDA FIXA SIMPLES - RESP LIMITADA,"OBS: O Fundo possui a funcionalidade de Aplicação e Resgate Automáticos em caso de adesão pelo cotista, o gerente deverá proceder à contratação no SIART. Para ativar a funcionalidade de Aplicação e Resgate Automáticos, acessar o SIART -> Movimentação Automática -> Marcar

As regras da funcionalidade de Movimentação Automática estão descritas no MN TE099. O Fundo não possui adiantamento de resgate, os resgates efetuados ficarão disponíveis no processamento noturno.

FUNDO NÃO PONTUA NO RESULTADO.CAIXA

Este Fundo não está adaptado às normas vigentes para RPPS (Regimes Próprios de Previdência Social).",https://www.caixa.gov.br/downloads/aplicacao-financeira-laminas/LA_5823.pdf,https://www.caixa.gov.br/downloads/aplicacao-financeira-regulamentos/RG_5823.pdf,https://www.caixa.gov.br/Downloads/aplicacao-financeira-inf-com/FIC_5823.pdf,https://www.caixa.gov.br/Downloads/aplicacao-financeira-comunicado-aos-cotistas/COM_5823.pdf,https://www.caixa.gov.br/Downloads/aplicacao-financeira-carta-mensal/CM_5823.pdf,https://www.caixa.gov.br/Downloads/aplicacao-financeira-laminas-comerciais/LAC_5823.pdf,https://www.caixa.gov.br/Downloads/aplicacao-financeira-termos-adesao/TA_5823.pdf,,
RENDA FIXA SIMPLES,CAIXA FIC FIF AMETISTA CORP RF SIMPLES RESP LTDA,CAIXA FIC FIF AMETISTA CORP RF SIMPLES RESP LTDA,12/07/2023,"1,38827100","0,045","0,36","7,57","12,91","204,578",PJ,12/08/2026,12/08/2026,Não,0,Não,PJ,https://www.caixa.gov.br/fundos-investimento/fundo-simples/fic-ametista-corporativo-rf-simples/Paginas/default.aspx,51.255.391/0001-26,7861,Conservador,1.3,1000.0,100.0,0.01,0.01,D+0 (du),D+0 (du),D+00 (du),NÃO SE APLICA,RF Simples até 49% Crédito Privado,Aberto para captação,CURTO PRAZO,GERAL,17:00,17h00,Não se aplica,NÃO SE APLICA,,"[""PJ Atacado""]","[""PJ Atacado""]",Sim,Não,,Não,CAIXA AUTOMÁTICO AMETISTA PJ FUNDO DE INVESTIMENTO EM COTAS DE CLASSE DE FUNDO DE INVESTIMENTO FINANCEIRO RENDA FIXA SIMPLES - RESP LIMITADA,"Esse fundo exige o cadastramento prévio do cotista, seguir orientações do MN FI657 Anexo IV.

Os segmentos elegíveis são:
EC - Corporativo;
LC - Corporativo Ultra; 
PG - Estatal Corporativo;
PP - Estatal Corporativo Ultra

Movimentações: O FUNDO oferece mecanismo de aplicação e resgate automáticos, exigindo a manutenção de um saldo em caixa adequado para suportar movimentações ocorridas após o fechamento do mercado.

Para ativar a funcionalidade de Resgate Automático, acessar o SIART -> Movimentação Automática -> Marcar

As regras da funcionalidade de Movimentação Automática estão descritas no MN TE099.

**Esse fundo não possui adiantamento de resgate, os resgates efetuados ficarão disponíveis no processamento noturno.",https://www.caixa.gov.br/downloads/aplicacao-financeira-laminas/LA_7861.pdf,https://www.caixa.gov.br/downloads/aplicacao-financeira-regulamentos/RG_7861.pdf,https://www.caixa.gov.br/Downloads/aplicacao-financeira-inf-com/FIC_7861.pdf,https://www.caixa.gov.br/Downloads/aplicacao-financeira-comunicado-aos-cotistas/COM_7861.pdf,https://www.caixa.gov.br/Downloads/aplicacao-financeira-carta-mensal/CM_7861.pdf,https://www.caixa.gov.br/Downloads/aplicacao-financeira-laminas-comerciais/LAC_7861.pdf,https://www.caixa.gov.br/Downloads/aplicacao-financeira-termos-adesao/TA_7861.pdf,,
RENDA FIXA,CAIXA MASTER PLUS FIF RF CRED PRIV LP RESP LTDA,CAIXA MASTER PLUS FIF RF CRED PRIV LP RESP LTDA,21/01/2021,"1.881,06733000","0,059","0,43","8,55","14,55","96,958",PJ,12/08/2026,12/08/2026,Não,0,Não,PJ,https://www.caixa.gov.br/fundos-investimento/renda-fixa/caixa-fic-plus-rf-credito-privado-lp/Paginas/default.aspx,40.194.309/0001-84,6532,Moderado,0.7,0.01,0.01,0.01,0.01,D+1 (du),D+14 (du),D+15 (du),CDI,RF Crédito Privado permite Risco Mercado,Aberto para captação,LONGO PRAZO,GERAL,17:00,17h00,Sim · Automatico · 100%,AUTOMATICO,100.0,"[""Institucional"", ""Pessoa Física"", ""PJ Atacado"", ""PJ Varejo"", ""Private""]","[""Institucional"", ""Pessoa Física"", ""PJ Atacado"", ""PJ Varejo"", ""Private""]",Não,Não,,Não,CAIXA PLUS FUNDO DE INVESTIMENTO EM COTAS DE CLASSE DE FUNDO DE INVESTIMENTO FINANCEIRO RENDA FIXA CRÉDITO PRIVADO LONGO PRAZO - RESP LIMITADA,,https://www.caixa.gov.br/downloads/aplicacao-financeira-laminas/LA_6532.pdf,https://www.caixa.gov.br/downloads/aplicacao-financeira-regulamentos/RG_6532.pdf,https://www.caixa.gov.br/Downloads/aplicacao-financeira-inf-com/FIC_6532.pdf,https://www.caixa.gov.br/Downloads/aplicacao-financeira-comunicado-aos-cotistas/COM_6532.pdf,https://www.caixa.gov.br/Downloads/aplicacao-financeira-carta-mensal/CM_6532.pdf,https://www.caixa.gov.br/Downloads/aplicacao-financeira-laminas-comerciais/LAC_6532.pdf,https://www.caixa.gov.br/Downloads/aplicacao-financeira-termos-adesao/TA_6532.pdf,,
RENDA FIXA,CAIXA FIC FIF E-FUNDO RF LP RESP LTDA,CAIXA FIC FIF E-FUNDO RF LP RESP LTDA,05/10/2012,"3,43372800","0,055","0,41","8,29","14,11","64,255",PJ,12/08/2026,12/08/2026,Não,0,Não,PJ | TODOS,https://www.caixa.gov.br/fundos-investimento/e-fundos/renda-fixa-longo-prazo,15.154.422/0001-99,5834,Moderado,0.7,0.01,0.01,0.01,0.01,D+0 (du),D+0 (du),D+00 (du),CDI,RF até 49% Crédito Privado,Aberto para captação,LONGO PRAZO,GERAL,,17h00,Sim · Automatico · 90%,AUTOMATICO,90.0,"[""Pessoa Física"", ""PJ Varejo"", ""Private""]","[""Pessoa Física"", ""PJ Varejo"", ""Private""]",Não,Não,,Não,CAIXA E-FUNDO FUNDO DE INVESTIMENTO EM COTAS DE CLASSE DE FUNDO DE INVESTIMENTO FINANCEIRO RENDA FIXA LONGO PRAZO - RESPONSABILIDADE LIMITADA,Este Fundo não está adaptado às normas vigentes para RPPS (Regimes Próprios de Previdência Social).As movimentações neste Fundo são realizadas exclusivamente pelo Internet Banking.,https://www.caixa.gov.br/downloads/aplicacao-financeira-laminas/LA_5834.pdf,https://www.caixa.gov.br/downloads/aplicacao-financeira-regulamentos/RG_5834.pdf,https://www.caixa.gov.br/Downloads/aplicacao-financeira-inf-com/FIC_5834.pdf,https://www.caixa.gov.br/Downloads/aplicacao-financeira-comunicado-aos-cotistas/FR_5834.pdf,https://www.caixa.gov.br/Downloads/aplicacao-financeira-carta-mensal/CM_5834.pdf,https://www.caixa.gov.br/Downloads/aplicacao-financeira-laminas-comerciais/LAC_5834.pdf,https://www.caixa.gov.br/Downloads/aplicacao-financeira-termos-adesao/TA_5834.pdf,,
RENDA FIXA,CAIXA FIC FIF CAPITAL IND PREÇOS RF LP RESP LTDA,CAIXA FIC FIF CAPITAL IND PRECOS RF LP RESP LTDA,03/01/2000,"13,70358900","0,071","0,56","6,56","10,48","27,743",PJ,12/08/2026,12/08/2026,Não,0,Não,PJ | TODOS,https://www.caixa.gov.br/fundos-investimento/renda-fixa/fic-capital-indice-de-precos-rf-longo-prazo,03.218.183/0001-04,87,Moderado,1.5,0.01,0.01,0.01,0.01,D+0 (du),D+3 (du),D+03 (du),IPCA+6%,RF Índice de Preços,Aberto para captação,LONGO PRAZO,GERAL,17:00,17h00,Sim · Automatico · 90%,AUTOMATICO,90.0,"[""Pessoa Física""]","[""Pessoa Física""]",Não,Não,,Não,CAIXA CAPITAL ÍNDICE DE PREÇOS FUNDO DE INVESTIMENTO EM COTAS DE CLASSE DE FUNDO DE INVESTIMENTO FINANCEIRO RENDA FIXA LONGO PRAZO - RESP LIMITADA,Este Fundo não está adaptado às normas vigentes para RPPS (Regimes Próprios de Previdência Social).,https://www.caixa.gov.br/downloads/aplicacao-financeira-laminas/LA_0087.pdf,https://www.caixa.gov.br/downloads/aplicacao-financeira-regulamentos/RG_0087.pdf,https://www.caixa.gov.br/Downloads/aplicacao-financeira-inf-com/FIC_0087.pdf,https://www.caixa.gov.br/Downloads/aplicacao-financeira-comunicado-aos-cotistas/COM_87.pdf,https://www.caixa.gov.br/Downloads/aplicacao-financeira-carta-mensal/CM_87.pdf,https://www.caixa.gov.br/Downloads/aplicacao-financeira-laminas-comerciais/LAC_87.pdf,https://www.caixa.gov.br/Downloads/aplicacao-financeira-termos-adesao/TA_0087.pdf,,https://web.microsoftstream.com/video/32d65536-1de1-4f2f-a9b8-0fbb0d9347fc?channelId=772517ff-88ae-4298-88f2-3ed5a5893c3e
RENDA FIXA,CAIXA FIC FIF ABSOLUTO PRE RF LP RESP LTDA,CAIXA FIC FIF ABSOLUTO PRE RF LP RESP LTDA,03/11/1997,"20,18324200","0,002","0,29","5,30","10,17","114,884",PJ,12/08/2026,12/08/2026,Não,0,Não,PJ | TODOS,https://www.caixa.gov.br/fundos-investimento/renda-fixa/fic-absoluto-pre-rf-longo-prazo,02.201.164/0001-02,86,Moderado,1.1,0.01,0.01,0.01,0.01,D+0 (du),D+0 (du),D+00 (du),CDI,RF Prefixados,Aberto para captação,LONGO PRAZO,GERAL,17:00,17h00,Sim · Automatico · 90%,AUTOMATICO,90.0,"[""Pessoa Física""]","[""Pessoa Física""]",Não,Não,,Não,CAIXA ABSOLUTO PRÉ FUNDO DE INVESTIMENTO EM COTAS DE CLASSE DE FUNDO DE INVESTIMENTO FINANCEIRO RENDA FIXA LONGO PRAZO - RESPONSABILIDADE LIMITADA,Este Fundo não está adaptado às normas vigentes para RPPS (Regimes Próprios de Previdência Social).,https://www.caixa.gov.br/downloads/aplicacao-financeira-laminas/LA_0086.pdf,https://www.caixa.gov.br/downloads/aplicacao-financeira-regulamentos/RG_0086.pdf,https://www.caixa.gov.br/Downloads/aplicacao-financeira-inf-com/FIC_0086.pdf,https://www.caixa.gov.br/Downloads/aplicacao-financeira-comunicado-aos-cotistas/COM_86.pdf,https://www.caixa.gov.br/Downloads/aplicacao-financeira-carta-mensal/CM_86.pdf,https://www.caixa.gov.br/Downloads/aplicacao-financeira-laminas-comerciais/LAC_86.pdf,https://www.caixa.gov.br/Downloads/aplicacao-financeira-termos-adesao/TA_0086.pdf,,https://web.microsoftstream.com/video/cec16660-0485-4e14-9a79-ff7c9fd2158f?channelId=772517ff-88ae-4298-88f2-3ed5a5893c3e
RENDA FIXA,CAIXA FIC FIF GERAÇÃO JOVEM CRED PRIV RF LP RESP LTDA,CAIXA FIC FIF GERACAO JOVEM CRED PRIV RF LP RESP LTDA,26/04/2012,"3,40906100","0,057","0,41","8,19","13,96","12,195",PJ,12/08/2026,12/08/2026,Não,0,Não,PJ | TODOS,https://www.caixa.gov.br/fundos-investimento/renda-fixa/fic-geracao-jovem-rf-credito-privado-longo-prazo,10.577.485/0001-34,5570,Moderado,1.0,0.01,0.01,0.01,0.01,D+0 (du),D+0 (du),D+00 (du),CDI,RF Crédito Privado sem Risco Mercado,Aberto para captação,LONGO PRAZO,GERAL,17:00,17h00,Sim · Automatico · 85%,AUTOMATICO,85.0,"[""Pessoa Física""]","[""Pessoa Física""]",Não,Não,,Não,CAIXA GERAÇÃO JOVEM FUNDO DE INVESTIMENTO EM COTAS DE CLASSE DE FUNDO DE INVESTIMENTO FINANCEIRO RENDA FIXA CRÉDITO PRIVADO LP - RESP LIMITADA,Este Fundo não está adaptado às normas vigentes para RPPS (Regimes Próprios de Previdência Social).,https://www.caixa.gov.br/downloads/aplicacao-financeira-laminas/LA_5570.pdf,https://www.caixa.gov.br/downloads/aplicacao-financeira-regulamentos/RG_5570.pdf,https://www.caixa.gov.br/Downloads/aplicacao-financeira-inf-com/FIC_5570.pdf,https://www.caixa.gov.br/Downloads/aplicacao-financeira-comunicado-aos-cotistas/COM_5570.pdf,https://www.caixa.gov.br/Downloads/aplicacao-financeira-carta-mensal/CM_5570.pdf,https://www.caixa.gov.br/Downloads/aplicacao-financeira-laminas-comerciais/LAC_5570.pdf,https://www.caixa.gov.br/Downloads/aplicacao-financeira-termos-adesao/TA_5570.pdf,,
RENDA FIXA,CAIXA FIC FIF IDEAL RF LP RESP LTDA,CAIXA FIC FIF IDEAL RF LP RESP LTDA,28/10/1992,"9,91517800","0,052","0,39","7,78","13,23","586,800",PJ,12/08/2026,12/08/2026,Não,0,Não,PJ | TODOS,https://www.caixa.gov.br/fundos-investimento/renda-fixa/fic-ideal-rf-longo-prazo,68.623.479/0001-56,59,Moderado,1.5,0.01,0.01,0.01,0.01,D+0 (du),D+0 (du),D+00 (du),CDI,RF até 49% Crédito Privado,Aberto para captação,LONGO PRAZO,GERAL,17:00,17h00,Sim · Automatico · 95%,AUTOMATICO,95.0,"[""Pessoa Física"", ""Private""]","[""Pessoa Física"", ""Private""]",Não,Não,,Não,CAIXA IDEAL FUNDO DE INVESTIMENTO EM COTAS DE CLASSE DE FUNDO DE INVESTIMENTO FINANCEIRO RENDA FIXA LONGO PRAZO - RESPONSABILIDADE LIMITADA,"Este Fundo não está adaptado às normas vigentes para RPPS (Regimes Próprios de Previdência Social).Fundoaberto para novas aplicações a partir de 30/06/2021, para maiores informações consulte o Fato Relevante",https://www.caixa.gov.br/downloads/aplicacao-financeira-laminas/LA_0059.pdf,https://www.caixa.gov.br/downloads/aplicacao-financeira-regulamentos/RG_0059.pdf,https://www.caixa.gov.br/Downloads/aplicacao-financeira-inf-com/FIC_0059.pdf,https://www.caixa.gov.br/Downloads/aplicacao-financeira-comunicado-aos-cotistas/FR_0059.pdf,https://www.caixa.gov.br/Downloads/aplicacao-financeira-carta-mensal/CM_59.pdf,https://www.caixa.gov.br/Downloads/aplicacao-financeira-laminas-comerciais/LAC_59.pdf,https://www.caixa.gov.br/Downloads/aplicacao-financeira-termos-adesao/TA_0059.pdf,,
RENDA FIXA,CAIXA FIC FIF SOBERANO RF LP RESP LTDA,CAIXA FIC FIF SOBERANO RF LP RESP LTDA,11/03/1998,"20,63850400","0,046","0,37","7,60","12,91","59,498",PJ,12/08/2026,12/08/2026,Não,0,Não,PJ | TODOS,https://www.caixa.gov.br/fundos-investimento/renda-fixa/fic-soberano-rf-longo-prazo,02.323.746/0001-61,57,Conservador,1.5,50.0,10.0,10.0,50.0,D+0 (du),D+0 (du),D+00 (du),CDI,RF 100% TPF - Longo Prazo,Fechado para captação,LONGO PRAZO,GERAL,17:00,17h00,Sim · Automatico · 95%,AUTOMATICO,95.0,"[""Pessoa Física""]","[""Pessoa Física""]",Não,Não,,Não,CAIXA SOBERANO FUNDO DE INVESTIMENTO EM COTAS DE CLASSE DE FUNDO DE INVESTIMENTO FINANCEIRO RENDA FIXA LONGO PRAZO - RESPONSABILIDADE LIMITADA,"Este Fundo não está adaptado às normas vigentes para RPPS (Regimes Próprios de Previdência Social). Fundo fechado para novas aplicações a partir de 29/07/2020, para maiores informações consulte o Fato Relevante",https://www.caixa.gov.br/downloads/aplicacao-financeira-laminas/LA_0057.pdf,https://www.caixa.gov.br/downloads/aplicacao-financeira-regulamentos/RG_0057.pdf,https://www.caixa.gov.br/Downloads/aplicacao-financeira-inf-com/FIC_0057.pdf,https://www.caixa.gov.br/Downloads/aplicacao-financeira-comunicado-aos-cotistas/FR_0057.pdf,https://www.caixa.gov.br/Downloads/aplicacao-financeira-carta-mensal/CM_57.pdf,https://www.caixa.gov.br/Downloads/aplicacao-financeira-laminas-comerciais/LAC_57.pdf,https://www.caixa.gov.br/Downloads/aplicacao-financeira-termos-adesao/TA_0057.pdf,,
RENDA FIXA,CAIXA FIC FIF EMPREENDER RF LP RESP LTDA,CAIXA FIC FIF EMPREENDER RF LP RESP LTDA,26/05/1994,"47,15303900","0,052","0,39","7,76","13,20","41,221",PJ,12/08/2026,12/08/2026,Não,0,Não,GOV | PJ | TODOS,https://www.caixa.gov.br/fundos-investimento/renda-fixa/fic-empreender-rf-longo-prazo/,00.068.305/0001-35,54,Moderado,1.5,50.0,50.0,50.0,50.0,D+0 (du),D+0 (du),D+00 (du),CDI,RF até 49% Crédito Privado,Fechado para captação,LONGO PRAZO,GERAL,17:00,17h00,Sim · Automatico · 95%,AUTOMATICO,95.0,"[""PJ Varejo""]","[""PJ Varejo""]",Não,Não,,Não,CAIXA EMPREENDER FUNDO DE INVESTIMENTO EM COTAS DE CLASSE DE FUNDO DE INVESTIMENTO FINANCEIRO RENDA FIXA LONGO PRAZO - RESPONSABILIDADE LIMITADA,"FUNDO FECHADO PARA APLICAÇÃO.

Este Fundo não está adaptado às normas vigentes para RPPS (Regimes Próprios de Previdência Social).Fundo fechado para novas aplicações a partir de 07/08/2020, para maiores informações consulte o Fato Relevante.",https://www.caixa.gov.br/downloads/aplicacao-financeira-laminas/LA_0054.pdf,https://www.caixa.gov.br/downloads/aplicacao-financeira-regulamentos/RG_0054.pdf,https://www.caixa.gov.br/Downloads/aplicacao-financeira-inf-com/FIC_0054.pdf,https://www.caixa.gov.br/Downloads/aplicacao-financeira-comunicado-aos-cotistas/FR_0054.pdf,https://www.caixa.gov.br/Downloads/aplicacao-financeira-carta-mensal/CM_54.pdf,https://www.caixa.gov.br/Downloads/aplicacao-financeira-laminas-comerciais/LAC_54.pdf,https://www.caixa.gov.br/Downloads/aplicacao-financeira-termos-adesao/TA_0054.pdf,,
RENDA FIXA,CAIXA FIC FIF FOCO IND PREÇOS RF LP RESP LTDA,CAIXA FIC FIF FOCO IND PRECOS RF LP RESP LTDA,19/03/2012,"3,20111800","0,072","0,59","7,77","11,76","77,103",PJ,12/08/2026,12/08/2026,Não,0,Não,PJ | TODOS,https://www.caixa.gov.br/fundos-investimento/renda-fixa/fic-foco-indice-precos-rf-longo-prazo,09.548.729/0001-71,5414,Moderado,1.0,100.0,0.01,0.01,10.0,D+0 (du),D+3 (du),D+03 (du),NÃO SE APLICA,RF Índice de Preços,Aberto para captação,LONGO PRAZO,GERAL,17:00,17h00,Sim · Automatico · 90%,AUTOMATICO,90.0,"[""Pessoa Física""]","[""Pessoa Física""]",Não,Não,,Não,CAIXA FOCO ÍNDICE DE PREÇOS FUNDO DE INVESTIMENTO EM COTAS DE CLASSE DE FUNDO DE INVESTIMENTO FINANCEIRO RENDA FIXA LONGO PRAZO - RESP LIMITADA,Este Fundo não está adaptado às normas vigentes para RPPS (Regimes Próprios de Previdência Social).,https://www.caixa.gov.br/downloads/aplicacao-financeira-laminas/LA_5414.pdf,https://www.caixa.gov.br/downloads/aplicacao-financeira-regulamentos/RG_5414.pdf,https://www.caixa.gov.br/Downloads/aplicacao-financeira-inf-com/FIC_5414.pdf,https://www.caixa.gov.br/Downloads/aplicacao-financeira-comunicado-aos-cotistas/COM_5414.pdf,https://www.caixa.gov.br/Downloads/aplicacao-financeira-carta-mensal/CM_5414.pdf,https://www.caixa.gov.br/Downloads/aplicacao-financeira-laminas-comerciais/LAC_5414.pdf,https://www.caixa.gov.br/Downloads/aplicacao-financeira-termos-adesao/TA_5414.pdf,,https://web.microsoftstream.com/video/a5ab94de-1f04-4f00-87d2-ffa0c6babbaf?channelId=772517ff-88ae-4298-88f2-3ed5a5893c3e
RENDA FIXA,CAIXA FIC FIF DESENVOLVER RF LP RESP LTDA,CAIXA FIC FIF DESENVOLVER RF LP RESP LTDA,18/12/2012,"3,06258800","0,051","0,37","7,57","12,90","1,654",PJ,12/08/2026,12/08/2026,Não,0,Não,PJ | TODOS,https://www.caixa.gov.br/fundos-investimento/renda-fixa/fic-desenvolver-rf-longo-prazo/,16.877.609/0001-83,5892,Moderado,1.3,500.0,10.0,10.0,50.0,D+0 (du),D+0 (du),D+00 (du),CDI,RF até 49% Crédito Privado,Fechado para captação,LONGO PRAZO,GERAL,,17h00,Sim · Automatico · 95%,AUTOMATICO,95.0,"[""PJ Varejo""]","[""PJ Varejo""]",Não,Não,,Não,CAIXA DESENVOLVER FUNDO DE INVESTIMENTO EM COTAS DE CLASSE DE FUNDO DE INVESTIMENTO FINANCEIRO RENDA FIXA LONGO PRAZO - RESPONSABILIDADE LIMITADA,"Este Fundo não está adaptado às normas vigentes para RPPS (Regimes Próprios de Previdência Social). Fundo fechado para novas aplicações a partir de 07/08/2020, para maiores informações consulte o Fato Relevante",https://www.caixa.gov.br/downloads/aplicacao-financeira-laminas/LA_5892.pdf,https://www.caixa.gov.br/downloads/aplicacao-financeira-regulamentos/RG_5892.pdf,https://www.caixa.gov.br/Downloads/aplicacao-financeira-inf-com/FIC_5892.pdf,https://www.caixa.gov.br/Downloads/aplicacao-financeira-comunicado-aos-cotistas/FR_5892.pdf,https://www.caixa.gov.br/Downloads/aplicacao-financeira-carta-mensal/CM_5892.pdf,https://www.caixa.gov.br/Downloads/aplicacao-financeira-laminas-comerciais/LAC_5892.pdf,https://www.caixa.gov.br/Downloads/aplicacao-financeira-termos-adesao/TA_5892.pdf,,
RENDA FIXA,CAIXA FIC FIF EQUILIBRIO MPE RF LP RESP LTDA,CAIXA FIC FIF EQUILIBRIO MPE RF LP RESP LTDA,05/07/2006,"6,03192900","0,055","0,41","8,13","13,84","42,128",PJ,12/08/2026,12/08/2026,Não,0,Não,PJ | TODOS,https://www.caixa.gov.br/fundos-investimento/renda-fixa/caixa-equilibrio-mpe-rf-lp/,07.986.172/0001-25,5405,Moderado,1.0,1000.0,100.0,100.0,100.0,D+0 (du),D+0 (du),D+00 (du),CDI,RF até 49% Crédito Privado,Aberto para captação,LONGO PRAZO,GERAL,17:00,17h00,Sim · Automatico · 90%,AUTOMATICO,90.0,"[""PJ Varejo""]","[""PJ Varejo""]",Não,Não,,Não,CAIXA EQUILIBRIO MPE FUNDO DE INVESTIMENTO EM COTAS DE CLASSE DE FUNDO DE INVESTIMENTO FINANCEIRO RENDA FIXA LONGO PRAZO - RESPONSABILIDADE LIMITADA,"*Nome alterado de CAIXA FIC FORTALECER RF LONGO PRAZO para CAIXA FIC EQUILIBRIO MPE RF LONGO PRAZO, em 15 JAN 2024, conforme aprovado em Assembleia Geral de Cotistas.

Este Fundo não está adaptado às normas vigentes para RPPS (Regimes Próprios de Previdência Social).",https://www.caixa.gov.br/downloads/aplicacao-financeira-laminas/LA_5405.pdf,https://www.caixa.gov.br/downloads/aplicacao-financeira-regulamentos/RG_5405.pdf,https://www.caixa.gov.br/Downloads/aplicacao-financeira-inf-com/FIC_5405.pdf,https://www.caixa.gov.br/Downloads/aplicacao-financeira-comunicado-aos-cotistas/FR_5405.pdf,https://www.caixa.gov.br/Downloads/aplicacao-financeira-carta-mensal/CM_5405.pdf,https://www.caixa.gov.br/Downloads/aplicacao-financeira-laminas-comerciais/LAC_5405.pdf,https://www.caixa.gov.br/Downloads/aplicacao-financeira-termos-adesao/TA_5405.pdf,,
RENDA FIXA,CAIXA FIC FIF OBJETIVO PRE RF LP RESP LTDA,CAIXA FIC FIF OBJETIVO PRE RF LP RESP LTDA,27/06/2012,"3,37227300","0,004","0,31","5,81","10,92","129,459",PJ,12/08/2026,12/08/2026,Não,0,Não,PJ,https://www.caixa.gov.br/fundos-investimento/renda-fixa/fic-objetivo-pre-rf-longo-prazo/Paginas/default.aspx,14.120.511/0001-51,5576,Moderado,0.7,1000.0,0.01,0.01,100.0,D+0 (du),D+0 (du),D+00 (du),CDI,RF Prefixados,Aberto para captação,LONGO PRAZO,GERAL,17:00,17h00,Sim · Automatico · 90%,AUTOMATICO,90.0,"[""Pessoa Física"", ""PJ Varejo"", ""Private""]","[""Pessoa Física"", ""PJ Varejo"", ""Private""]",Não,Não,,Não,CAIXA OBJETIVO PRÉ FUNDO DE INVESTIMENTO EM COTAS DE CLASSE DE FUNDO DE INVESTIMENTO FINANCEIRO RENDA FIXA LONGO PRAZO - RESPONSABILIDADE LIMITADA,Este Fundo não está adaptado às normas vigentes para RPPS (Regimes Próprios de Previdência Social).,https://www.caixa.gov.br/downloads/aplicacao-financeira-laminas/LA_5576.pdf,https://www.caixa.gov.br/downloads/aplicacao-financeira-regulamentos/RG_5576.pdf,https://www.caixa.gov.br/Downloads/aplicacao-financeira-inf-com/FIC_5576.pdf,https://www.caixa.gov.br/Downloads/aplicacao-financeira-comunicado-aos-cotistas/COM_5576.pdf,https://www.caixa.gov.br/Downloads/aplicacao-financeira-carta-mensal/CM_5576.pdf,https://www.caixa.gov.br/Downloads/aplicacao-financeira-laminas-comerciais/LAC_5576.pdf,https://www.caixa.gov.br/Downloads/aplicacao-financeira-termos-adesao/TA_5576.pdf,,https://web.microsoftstream.com/video/2fc898a1-d287-4c38-9f3a-9efa66e9bf47?channelId=772517ff-88ae-4298-88f2-3ed5a5893c3e
RENDA FIXA,CAIXA FIC FIF PERFORMANCE IMA-B RF LP RESP LTDA,CAIXA FIC FIF PERFORMANCE IMA-B RF LP RESP LTDA,02/05/2012,"3,36234800","0,103","0,66","5,50","9,17","64,565",PJ,12/08/2026,12/08/2026,Não,0,Não,PJ,https://www.caixa.gov.br/fundos-investimento/renda-fixa/fic-performance-ima-b-renda-fixa-longo-prazo/Paginas/default.aspx,10.577.516/0001-57,5571,Moderado,0.8,1000.0,100.0,100.0,100.0,D+0 (du),D+0 (du),D+00 (du),IMA-B TOTAL,RF Índice de Preços,Aberto para captação,LONGO PRAZO,QUALIFICADO,17:00,17h00,Sim · Automatico · 90%,AUTOMATICO,90.0,"[""Pessoa Física"", ""PJ Varejo"", ""Private""]","[""Pessoa Física"", ""PJ Varejo"", ""Private""]",Não,Não,,Não,CAIXA PERFORMANCE IMA B FUNDO DE INVESTIMENTO EM COTAS DE CLASSE DE FUNDO DE INVESTIMENTO FINANCEIRO RENDA FIXA LONGO PRAZO - RESP LIMITADA,Este Fundo não está adaptado às normas vigentes para RPPS (Regimes Próprios de Previdência Social).,https://www.caixa.gov.br/downloads/aplicacao-financeira-laminas/LA_5571.pdf,https://www.caixa.gov.br/downloads/aplicacao-financeira-regulamentos/RG_5571.pdf,https://www.caixa.gov.br/Downloads/aplicacao-financeira-inf-com/FIC_5571.pdf,https://www.caixa.gov.br/Downloads/aplicacao-financeira-comunicado-aos-cotistas/COM_5571.pdf,https://www.caixa.gov.br/Downloads/aplicacao-financeira-carta-mensal/CM_5571.pdf,https://www.caixa.gov.br/Downloads/aplicacao-financeira-laminas-comerciais/LAC_5571.pdf,https://www.caixa.gov.br/Downloads/aplicacao-financeira-termos-adesao/TA_5571.pdf,,
RENDA FIXA,CAIXA FIC FIF EXECUTIVO RF LP RESP LTDA,CAIXA FIC FIF EXECUTIVO RF LP RESP LTDA,02/09/1996,"33,52043800","0,054","0,40","8,04","13,68","2.233,687",PJ,12/08/2026,12/08/2026,Não,0,Não,PJ | TODOS,https://www.caixa.gov.br/fundos-investimento/renda-fixa/fic-executivo-rf-longo-prazo,01.165.781/0001-37,58,Moderado,1.1,1000.0,100.0,100.0,100.0,D+0 (du),D+0 (du),D+00 (du),CDI,RF até 49% Crédito Privado,Aberto para captação,LONGO PRAZO,GERAL,17:00,17h00,Sim · Automatico · 90%,AUTOMATICO,90.0,"[""Pessoa Física"", ""Private""]","[""Pessoa Física"", ""Private""]",Não,Não,,Não,CAIXA EXECUTIVO FUNDO DE INVESTIMENTO EM COTAS DE CLASSE DE FUNDO DE INVESTIMENTO FINANCEIRO RENDA FIXA LONGO PRAZO - RESPONSABILIDADE LIMITADA,Este Fundo não está adaptado às normas vigentes para RPPS (Regimes Próprios de Previdência Social).,https://www.caixa.gov.br/downloads/aplicacao-financeira-laminas/LA_0058.pdf,https://www.caixa.gov.br/downloads/aplicacao-financeira-regulamentos/RG_0058.pdf,https://www.caixa.gov.br/Downloads/aplicacao-financeira-inf-com/FIC_0058.pdf,https://www.caixa.gov.br/Downloads/aplicacao-financeira-comunicado-aos-cotistas/FR_0058.pdf,https://www.caixa.gov.br/Downloads/aplicacao-financeira-carta-mensal/CM_58.pdf,https://www.caixa.gov.br/Downloads/aplicacao-financeira-laminas-comerciais/LAC_58.pdf,https://www.caixa.gov.br/Downloads/aplicacao-financeira-termos-adesao/TA_0058.pdf,,
RENDA FIXA,CAIXA FIC FIF OAB RF CRÉD PRIV LP RESP LTDA,CAIXA FIC FIF OAB RF CRED PRIV LP RESP LTDA,23/09/2014,"3,11290300","0,058","0,43","8,60","14,66","1.803,411",PJ,12/08/2026,12/08/2026,Não,0,Não,PJ | TODOS,https://www.caixa.gov.br/fundos-investimento/renda-fixa/fic-oab-rf-credito-privado-longo-prazo,14.120.488/0001-03,5970,Moderado,0.4,1000.0,100.0,0.01,0.02,D+0 (du),D+0 (du),D+00 (du),CDI,RF Crédito Privado sem Risco Mercado,Aberto para captação,LONGO PRAZO,GERAL,17:00,17h00,Não se aplica,NÃO SE APLICA,,,,Sim,Não,,Não,CAIXA OAB FUNDO DE INVESTIMENTO EM COTAS DE CLASSE DE FUNDO DE INVESTIMENTO FINANCEIRO RENDA FIXA CRÉDITO PRIVADO LONGO PRAZO - RESPONSABILIDADE LIMIT,"Investidores Pessoas Físicas e Jurídicas, desde que previamente atendida a exigência a seguir:

Advogados e estagiários de Direito, filiados à Ordem dos Advogados do Brasil – OAB, e escritórios de advocacia, contemplados na estratégia de relacionamento com a Entidade.
A verificação do atendimento a estes critérios deverá ser feita no âmbito das Agências e Postos de Atendimento.

Movimentações: O FUNDO oferece mecanismo resgate automático.

Para ativar a funcionalidade de Resgate Automático, acessar o SIART -> Movimentação Automática -> Marcar

As regras da funcionalidade de Movimentação Automática estão descritas no MN TE099.

**Esse fundo não possui adiantamento de resgate, os resgates efetuados ficarão disponíveis no processamento noturno.",https://www.caixa.gov.br/downloads/aplicacao-financeira-laminas/LA_5970.pdf,https://www.caixa.gov.br/downloads/aplicacao-financeira-regulamentos/RG_5970.pdf,https://www.caixa.gov.br/Downloads/aplicacao-financeira-inf-com/FIC_5970.pdf,https://www.caixa.gov.br/Downloads/aplicacao-financeira-comunicado-aos-cotistas/COM_5970.pdf,https://www.caixa.gov.br/Downloads/aplicacao-financeira-carta-mensal/CM_5970.pdf,https://www.caixa.gov.br/Downloads/aplicacao-financeira-laminas-comerciais/LAC_5970.pdf,https://www.caixa.gov.br/Downloads/aplicacao-financeira-termos-adesao/TA_5970.pdf,,
RENDA FIXA,CAIXA FIF SAUDE SUPLEMENTAR ANS RF LP - RESP LTDA,CAIXA FIF SAUDE SUPLEMENTAR ANS RF LP - RESP LTDA,15/07/2008,"5,25327000","0,051","0,41","8,44","14,38","809,758",PJ,12/08/2026,12/08/2026,Não,0,Não,PJ | TODOS,https://www.caixa.gov.br/fundos-investimento/renda-fixa/fi-saude-suplementar-anf-rf,09.181.268/0001-41,5080,Conservador,0.35,1000.0,0.01,0.01,100.0,D+0 (du),D+0 (du),D+00 (du),CDI,RF 100% TPF - Longo Prazo,Aberto para captação,LONGO PRAZO,GERAL,17:00,17h00,Sim · Automatico · 90%,AUTOMATICO,90.0,,,Não,Não,,Não,CAIXA SAÚDE SUPLEMENTAR - ANS FUNDO DE INVESTIMENTO FINANCEIRO RENDA FIXA LONGO PRAZO - RESPONSABILIDADE LIMITADA,"¹Condições excepcionais de estorno e movimentação retroativa estão descritas no TE099.
1.	Para providenciar o resgate, a unidade de relacionamento deverá acessar o endereço:  
https://www2.ans.gov.br/SAGA-externo/pages/validaAutorizacao.xhtml
2.	Validar o resgate com o código recebido pela Operadora. 
3.	Desbloquear as cotas no SIART, conforme preceitos do TE099. 
4.	Efetuar o comando de resgate no SIART em D+1 do dia do desbloqueio das cotas, conforme TE099.",https://www.caixa.gov.br/downloads/aplicacao-financeira-laminas/LA_5080.pdf,https://www.caixa.gov.br/downloads/aplicacao-financeira-regulamentos/RG_5080.pdf,https://www.caixa.gov.br/Downloads/aplicacao-financeira-inf-com/FIC_5080.pdf,https://www.caixa.gov.br/Downloads/aplicacao-financeira-comunicado-aos-cotistas/COM_5080.pdf,https://www.caixa.gov.br/Downloads/aplicacao-financeira-carta-mensal/CM_5080.pdf,https://www.caixa.gov.br/Downloads/aplicacao-financeira-laminas-comerciais/LAC_5080.pdf,https://www.caixa.gov.br/Downloads/aplicacao-financeira-termos-adesao/TA_5080.pdf,,
RENDA FIXA,CAIXA FIC FIF TITULO PUBLICO MPE RF LP RESP LTDA,CAIXA FIC FIF TITULO PUBLICO MPE RF LP RESP LTDA,05/10/2012,"3,29829600","0,049","0,40","8,22","13,82","23,908",PJ,12/08/2026,12/08/2026,Não,0,Não,PJ | TODOS,https://www.caixa.gov.br/fundos-investimento/renda-fixa/caixa-fic-tp-mpe-rf-lp/,15.154.429/0001-00,5833,Conservador,0.5,1000.0,100.0,100.0,100.0,D+0 (du),D+0 (du),D+00 (du),CDI,RF 100% TPF - Longo Prazo,Aberto para captação,LONGO PRAZO,GERAL,17:00,17h00,Sim · Automatico · 90%,AUTOMATICO,90.0,"[""PJ Varejo""]","[""PJ Varejo""]",Não,Não,,Não,CAIXA TÍTULO PÚBLICO MPE FUNDO DE INVESTIMENTO EM COTAS DE CLASSE DE FUNDO DE INVESTIMENTO FINANCEIRO RENDA FIXA LONGO PRAZO - RESP LIMITADA,"Fundo reaberto para novas aplicações a partir de 15/01/2024 (inclusive).

Este Fundo não está adaptado às normas vigentes para RPPS (Regimes Próprios de Previdência Social).

Nome alterado de CAIXA FIC EXPANDIR RF LP para CAIXA FIC TITULO PUBLICO MPE RF LP, em 15 JAN 2024, conforme aprovado em Assembleia Geral de Cotistas.",https://www.caixa.gov.br/downloads/aplicacao-financeira-laminas/LA_5833.pdf,https://www.caixa.gov.br/downloads/aplicacao-financeira-regulamentos/RG_5833.pdf,https://www.caixa.gov.br/Downloads/aplicacao-financeira-inf-com/FIC_5833.pdf,https://www.caixa.gov.br/Downloads/aplicacao-financeira-comunicado-aos-cotistas/FR_5833.pdf,https://www.caixa.gov.br/Downloads/aplicacao-financeira-carta-mensal/CM_5833.pdf,https://www.caixa.gov.br/Downloads/aplicacao-financeira-laminas-comerciais/LAC_5833.pdf,https://www.caixa.gov.br/Downloads/aplicacao-financeira-termos-adesao/TA_5833.pdf,,
RENDA FIXA,CAIXA FIC FIFINVESTIDOR RF LP RESP LTDA,CAIXA FIC FIFINVESTIDOR RF LP RESP LTDA,01/06/1999,"19,47502100","0,055","0,41","8,26","14,06","967,333",PJ,12/08/2026,12/08/2026,Não,0,Não,PJ | TODOS,http://www.caixa.gov.br/fundos-investimento/renda-fixa/fic-investidor-rf-longo-prazo,03.164.294/0001-85,89,Moderado,0.85,5000.0,100.0,100.0,500.0,D+0 (du),D+0 (du),D+00 (du),CDI,RF até 49% Crédito Privado,Aberto para captação,LONGO PRAZO,GERAL,17:00,17h00,Sim · Automatico · 90%,AUTOMATICO,90.0,"[""Pessoa Física"", ""Private""]","[""Pessoa Física"", ""Private""]",Não,Não,,Não,CAIXA INVESTIDOR FUNDO DE INVESTIMENTO EM COTAS DE CLASSE DE FUNDO DE INVESTIMENTO FINANCEIRO RENDA FIXA LONGO PRAZO - RESPONSABILIDADE LIMITADA,Este Fundo não está adaptado às normas vigentes para RPPS (Regimes Próprios de Previdência Social).,https://www.caixa.gov.br/downloads/aplicacao-financeira-laminas/LA_0089.pdf,https://www.caixa.gov.br/downloads/aplicacao-financeira-regulamentos/RG_0089.pdf,https://www.caixa.gov.br/Downloads/aplicacao-financeira-inf-com/FIC_0089.pdf,https://www.caixa.gov.br/Downloads/aplicacao-financeira-comunicado-aos-cotistas/FR_0089.pdf,https://www.caixa.gov.br/Downloads/aplicacao-financeira-carta-mensal/CM_89.pdf,https://www.caixa.gov.br/Downloads/aplicacao-financeira-laminas-comerciais/LAC_89.pdf,https://www.caixa.gov.br/Downloads/aplicacao-financeira-termos-adesao/TA_0089.pdf,,
RENDA FIXA,CAIXA EXPERT ABSOLUTE CRETA FIC FIF RF CRED PRIV LP - RESP LTDA,CAIXA EXPERT ABSOLUTE CRETA FIC FIF RF CRED PRIV LP - RESP LTDA,26/03/2025,-,-,-,-,-,-,PJ,12/08/2026,12/08/2026,Não,0,Não,PJ | RPPS,,59.861.817/0001-05,7940,Moderado,0.29,10000.0,100.0,100.0,1000.0,D+0 (du),D+22 (du),D+24 (du),CDI,RF Crédito Privado permite Risco Mercado,Aberto para captação,LONGO PRAZO,GERAL,13:00,13h00,Não se aplica,NÃO SE APLICA,,"[""GOV"", ""Institucional"", ""Pessoa Física"", ""PJ Atacado"", ""PJ Varejo"", ""Private""]","[""GOV"", ""Institucional"", ""Pessoa Física"", ""PJ Atacado"", ""PJ Varejo"", ""Private""]",Não,Não,,Não,CAIXA EXPERT ABSOLUTE CRETA FUNDO DE INVESTIMENTO EM COTAS DE CLASSE DE FIF RENDA FIXA CRÉDITO PRIVADO LONGO PRAZO - RESP LIMITADA,,https://www.caixa.gov.br/downloads/aplicacao-financeira-laminas/LA_7940.pdf,http://www.caixa.gov.br/downloads/aplicacao-financeira-regulamentos/RG_7940.pdf,http://www.caixa.gov.br/Downloads/aplicacao-financeira-inf-com/FIC_7940.pdf,https://www.caixa.gov.br/Downloads/aplicacao-financeira-comunicado-aos-cotistas/COM_7940.pdf,https://www.caixa.gov.br/Downloads/aplicacao-financeira-carta-mensal/CM_7940.pdf,https://www.caixa.gov.br/Downloads/aplicacao-financeira-laminas-comerciais/LAC_7940.pdf,http://www.caixa.gov.br/Downloads/aplicacao-financeira-termos-adesao/TA_7940.pdf,,https://caixa.sharepoint.com/:v:/t/O365GRP-GEICO/EeFPVsuRvYtKt6bMstsCLiUBtcBOAe5vK4jLZ_DjXA4drg?e=XxU8cb
RENDA FIXA,CAIXA FIF FIC EXPERT SULAMERICA RF CRED PRIV LP - RESP LTDA,CAIXA FIF FIC EXPERT SULAMERICA RF CRED PRIV LP - RESP LTDA,26/11/2024,-,-,-,-,-,-,PJ,12/08/2026,12/08/2026,Não,0,Não,PJ | RPPS,https://www.caixa.gov.br/fundos-investimento/renda-fixa/debentures-incentivadas/caixa-expert-vinland-debenture-incentivado/Paginas/default.aspx,10.646.888/0001-98,5156,Moderado,0.5,10000.0,100.0,100.0,1000.0,D+0 (du),D+0 (du),D+00 (du),CDI,RF Crédito Privado sem Risco Mercado,Aberto para captação,LONGO PRAZO,GERAL,17:00,17h00,Sim · Automatico · 90%,AUTOMATICO,90.0,"[""Pessoa Física"", ""PJ Varejo"", ""Private""]","[""Pessoa Física"", ""PJ Varejo"", ""Private""]",Não,Não,,Não,CAIXA EXPERTISE FUNDO DE INVESTIMENTO EM COTAS DE CLASSE DE FUNDO DE INVESTIMENTO FINANCEIRO RENDA FIXA CRÉDITO PRIVADO LONGO PRAZO - RESP LIMITADA,*Este Fundo não está adaptado às normas vigentes para RPPS (Regimes Próprios de Previdência Social).,https://www.caixa.gov.br/downloads/aplicacao-financeira-laminas/LA_5156.pdf,https://www.caixa.gov.br/downloads/aplicacao-financeira-regulamentos/RG_5156.pdf,https://www.caixa.gov.br/Downloads/aplicacao-financeira-inf-com/FIC_5156.pdf,https://www.caixa.gov.br/Downloads/aplicacao-financeira-comunicado-aos-cotistas/COM_5156.pdf,https://www.caixa.gov.br/Downloads/aplicacao-financeira-carta-mensal/CM_5156.pdf,https://www.caixa.gov.br/Downloads/aplicacao-financeira-laminas-comerciais/LAC_5156.pdf,https://www.caixa.gov.br/Downloads/aplicacao-financeira-termos-adesao/TA_5156.pdf,,
RENDA FIXA,CAIXA FIC FIF ESPECIAL RF LP RESP LTDA,CAIXA FIC FIF ESPECIAL RF LP RESP LTDA,25/08/2003,"10,85055000","0,057","0,43","8,55","14,56","2.417,840",PJ,12/08/2026,12/08/2026,Não,0,Não,PJ,https://www.caixa.gov.br/fundos-investimento/renda-fixa/fic-especial-rf-longo-prazo/Paginas/default.aspx,03.737.190/0001-12,84,Moderado,0.4,10000.0,100.0,100.0,1000.0,D+0 (du),D+0 (du),D+00 (du),CDI,RF até 49% Crédito Privado,Aberto para captação,LONGO PRAZO,GERAL,17:00,17h00,Sim · Automatico · 90%,AUTOMATICO,90.0,"[""Private""]","[""Private""]",Não,Não,,Não,CAIXA ESPECIAL FUNDO DE INVESTIMENTO EM COTAS DE CLASSE DE FUNDO DE INVESTIMENTO FINANCEIRO RENDA FIXA LONGO PRAZO - RESPONSABILIDADE LIMITADA,Este Fundo não está adaptado às normas vigentes para RPPS (Regimes Próprios de Previdência Social).,https://www.caixa.gov.br/downloads/aplicacao-financeira-laminas/LA_0084.pdf,https://www.caixa.gov.br/downloads/aplicacao-financeira-regulamentos/RG_0084.pdf,https://www.caixa.gov.br/Downloads/aplicacao-financeira-inf-com/FIC_0084.pdf,https://www.caixa.gov.br/Downloads/aplicacao-financeira-comunicado-aos-cotistas/FR_0084.pdf,https://www.caixa.gov.br/Downloads/aplicacao-financeira-carta-mensal/CM_84.pdf,https://www.caixa.gov.br/Downloads/aplicacao-financeira-laminas-comerciais/LAC_84.pdf,https://www.caixa.gov.br/Downloads/aplicacao-financeira-termos-adesao/TA_0084.pdf,,
RENDA FIXA,CAIXA FIC FIF EXPERTISE RF CRED PRIV LP RESP LTDA,CAIXA FIC FIF EXPERTISE RF CRED PRIV LP RESP LTDA,02/07/2009,"5,06587200","0,059","0,43","8,60","14,66","3.396,195",PJ,12/08/2026,12/08/2026,Não,0,Não,PJ | TODOS,https://www.caixa.gov.br/fundos-investimento/renda-fixa/fic-expertise-rf-credito-privado-longo-prazo,10.646.888/0001-98,5156,Moderado,0.5,10000.0,100.0,100.0,1000.0,D+0 (du),D+0 (du),D+00 (du),CDI,RF Crédito Privado sem Risco Mercado,Aberto para captação,LONGO PRAZO,GERAL,17:00,17h00,Sim · Automatico · 90%,AUTOMATICO,90.0,"[""Pessoa Física"", ""PJ Varejo"", ""Private""]","[""Pessoa Física"", ""PJ Varejo"", ""Private""]",Não,Não,,Não,CAIXA EXPERTISE FUNDO DE INVESTIMENTO EM COTAS DE CLASSE DE FUNDO DE INVESTIMENTO FINANCEIRO RENDA FIXA CRÉDITO PRIVADO LONGO PRAZO - RESP LIMITADA,*Este Fundo não está adaptado às normas vigentes para RPPS (Regimes Próprios de Previdência Social).,https://www.caixa.gov.br/downloads/aplicacao-financeira-laminas/LA_5156.pdf,https://www.caixa.gov.br/downloads/aplicacao-financeira-regulamentos/RG_5156.pdf,https://www.caixa.gov.br/Downloads/aplicacao-financeira-inf-com/FIC_5156.pdf,https://www.caixa.gov.br/Downloads/aplicacao-financeira-comunicado-aos-cotistas/COM_5156.pdf,https://www.caixa.gov.br/Downloads/aplicacao-financeira-carta-mensal/CM_5156.pdf,https://www.caixa.gov.br/Downloads/aplicacao-financeira-laminas-comerciais/LAC_5156.pdf,https://www.caixa.gov.br/Downloads/aplicacao-financeira-termos-adesao/TA_5156.pdf,,
RENDA FIXA,CAIXA FIF INFLACAO PRIVATE 2027 RF LONGO PRAZO,CAIXA FIF INFLACAO PRIVATE 2027 RF LONGO PRAZO,15/08/2024,"1,22808800","0,123","0,72","9,27","14,05","40,802",PJ,12/08/2026,12/08/2026,Não,0,Não,PJ,https://www.caixa.gov.br/fundos-investimento/renda-fixa/caixa-fif-inflacao-2027/Paginas/default.aspx,56.349.290/0001-38,7887,Moderado,0.2,10000.0,0.01,0.01,1000.0,D+0 (du),D+0 (du),D+00 (du),NÃO SE APLICA,RF 100% TPF,Aberto para captação,LONGO PRAZO,GERAL,15:00,15h00,Não se aplica,NÃO SE APLICA,,"[""Private""]","[""Private""]",Não,Sim,2027-05-20T00:00:00Z,Não,CAIXA INFLAÇÃO PRIVATE 2027 FUNDO DE INVESTIMENTO FINANCEIRO RENDA FIXA LONGO PRAZO - RESPONSABILIDADE LIMITADA,Resgates podem ser solicitados a partir de 20/05/2027.,https://www.caixa.gov.br/downloads/aplicacao-financeira-laminas/LA_7887.pdf,http://www.caixa.gov.br/downloads/aplicacao-financeira-regulamentos/RG_7887.pdf,http://www.caixa.gov.br/Downloads/aplicacao-financeira-inf-com/FIC_7887.pdf,https://www.caixa.gov.br/Downloads/aplicacao-financeira-comunicado-aos-cotistas/COM_7887.pdf,https://www.caixa.gov.br/Downloads/aplicacao-financeira-carta-mensal/CM_7887.pdf,https://www.caixa.gov.br/Downloads/aplicacao-financeira-laminas-comerciais/LAC_7887.pdf,http://www.caixa.gov.br/Downloads/aplicacao-financeira-termos-adesao/TA_7887.pdf,,
RENDA FIXA,CAIXA EXPERT VOX DESENV SUSTENTAVEL IS RF CRED PRIV LP - RESP LTDA,CAIXA EXPERT VOX DESENV SUSTENTAVEL IS RF CRED PRIV LP - RESP LTDA,14/11/2025,-,-,-,-,-,-,PJ,12/08/2026,12/08/2026,Não,0,Não,PJ,,63.455.348/0001-93,7987,Moderado,0.17,1000.0,100.0,100.0,100.0,D+0 (du),D+5 (du),D+07 (du),CDI,RF Crédito Privado permite Risco Mercado,Aberto para captação,LONGO PRAZO,GERAL,13:00,13h00,Não se aplica,NÃO SE APLICA,,"[""Pessoa Física"", ""PJ Atacado"", ""PJ Varejo"", ""Private""]","[""Pessoa Física"", ""PJ Atacado"", ""PJ Varejo"", ""Private""]",Não,Não,,Sim,CAIXA EXPERT VOX DESENVOLVIMENTO SUSTENTÁVEL IS FUNDO DE INVESTIMENTO EM COTAS DE CLASSE DE FIF RENDA FIXA CRÉDITO PRIVADO LONGO PRAZO - RESP LIMITADA,,https://www.caixa.gov.br/downloads/aplicacao-financeira-laminas/LA_7987.pdf,https://www.caixa.gov.br/downloads/aplicacao-financeira-regulamentos/RG_7987.pdf,https://www.caixa.gov.br/Downloads/aplicacao-financeira-inf-com/FIC_7987.pdf,https://www.caixa.gov.br/Downloads/aplicacao-financeira-comunicado-aos-cotistas/COM_7987.pdf,https://www.caixa.gov.br/Downloads/aplicacao-financeira-carta-mensal/CM_7987.pdf,https://www.caixa.gov.br/Downloads/aplicacao-financeira-laminas-comerciais/LAC_7987.pdf,https://www.caixa.gov.br/Downloads/aplicacao-financeira-termos-adesao/TA_7987.pdf,,
RENDA FIXA,CAIXA FIC FIF PLUS QUALI RF CREDI PRIV LP RESP LTDA,CAIXA FIC FIF PLUS QUALI RF CREDI PRIV LP RESP LTDA,21/01/2021,"1.877,34836500","0,059","0,43","8,63","14,74","180,985",PJ,12/08/2026,12/08/2026,Não,0,Não,PJ,https://www.caixa.gov.br/fundos-investimento/renda-fixa/fic-plus-qualificado-rf-credito-privado-longo-prazo/Paginas/default.aspx,40.194.314/0001-97,6533,Moderado,0.55,10000.0,100.0,100.0,1000.0,D+1 (du),D+14 (du),D+15 (du),CDI,RF Crédito Privado permite Risco Mercado,Aberto para captação,LONGO PRAZO,QUALIFICADO,17:00,17h00,Sim · Automatico · 100%,AUTOMATICO,100.0,"[""Institucional"", ""Pessoa Física"", ""PJ Atacado"", ""PJ Varejo"", ""Private""]","[""Institucional"", ""Pessoa Física"", ""PJ Atacado"", ""PJ Varejo"", ""Private""]",Não,Não,,Não,CAIXA PLUS QUALIFICADO FUNDO DE INVESTIMENTO EM COTAS DE CLASSE DE FUNDO DE INVESTIMENTO FINANCEIRO RENDA FIXA CRÉDITO PRIVADO LP - RESP LIMITADA,OBS: Este Fundo não está adaptado às normas vigentes para RPPS (Regimes Próprios de Previdência Social).,https://www.caixa.gov.br/downloads/aplicacao-financeira-laminas/LA_6533.pdf,https://www.caixa.gov.br/downloads/aplicacao-financeira-regulamentos/RG_6533.pdf,https://www.caixa.gov.br/Downloads/aplicacao-financeira-inf-com/FIC_6533.pdf,https://www.caixa.gov.br/Downloads/aplicacao-financeira-comunicado-aos-cotistas/COM_6533.pdf,https://www.caixa.gov.br/Downloads/aplicacao-financeira-carta-mensal/CM_6533.pdf,https://www.caixa.gov.br/Downloads/aplicacao-financeira-laminas-comerciais/LAC_6533.pdf,https://www.caixa.gov.br/Downloads/aplicacao-financeira-termos-adesao/TA_6533.pdf,,
RENDA FIXA,CAIXA FIF QUALIFICADO RF CRED PRIV LP - RESP LTDA,CAIXA FIF QUALIFICADO RF CRED PRIV LP - RESP LTDA,01/06/2009,"5,26475700","0,057","0,43","8,59","14,68","853,484",PJ,12/08/2026,12/08/2026,Não,0,Não,PJ,https://www.caixa.gov.br/fundos-investimento/renda-fixa/caixa-fic-plus-qualificado-rf-credito-privado-lp/Paginas/default.aspx,10.551.353/0001-33,5154,Moderado,0.5,20000.0,100.0,100.0,2000.0,D+0 (du),D+1 (du),D+04 (du),CDI,RF Crédito Privado permite Risco Mercado,Aberto para captação,LONGO PRAZO,QUALIFICADO,17:00,17h00,Sim · Automatico · 100%,AUTOMATICO,100.0,"[""Pessoa Física"", ""PJ Varejo"", ""Private""]","[""Pessoa Física"", ""PJ Varejo"", ""Private""]",Não,Não,,Não,CAIXA QUALIFICADO FUNDO DE INVESTIMENTO FINANCEIRO RENDA FIXA CRÉDITO PRIVADO LONGO PRAZO - RESPONSABILIDADE LIMITADA,*Este Fundo não está adaptado às normas vigentes para RPPS (Regimes Próprios de Previdência Social).,https://www.caixa.gov.br/downloads/aplicacao-financeira-laminas/LA_5154.pdf,https://www.caixa.gov.br/downloads/aplicacao-financeira-regulamentos/RG_5154.pdf,https://www.caixa.gov.br/Downloads/aplicacao-financeira-inf-com/FIC_5154.pdf,https://www.caixa.gov.br/Downloads/aplicacao-financeira-comunicado-aos-cotistas/COM_5154.pdf,https://www.caixa.gov.br/Downloads/aplicacao-financeira-carta-mensal/CM_5154.pdf,https://www.caixa.gov.br/Downloads/aplicacao-financeira-laminas-comerciais/LAC_5154.pdf,https://www.caixa.gov.br/Downloads/aplicacao-financeira-termos-adesao/TA_5154.pdf,,
RENDA FIXA,CAIXA FIC FIF RENDA FIXA ATIVA LP RESP LTDA,CAIXA FIC FIF RENDA FIXA ATIVA LP RESP LTDA,22/04/2020,"1.808,87793600","0,051","0,38","7,38","12,92","120,691",PJ,12/08/2026,12/08/2026,Não,0,Não,PJ,https://www.caixa.gov.br/fundos-investimento/renda-fixa/caixa-fic-renda-fixa-ativa-lp/Paginas/default.aspx,35.536.542/0001-68,6482,Moderado,0.4,50000.0,100.0,100.0,5000.0,D+0 (du),D+0 (du),D+01 (du),CDI,RF Ativo,Aberto para captação,LONGO PRAZO,GERAL,16:00,16h00,Sim · Automatico · 100%,AUTOMATICO,100.0,"[""Institucional"", ""Pessoa Física"", ""PJ Atacado"", ""PJ Varejo"", ""Private""]","[""Institucional"", ""Pessoa Física"", ""PJ Atacado"", ""PJ Varejo"", ""Private""]",Não,Não,,Não,CAIXA ATIVA FUNDO DE INVESTIMENTO EM COTAS DE CLASSE DE FUNDO DE INVESTIMENTO FINANCEIRO RENDA FIXA LONGO PRAZO - RESPONSABILIDADE LIMITADA,,https://www.caixa.gov.br/downloads/aplicacao-financeira-laminas/LA_6482.pdf,https://www.caixa.gov.br/downloads/aplicacao-financeira-regulamentos/RG_6482.pdf,https://www.caixa.gov.br/Downloads/aplicacao-financeira-inf-com/FIC_6482.pdf,https://www.caixa.gov.br/Downloads/aplicacao-financeira-comunicado-aos-cotistas/COM_6482.pdf,https://www.caixa.gov.br/Downloads/aplicacao-financeira-carta-mensal/CM_6482.pdf,https://www.caixa.gov.br/Downloads/aplicacao-financeira-laminas-comerciais/LAC_6482.pdf,https://www.caixa.gov.br/Downloads/aplicacao-financeira-termos-adesao/TA_6482.pdf,,
RENDA FIXA,CAIXA FIC FIF PERSONAL RF LP RESP LTDA,CAIXA FIC FIF PERSONAL RF LP RESP LTDA,03/11/1997,"31,34009800","0,056","0,42","8,42","14,35","3.126,509",PJ,12/08/2026,12/08/2026,Não,0,Não,GOV | PJ | TODOS,https://www.caixa.gov.br/fundos-investimento/renda-fixa/fic-personal-rf-longo-prazo,02.201.163/0001-68,83,Moderado,0.6,50000.0,100.0,100.0,5000.0,D+0 (du),D+0 (du),D+00 (du),CDI,RF até 49% Crédito Privado,Aberto para captação,LONGO PRAZO,GERAL,17:00,17h00,Sim · Automatico · 90%,AUTOMATICO,90.0,"[""Pessoa Física""]","[""Pessoa Física""]",Não,Não,,Não,CAIXA PERSONAL FUNDO DE INVESTIMENTO EM COTAS DE CLASSE DE FUNDO DE INVESTIMENTO FINANCEIRO RENDA FIXA LONGO PRAZO - RESPONSABILIDADE LIMITADA,,https://www.caixa.gov.br/downloads/aplicacao-financeira-laminas/LA_0083.pdf,https://www.caixa.gov.br/downloads/aplicacao-financeira-regulamentos/RG_0083.pdf,https://www.caixa.gov.br/Downloads/aplicacao-financeira-inf-com/FIC_0083.pdf,https://www.caixa.gov.br/Downloads/aplicacao-financeira-comunicado-aos-cotistas/FR_0083.pdf,https://www.caixa.gov.br/Downloads/aplicacao-financeira-carta-mensal/CM_83.pdf,https://www.caixa.gov.br/Downloads/aplicacao-financeira-laminas-comerciais/LAC_83.pdf,https://www.caixa.gov.br/Downloads/aplicacao-financeira-termos-adesao/TA_0083.pdf,,
RENDA FIXA,CAIXA FIC FIF PATRIMONIO IND.DE PRECOS RF LP RESP LTDA,CAIXA FIC FIF PATRIMONIO IND.DE PRECOS RF LP RESP LTDA,03/01/2000,"24,23180500","0,075","0,61","8,23","12,54","95,269",PJ,12/08/2026,12/08/2026,Não,0,Não,PJ | TODOS,https://www.caixa.gov.br/fundos-investimento/renda-fixa/fic-patrimonio-indice-precos-rf-longo-prazo,03.191.874/0001-61,46,Moderado,0.3,100000.0,100.0,100.0,10000.0,D+0 (du),D+3 (du),D+03 (du),IPCA+6%,RF Índice de Preços,Aberto para captação,LONGO PRAZO,GERAL,17:00,17h00,Sim · Automatico · 90%,AUTOMATICO,90.0,"[""Institucional"", ""PJ Atacado""]","[""Institucional"", ""PJ Atacado""]",Não,Não,,Não,CAIXA PATRIMÔNIO ÍNDICE DE PREÇOS FUNDO DE INVESTIMENTO EM COTAS DE CLASSE DE FUNDO DE INVESTIMENTO FINANCEIRO RENDA FIXA LONGO PRAZO - RESP LIMITADA,Este Fundo não está adaptado às normas vigentes para RPPS (Regimes Próprios de Previdência Social).,https://www.caixa.gov.br/downloads/aplicacao-financeira-laminas/LA_0046.pdf,https://www.caixa.gov.br/downloads/aplicacao-financeira-regulamentos/RG_0046.pdf,https://www.caixa.gov.br/Downloads/aplicacao-financeira-inf-com/FIC_0046.pdf,https://www.caixa.gov.br/Downloads/aplicacao-financeira-comunicado-aos-cotistas/COM_46.pdf,https://www.caixa.gov.br/Downloads/aplicacao-financeira-carta-mensal/CM_46.pdf,https://www.caixa.gov.br/Downloads/aplicacao-financeira-laminas-comerciais/LAC_46.pdf,https://www.caixa.gov.br/Downloads/aplicacao-financeira-termos-adesao/TA_0046.pdf,,https://web.microsoftstream.com/video/140b7682-00df-491d-b451-73ae70a040fa?channelId=772517ff-88ae-4298-88f2-3ed5a5893c3e
RENDA FIXA,CAIXA FIC FIF MAXI RENDA FIXA CRED PRIV LP - RESP LTDA,CAIXA FIC FIF MAXI RENDA FIXA CRED PRIV LP - RESP LTDA,04/03/2013,"3,65678500","0,060","0,44","8,73","14,89","16.343,158",PJ,12/08/2026,12/08/2026,Não,0,Não,PJ,https://www.caixa.gov.br/fundos-investimento/renda-fixa/fic-maxi-rf-credito-privado-longo-prazo/Paginas/default.aspx,17.322.725/0001-07,5908,Moderado,0.3,100000.0,100.0,100.0,10000.0,D+0 (du),D+0 (du),D+00 (du),CDI,RF Crédito Privado sem Risco Mercado,Aberto para captação,LONGO PRAZO,GERAL,17:00,17h00,Sim · Automatico · 90%,AUTOMATICO,90.0,"[""Pessoa Física"", ""PJ Atacado"", ""PJ Varejo"", ""Private""]","[""Pessoa Física"", ""PJ Atacado"", ""PJ Varejo"", ""Private""]",Não,Não,,Não,CAIXA MAXI FUNDO DE INVESTIMENTO EM COTAS DE CLASSE DE FUNDO DE INVESTIMENTO FINANCEIRO RENDA FIXA CRÉDITO PRIVADO LONGO PRAZO - RESP LIMITADA,*Este Fundo não está adaptado às normas vigentes para RPPS (Regimes Próprios de Previdência Social).,https://www.caixa.gov.br/downloads/aplicacao-financeira-laminas/LA_5908.pdf,https://www.caixa.gov.br/downloads/aplicacao-financeira-regulamentos/RG_5908.pdf,https://www.caixa.gov.br/Downloads/aplicacao-financeira-inf-com/FIC_5908.pdf,https://www.caixa.gov.br/Downloads/aplicacao-financeira-comunicado-aos-cotistas/COM_5908.pdf,https://www.caixa.gov.br/Downloads/aplicacao-financeira-carta-mensal/CM_5908.pdf,https://www.caixa.gov.br/Downloads/aplicacao-financeira-laminas-comerciais/LAC_5908.pdf,https://www.caixa.gov.br/Downloads/aplicacao-financeira-termos-adesao/TA_5908.pdf,,https://web.microsoftstream.com/video/1689d147-ff5e-41df-9e77-e9270bae338b?channelId=772517ff-88ae-4298-88f2-3ed5a5893c3e
RENDA FIXA,CAIXA GIRO EMPRESAS FIC FIF RF REF DI LP RESP LTDA,CAIXA GIRO EMPRESAS FIC FIF RF REF DI LP RESP LTDA,27/03/2013,"3,35472100","0,049","0,40","8,28","14,13","8.127,247",PJ,12/08/2026,12/08/2026,Não,0,Não,PJ,https://www.caixa.gov.br/fundos-investimento/referenciados/fic-giro-empresas-ref-di-longo-prazo/Paginas/default.aspx,16.916.063/0001-22,5901,Conservador,0.4,500000.0,100.0,0.01,0.02,D+0 (du),D+0 (du),D+00 (du),CDI,RF DI até 49% Crédito Privado,Aberto para captação,LONGO PRAZO,GERAL,18:00,18h00,Não se aplica,NÃO SE APLICA,,"[""Institucional"", ""PJ Atacado"", ""PJ Varejo""]","[""Institucional"", ""PJ Atacado"", ""PJ Varejo""]",Sim,Não,,Não,CAIXA GIRO EMPRESAS FUNDO DE INVESTIMENTO EM COTAS DE CLASSE DE FUNDO DE INVESTIMENTO FINANCEIRO RENDA FIXA REFERENCIADO DI LP - RESP LIMITADA,"Este Fundo não está adaptado às normas vigentes para RPPS (Regimes Próprios de Previdência Social).

OBS: Fundo com movimentação exclusiva na plataforma.caixa

Movimentações: O FUNDO oferece mecanismo resgate automático.

Para ativar a funcionalidade de Resgate Automático, acessar o SIART -> Movimentação Automática -> Marcar

As regras da funcionalidade de Movimentação Automática estão descritas no MN TE099.

**Esse fundo não possui adiantamento de resgate, os resgates efetuados ficarão disponíveis no processamento noturno.",https://www.caixa.gov.br/downloads/aplicacao-financeira-laminas/LA_5901.pdf,https://www.caixa.gov.br/downloads/aplicacao-financeira-regulamentos/RG_5901.pdf,https://www.caixa.gov.br/Downloads/aplicacao-financeira-inf-com/FIC_5901.pdf,https://www.caixa.gov.br/Downloads/aplicacao-financeira-comunicado-aos-cotistas/COM_5901.pdf,https://www.caixa.gov.br/Downloads/aplicacao-financeira-carta-mensal/CM_5901.pdf,https://www.caixa.gov.br/Downloads/aplicacao-financeira-laminas-comerciais/LAC_5901.pdf,https://www.caixa.gov.br/Downloads/aplicacao-financeira-termos-adesao/TA_5901.pdf,,
RENDA FIXA,CAIXA FIF FIDELIDADE II RF CRÉD PRIV LP,CAIXA FIF FIDELIDADE II RF CRED PRIV LP,03/06/2009,"5,43541100","0,061","0,45","8,79","15,03","1.497,360",PJ,12/08/2026,12/08/2026,Não,0,Não,PJ,https://www.caixa.gov.br/fundos-investimento/renda-fixa/fi-fidelidade-ii-rf-credito-privado-longo-prazo/Paginas/default.aspx,10.322.668/0001-09,5410,Moderado,0.05,1000000.0,1000.0,1000.0,500000.0,D+0 (du),D+0 (du),D+00 (du),CDI,RF Crédito Privado permite Risco Mercado,Aberto para captação,LONGO PRAZO,QUALIFICADO,17:00,17h00,Sim · Automatico · 90%,AUTOMATICO,90.0,"[""Private""]","[""Private""]",Não,Não,,Não,CAIXA FIDELIDADE II FUNDO DE INVESTIMENTO FINANCEIRO RENDA FIXA CRÉDITO PRIVADO LONGO PRAZO - RESPONSABILIDADE LIMITADA,"Este Fundo não está adaptado às normas vigentes para RPPS (Regimes Próprios de Previdência Social). Há incidência de taxa de saída no Fundo, conforme exposto no Regulamento.

Aberto para novas aplicações a partir de 01/12/2025, inclusive.",https://www.caixa.gov.br/downloads/aplicacao-financeira-laminas/LA_5410.pdf,https://www.caixa.gov.br/downloads/aplicacao-financeira-regulamentos/RG_5410.pdf,https://www.caixa.gov.br/Downloads/aplicacao-financeira-inf-com/FIC_5410.pdf,https://www.caixa.gov.br/Downloads/aplicacao-financeira-comunicado-aos-cotistas/FR_5410.pdf,https://www.caixa.gov.br/Downloads/aplicacao-financeira-carta-mensal/CM_5410.pdf,https://www.caixa.gov.br/Downloads/aplicacao-financeira-laminas-comerciais/LAC_5410.pdf,https://www.caixa.gov.br/Downloads/aplicacao-financeira-termos-adesao/TA_5410.pdf,,
RENDA FIXA,CAIXA FIF SAFIRA CORPORATIVO RF LP - RESP LTDA,CAIXA FIF SAFIRA CORPORATIVO RF LP - RESP LTDA,11/05/2009,"5,00385900","0,051","0,41","8,52","14,54","2.958,103",PJ,12/08/2026,12/08/2026,Não,0,Não,PJ,https://www.caixa.gov.br/fundos-investimento/renda-fixa/referenciados/fi-safira-corporativo-rf-lp,10.384.413/0001-70,5148,Conservador,0.1,3000000.0,100.0,100.0,300000.0,D+0 (du),D+0 (du),D+00 (du),CDI,RF 100% TPF - Longo Prazo,Aberto para captação,LONGO PRAZO,GERAL,17:00,17h00,Sim · Automatico · 90%,AUTOMATICO,90.0,"[""Institucional"", ""PJ Atacado"", ""PJ Varejo""]","[""Institucional"", ""PJ Atacado"", ""PJ Varejo""]",Não,Não,,Não,CAIXA SAFIRA CORPORATIVO FUNDO DE INVESTIMENTO FINANCEIRO RENDA FIXA LONGO PRAZO - RESPONSABILIDADE LIMITADA,,https://www.caixa.gov.br/downloads/aplicacao-financeira-laminas/LA_5148.pdf,https://www.caixa.gov.br/downloads/aplicacao-financeira-regulamentos/RG_5148.pdf,https://www.caixa.gov.br/Downloads/aplicacao-financeira-inf-com/FIC_5148.pdf,https://www.caixa.gov.br/Downloads/aplicacao-financeira-comunicado-aos-cotistas/COM_5148.pdf,https://www.caixa.gov.br/Downloads/aplicacao-financeira-carta-mensal/CM_5148.pdf,https://www.caixa.gov.br/Downloads/aplicacao-financeira-laminas-comerciais/LAC_5148.pdf,https://www.caixa.gov.br/Downloads/aplicacao-financeira-termos-adesao/TA_5148.pdf,,https://web.microsoftstream.com/video/edcf6e85-7c1c-4dd4-9cc1-599dd69841dc?channelId=772517ff-88ae-4298-88f2-3ed5a5893c3e
RENDA FIXA,CAIXA FIF DIAMANTE CORP RF CRED PRIV LP - RESP LTDA,CAIXA FIF DIAMANTE CORP RF CRED PRIV LP - RESP LTDA,06/11/2019,"1.937,21100900","0,060","0,45","8,82","15,03","16.858,683",PJ,12/08/2026,12/08/2026,Não,0,Não,PJ | TODOS,https://www.caixa.gov.br/fundos-investimento/empresa/renda-fixa/credito-privado/caixa-fi-diamante-corporativo-rf-cred-priv-lp,29.157.520/0001-94,6445,Conservador,0.12,3000000.0,100.0,100.0,300000.0,D+0 (du),D+0 (du),D+00 (du),CDI,RF Crédito Privado permite Risco Mercado,Aberto para captação,LONGO PRAZO,PROFISSIONAL,17:00,17h00,Sim · Automatico · 95%,AUTOMATICO,95.0,"[""Institucional"", ""PJ Atacado""]","[""Institucional"", ""PJ Atacado""]",Não,Não,,Não,CAIXA DIAMANTE CORPORATIVO FUNDO DE INVESTIMENTO FINANCEIRO RENDA FIXA CRÉDITO PRIVADO LONGO PRAZO - RESPONSABILIDADE LIMITADA,,https://www.caixa.gov.br/downloads/aplicacao-financeira-laminas/LA_6445.pdf,https://www.caixa.gov.br/downloads/aplicacao-financeira-regulamentos/RG_6445.pdf,https://www.caixa.gov.br/Downloads/aplicacao-financeira-inf-com/FIC_6445.pdf,https://www.caixa.gov.br/Downloads/aplicacao-financeira-comunicado-aos-cotistas/COM_6445.pdf,https://www.caixa.gov.br/Downloads/aplicacao-financeira-carta-mensal/CM_6445.pdf,https://www.caixa.gov.br/Downloads/aplicacao-financeira-laminas-comerciais/LAC_6445.pdf,https://www.caixa.gov.br/Downloads/aplicacao-financeira-termos-adesao/TA_6445.pdf,,https://web.microsoftstream.com/video/513ae285-b3cb-42e6-a51a-984face9af08?channelId=772517ff-88ae-4298-88f2-3ed5a5893c3e
RENDA FIXA,CAIXA FIC INST SOBERANO PLUS RF,CAIXA FIC INST SOBERANO PLUS RF,21/10/2022,"1,58918800","0,052","0,41","8,56","14,60","367,859",PJ,12/08/2026,12/08/2026,Não,0,Não,PJ,https://www.caixa.gov.br/fundos-investimento/renda-fixa/fic-institucional-soberano-plus-rf-lp/Paginas/default.aspx,42.196.029/0001-30,6606,Moderado,0.1,5000000.0,100.0,100.0,500000.0,D+0 (du),D+0 (du),D+00 (du),CDI,RF 100% TPF,Aberto para captação,LONGO PRAZO,GERAL,16:00,16h00,Não se aplica,NÃO SE APLICA,,,,Não,Não,,Não,CAIXA INSTITUCIONAL SOBERANO PLUS FUNDO DE INVESTIMENTO EM COTAS DE CLASSE DE FUNDO DE INVESTIMENTO FINANCEIRO RENDA FIXA - RESPONSABILIDADE LIMITADA,,https://www.caixa.gov.br/downloads/aplicacao-financeira-laminas/LA_6606.pdf,https://www.caixa.gov.br/downloads/aplicacao-financeira-regulamentos/RG_6606.pdf,https://www.caixa.gov.br/Downloads/aplicacao-financeira-inf-com/FIC_6606.pdf,https://www.caixa.gov.br/Downloads/aplicacao-financeira-comunicado-aos-cotistas/COM_6606.pdf,https://www.caixa.gov.br/Downloads/aplicacao-financeira-carta-mensal/CM_6606.pdf,https://www.caixa.gov.br/Downloads/aplicacao-financeira-laminas-comerciais/LAC_6606.pdf,https://www.caixa.gov.br/Downloads/aplicacao-financeira-termos-adesao/TA_6606.pdf,,
RENDA FIXA,CAIXA FIF SAUDE SUPLEMENTAR ANS II RF LP - RESP LTDA,CAIXA FIF SAUDE SUPLEMENTAR ANS II RF LP - RESP LTDA,04/12/2008,"5,25768000","0,052","0,42","8,60","14,66","303,496",PJ,12/08/2026,12/08/2026,Não,0,Não,PJ | TODOS,https://www.caixa.gov.br/fundos-investimento/renda-fixa/fi-saude-suplementar-ans-ii-rf-longo-prazo,09.548.725/0001-93,5132,Conservador,0.07,10000000.0,0.01,0.01,0.01,D+0 (du),D+0 (du),D+00 (du),CDI,RF 100% TPF - Longo Prazo,Aberto para captação,LONGO PRAZO,QUALIFICADO,17:00,17h00,Sim · Automatico · 90%,AUTOMATICO,90.0,,,Não,Não,,Não,CAIXA SAUDE SUPLEMENTAR - ANS II FUNDO DE INVESTIMENTO FINANCEIRO RENDA FIXA LONGO PRAZO - RESPONSABILIDADE LIMITADA,"¹Condições excepcionais de estorno e movimentação retroativa estão descritas no TE099.
1.	Para providenciar o resgate, a unidade de relacionamento deverá acessar o endereço:  
https://www2.ans.gov.br/SAGA-externo/pages/validaAutorizacao.xhtml
2.	Validar o resgate com o código recebido pela Operadora. 
3.	Desbloquear as cotas no SIART, conforme preceitos do TE099. 
4.	Efetuar o comando de resgate no SIART em D+1 do dia do desbloqueio das cotas, conforme TE099.",https://www.caixa.gov.br/downloads/aplicacao-financeira-laminas/LA_5132.pdf,https://www.caixa.gov.br/downloads/aplicacao-financeira-regulamentos/RG_5132.pdf,https://www.caixa.gov.br/Downloads/aplicacao-financeira-inf-com/FIC_5132.pdf,https://www.caixa.gov.br/Downloads/aplicacao-financeira-comunicado-aos-cotistas/COM_5132.pdf,https://www.caixa.gov.br/Downloads/aplicacao-financeira-carta-mensal/CM_5132.pdf,https://www.caixa.gov.br/Downloads/aplicacao-financeira-laminas-comerciais/LAC_5132.pdf,https://www.caixa.gov.br/Downloads/aplicacao-financeira-termos-adesao/TA_5132.pdf,,
RENDA FIXA,CAIXA FIF SEBRAE RF LP RESP LTDA,CAIXA FIF SEBRAE RF LP RESP LTDA,22/12/2000,"18,37706100","0,052","0,41","8,54","14,61","4.832,794",PJ,12/08/2026,12/08/2026,Não,0,Não,PJ | TODOS,https://www.caixa.gov.br/fundos-investimento/empresa/renda-fixa/fi-sebrae-rf-longo-prazo/Paginas/default.aspx,03.737.227/0001-02,5053,Moderado,,0.01,0.01,0.01,0.01,D+0 (du),D+0 (du),D+01 (du),CDI,RF até 49% Crédito Privado,Aberto para captação,LONGO PRAZO,QUALIFICADO,17:00,17h00,Sim · Automatico · 90%,AUTOMATICO,90.0,,,Não,Não,,Não,SEBRAE CLASSE DE FUNDO DE INVESTIMENTO FINANCEIRO RENDA FIXA LONGO PRAZO - RESPONSABILIDADE LIMITADA,,https://www.caixa.gov.br/downloads/aplicacao-financeira-laminas/LA_5053.pdf,https://www.caixa.gov.br/downloads/aplicacao-financeira-regulamentos/RG_5053.pdf,https://www.caixa.gov.br/Downloads/aplicacao-financeira-inf-com/FIC_5053.pdf,https://www.caixa.gov.br/Downloads/aplicacao-financeira-comunicado-aos-cotistas/COM_5053.pdf,https://www.caixa.gov.br/Downloads/aplicacao-financeira-carta-mensal/CM_5053.pdf,https://www.caixa.gov.br/Downloads/aplicacao-financeira-laminas-comerciais/LAC_5053.pdf,https://www.caixa.gov.br/Downloads/aplicacao-financeira-termos-adesao/TA_5053.pdf,,
RENDA FIXA,CAIXA FIF CNI RF LP - RESP LTDA,CAIXA FIF CNI RF LP - RESP LTDA,26/01/2005,"8,93379600","0,051","0,41","8,48","14,52","3.881,296",PJ,12/08/2026,12/08/2026,Não,0,Não,PJ | TODOS,https://www.caixa.gov.br/fundos-investimento/empresa/renda-fixa/fi-cni-rf-longo-prazo/Paginas/default.aspx,05.164.366/0001-10,5066,Moderado,0.07,1.0,1.0,1.0,1.0,D+0 (du),D+0 (du),D+00 (du),CDI,RF 100% TPF - Longo Prazo,Aberto para captação,LONGO PRAZO,PROFISSIONAL,17:00,17h00,Sim · Automatico · 90%,AUTOMATICO,90.0,,,Não,Não,,Não,CAIXA CNI FUNDO DE INVESTIMENTO FINANCEIRO RENDA FIXA LONGO PRAZO - RESPONSABILIDADE LIMITADA,,https://www.caixa.gov.br/downloads/aplicacao-financeira-laminas/LA_5066.pdf,https://www.caixa.gov.br/downloads/aplicacao-financeira-regulamentos/RG_5066.pdf,https://www.caixa.gov.br/Downloads/aplicacao-financeira-inf-com/FIC_5066.pdf,https://www.caixa.gov.br/Downloads/aplicacao-financeira-comunicado-aos-cotistas/COM_5066.pdf,https://www.caixa.gov.br/Downloads/aplicacao-financeira-carta-mensal/CM_5066.pdf,https://www.caixa.gov.br/Downloads/aplicacao-financeira-laminas-comerciais/LAC_5066.pdf,https://www.caixa.gov.br/Downloads/aplicacao-financeira-termos-adesao/TA_5066.pdf,,
RENDA FIXA REFERENCIADO,CAIXA BRASIL ESMERALDA FIC FIF RF REF DI CRED PRIV LONGO PRAZO RESP LTDA,CAIXA BRASIL ESMERALDA FIC FIF RF REF DI CRED PRIV LONGO PRAZO RESP LTDA,10/08/2026,-,-,-,-,-,-,PJ,12/08/2026,12/08/2026,Não,0,Não,PJ | RPPS,,68.375.792/0001-12,8517,Conservador,0.2,0.01,0.01,0.01,0.01,D+0 (du),D+0 (du),D+00 (du),CDI,RF Crédito Privado sem Risco Mercado,Aberto para captação,LONGO PRAZO,GERAL,17:00,17h00,Sim · Automatico · 95%,AUTOMATICO,95.0,"[""GOV"", ""RPPS""]","[""GOV"", ""RPPS""]",Não,Não,,Não,CAIXA BRASIL ESMERALDA FIC DE CLASSE DE FUNDO DE INVESTIMENTO FINANCEIRO RENDA FIXA REFERENCIADO DI CRÉDITO PRIVADO LONGO PRAZO - RESP LIMITADA,,https://www.caixa.gov.br/downloads/aplicacao-financeira-laminas/LA_8517.pdf,https://www.caixa.gov.br/downloads/aplicacao-financeira-regulamentos/RG_8517.pdf,https://www.caixa.gov.br/Downloads/aplicacao-financeira-inf-com/FIC_8517.pdf,https://www.caixa.gov.br/Downloads/aplicacao-financeira-comunicado-aos-cotistas/COM_8517.pdf,https://www.caixa.gov.br/Downloads/aplicacao-financeira-carta-mensal/CM_8517.pdf,https://www.caixa.gov.br/Downloads/aplicacao-financeira-laminas-comerciais/LAC_8517.pdf,https://www.caixa.gov.br/Downloads/aplicacao-financeira-termos-adesao/TA_8517.pdf,,
RENDA FIXA REFERENCIADO,CAIXA FIC FIF PLENO REF DI LP RESP LTDA,CAIXA FIC FIF PLENO REF DI LP RESP LTDA,14/06/2010,"3,69001600","0,055","0,41","8,33","14,21","2.287,800",PJ,12/08/2026,12/08/2026,Não,0,Não,PJ | TODOS,https://www.caixa.gov.br/fundos-investimento/referenciados/fic-pleno-ref-di-longo-prazo,10.740.508/0001-80,5498,Conservador,0.7,100.0,100.0,100.0,10.0,D+0 (du),D+0 (du),D+00 (du),CDI,RF DI até 49% Crédito Privado,Aberto para captação,LONGO PRAZO,GERAL,17:00,17h00,Sim · Automatico · 95%,AUTOMATICO,95.0,"[""Pessoa Física"", ""Private""]","[""Pessoa Física"", ""Private""]",Não,Não,,Não,CAIXA PLENO FUNDO DE INVESTIMENTO EM COTAS DE CLASSE DE FUNDO DE INVESTIMENTO FINANCEIRO RENDA FIXA REFERENCIADO DI LONGO PRAZO - RESP LIMITADA,"*Este Fundo não está adaptado às normas vigentes para RPPS (Regimes Próprios de Previdência Social).""",https://www.caixa.gov.br/downloads/aplicacao-financeira-laminas/LA_5498.pdf,https://www.caixa.gov.br/downloads/aplicacao-financeira-regulamentos/RG_5498.pdf,https://www.caixa.gov.br/Downloads/aplicacao-financeira-inf-com/FIC_5498.pdf,https://www.caixa.gov.br/Downloads/aplicacao-financeira-comunicado-aos-cotistas/COM_5498.pdf,https://www.caixa.gov.br/Downloads/aplicacao-financeira-carta-mensal/CM_5498.pdf,https://www.caixa.gov.br/Downloads/aplicacao-financeira-laminas-comerciais/LAC_5498.pdf,https://www.caixa.gov.br/Downloads/aplicacao-financeira-termos-adesao/TA_5498.pdf,,https://web.microsoftstream.com/video/5f6afa60-a43f-403c-8879-e04a2d36c5fa?channelId=772517ff-88ae-4298-88f2-3ed5a5893c3e
RENDA FIXA REFERENCIADO,CAIXA FIC FIF GIRO MPE REF DI LP RESP LTDA,CAIXA FIC FIF GIRO MPE REF DI LP RESP LTDA,09/09/2013,"2,89076900","0,046","0,37","7,70","13,12","14.202,049",PJ,12/08/2026,12/08/2026,Não,0,Não,PJ,https://www.caixa.gov.br/fundos-investimento/referenciados/fic-giro-mpe-ref-di-longo-prazo/Paginas/default.aspx,10.551.370/0001-70,5948,Conservador,1.3,1000.0,100.0,0.01,0.02,D+0 (du),D+0 (du),D+00 (du),CDI,RF DI até 49% Crédito Privado,Aberto para captação,LONGO PRAZO,GERAL,18:00,18h00,Não se aplica,NÃO SE APLICA,,"[""PJ Atacado"", ""PJ Varejo""]","[""PJ Atacado"", ""PJ Varejo""]",Sim,Não,,Não,CAIXA GIRO MPE FUNDO DE INVESTIMENTO EM COTAS DE CLASSE DE FUNDO DE INVESTIMENTO FINANCEIRO RENDA FIXA REFERENCIADO DI LONGO PRAZO - RESP LIMITADA,"Este Fundo não está adaptado às normas vigentes para RPPS (Regimes Próprios de Previdência Social).

OBS: Fundo com movimentação exclusiva na plataforma.caixa

Movimentações: O FUNDO oferece mecanismo resgate automático.

Para ativar a funcionalidade de Resgate Automático, acessar o SIART -> Movimentação Automática -> Marcar

As regras da funcionalidade de Movimentação Automática estão descritas no MN TE099.

**Esse fundo não possui adiantamento de resgate, os resgates efetuados ficarão disponíveis no processamento noturno.",https://www.caixa.gov.br/downloads/aplicacao-financeira-laminas/LA_5948.pdf,https://www.caixa.gov.br/downloads/aplicacao-financeira-regulamentos/RG_5948.pdf,https://www.caixa.gov.br/Downloads/aplicacao-financeira-inf-com/FIC_5948.pdf,https://www.caixa.gov.br/Downloads/aplicacao-financeira-comunicado-aos-cotistas/COM_5948.pdf,https://www.caixa.gov.br/Downloads/aplicacao-financeira-carta-mensal/CM_5948.pdf,https://www.caixa.gov.br/Downloads/aplicacao-financeira-laminas-comerciais/LAC_5948.pdf,https://www.caixa.gov.br/Downloads/aplicacao-financeira-termos-adesao/TA_5948.pdf,,
RENDA FIXA REFERENCIADO,CAIXA FIC FIF SIGMA RF REF DI LP RESP LTDA,CAIXA FIC FIF SIGMA RF REF DI LP RESP LTDA,01/12/2009,"4,56204500","0,050","0,41","8,43","14,39","16.858,587",PJ,12/08/2026,12/08/2026,Não,0,Não,GOV | PJ | TODOS,https://www.caixa.gov.br/fundos-investimento/referenciados/fic-sigma-ref-di-longo-prazo,10.731.794/0001-17,5171,Conservador,0.35,50000.0,100.0,100.0,5000.0,D+0 (du),D+0 (du),D+00 (du),CDI,RF REF DI 100% TPF,Aberto para captação,LONGO PRAZO,GERAL,17:00,17h00,Sim · Automatico · 95%,AUTOMATICO,95.0,"[""Institucional"", ""Pessoa Física"", ""PJ Atacado"", ""PJ Varejo"", ""Private""]","[""Institucional"", ""Pessoa Física"", ""PJ Atacado"", ""PJ Varejo"", ""Private""]",Não,Não,,Não,CAIXA SIGMA FUNDO DE INVESTIMENTO EM COTAS DE CLASSE DE FUNDO DE INVESTIMENTO FINANCEIRO RENDA FIXA REFERENCIADO DI LONGO PRAZO - RESP LIMITADA,,https://www.caixa.gov.br/downloads/aplicacao-financeira-laminas/LA_5171.pdf,https://www.caixa.gov.br/downloads/aplicacao-financeira-regulamentos/RG_5171.pdf,https://www.caixa.gov.br/Downloads/aplicacao-financeira-inf-com/FIC_5171.pdf,https://www.caixa.gov.br/Downloads/aplicacao-financeira-comunicado-aos-cotistas/COM_5171.pdf,https://www.caixa.gov.br/Downloads/aplicacao-financeira-carta-mensal/CM_5171.pdf,https://www.caixa.gov.br/Downloads/aplicacao-financeira-laminas-comerciais/LAC_5171.pdf,https://www.caixa.gov.br/Downloads/aplicacao-financeira-termos-adesao/TA_5171.pdf,,https://web.microsoftstream.com/video/4be15710-4acb-4afd-a959-c6ed0d090cac?channelId=772517ff-88ae-4298-88f2-3ed5a5893c3e
RENDA FIXA REFERENCIADO,CAIXA FIC FIF MEGA RF REFERENC DI LONGO PRAZO - RESP LTDA,CAIXA FIC FIF MEGA RF REFERENC DI LONGO PRAZO - RESP LTDA,03/02/2009,"5,22607600","0,056","0,42","8,62","14,70","22.708,783",PJ,12/08/2026,12/08/2026,Não,0,Não,PJ,https://www.caixa.gov.br/fundos-investimento/referenciados/fic-mega-ref-di-longo-prazo/Paginas/default.aspx,10.322.633/0001-70,5411,Conservador,0.25,100000.0,100.0,100.0,10000.0,D+0 (du),D+0 (du),D+00 (du),CDI,RF DI até 49% Crédito Privado,Aberto para captação,LONGO PRAZO,GERAL,17:00,17h00,Sim · Automatico · 95%,AUTOMATICO,95.0,"[""Institucional"", ""Pessoa Física"", ""PJ Atacado"", ""PJ Varejo"", ""Private""]","[""Institucional"", ""Pessoa Física"", ""PJ Atacado"", ""PJ Varejo"", ""Private""]",Não,Não,,Não,CAIXA MEGA FUNDO DE INVESTIMENTO FINANCEIRO RENDA FIXA REFERENCIADO DI LONGO PRAZO - RESPONSABILIDADE LIMITADA,,https://www.caixa.gov.br/downloads/aplicacao-financeira-laminas/LA_5411.pdf,https://www.caixa.gov.br/downloads/aplicacao-financeira-regulamentos/RG_5411.pdf,https://www.caixa.gov.br/Downloads/aplicacao-financeira-inf-com/FIC_5411.pdf,https://www.caixa.gov.br/Downloads/aplicacao-financeira-comunicado-aos-cotistas/COM_5411.pdf,https://www.caixa.gov.br/Downloads/aplicacao-financeira-carta-mensal/CM_5411.pdf,https://www.caixa.gov.br/Downloads/aplicacao-financeira-laminas-comerciais/LAC_5411.pdf,https://www.caixa.gov.br/Downloads/aplicacao-financeira-termos-adesao/TA_5411.pdf,,https://web.microsoftstream.com/video/6fd51e32-7197-4736-ab0d-031b75c372fd?channelId=772517ff-88ae-4298-88f2-3ed5a5893c3e
RENDA FIXA REFERENCIADO,CAIXA FIC FIF RUBI RF REF DI LP RESP LTDA,CAIXA FIC FIF RUBI RF REF DI LP RESP LTDA,15/07/2009,"4,89051900","0,056","0,42","8,59","14,66","9.592,040",PJ,12/08/2026,12/08/2026,Não,0,Não,GOV | PJ | TODOS,https://www.caixa.gov.br/fundos-investimento/referenciados/fic-rubi-ref-di-longo-prazo/Paginas/default.aspx,10.646.885/0001-54,5157,Conservador,0.3,200000.0,100.0,100.0,20000.0,D+0 (du),D+0 (du),D+00 (du),CDI,RF DI até 49% Crédito Privado,Aberto para captação,LONGO PRAZO,GERAL,17:00,17h00,Sim · Automatico · 95%,AUTOMATICO,95.0,"[""Institucional"", ""PJ Atacado"", ""PJ Varejo""]","[""Institucional"", ""PJ Atacado"", ""PJ Varejo""]",Não,Não,,Não,CAIXA RUBI FUNDO DE INVESTIMENTO EM COTAS DE CLASSE DE FUNDO DE INVESTIMENTO FINANCEIRO RENDA FIXA REFERENCIADO DI LONGO PRAZO - RESP LIMITADA,Este Fundo não está adaptado às normas vigentes para RPPS (Regimes Próprios de Previdência Social).,https://www.caixa.gov.br/downloads/aplicacao-financeira-laminas/LA_5157.pdf,https://www.caixa.gov.br/downloads/aplicacao-financeira-regulamentos/RG_5157.pdf,https://www.caixa.gov.br/Downloads/aplicacao-financeira-inf-com/FIC_5157.pdf,https://www.caixa.gov.br/Downloads/aplicacao-financeira-comunicado-aos-cotistas/COM_5157.pdf,https://www.caixa.gov.br/Downloads/aplicacao-financeira-carta-mensal/CM_5157.pdf,https://www.caixa.gov.br/Downloads/aplicacao-financeira-laminas-comerciais/LAC_5157.pdf,https://www.caixa.gov.br/Downloads/aplicacao-financeira-termos-adesao/TA_5157.pdf,,https://web.microsoftstream.com/video/3cd97374-bb4b-4204-bdef-48cfa0e370c8?channelId=772517ff-88ae-4298-88f2-3ed5a5893c3e
RENDA FIXA REFERENCIADO,CAIXA FIC ESMERALDA CORP RF REF DI CRED PRIV LP - RESP LTDA,CAIXA FIC ESMERALDA CORP RF REF DI CRED PRIV LP - RESP LTDA,03/11/2023,"1,41065400","0,053","0,43","8,74","14,94","3.552,586",PJ,12/08/2026,12/08/2026,Não,0,Não,PJ,https://www.caixa.gov.br/fundos-investimento/referenciados/fic-esmeralda-corp-ref-di/Paginas/default.aspx,52.699.555/0001-77,6996,Conservador,0.12,3000000.0,100.0,100.0,300000.0,D+0 (du),D+0 (du),D+00 (du),OUTROS,RF Crédito Privado sem Risco Mercado,Aberto para captação,LONGO PRAZO,GERAL,17:00,17h00,Não disponível,AUTOMATICO,95.0,"[""Institucional"", ""PJ Atacado"", ""PJ Varejo""]","[""Institucional"", ""PJ Atacado"", ""PJ Varejo""]",Não,Não,,Não,CAIXA ESMERALDA CORPORATIVO FIC DE CLASSE DE FUNDO DE INVESTIMENTO FINANCEIRO RENDA FIXA REFERENCIADO DI CRÉDITO PRIVADO LONGO PRAZO - RESP LIMITADA,,https://www.caixa.gov.br/downloads/aplicacao-financeira-laminas/LA_6996.pdf,https://www.caixa.gov.br/downloads/aplicacao-financeira-regulamentos/RG_6996.pdf,https://www.caixa.gov.br/Downloads/aplicacao-financeira-inf-com/FIC_6996.pdf,https://www.caixa.gov.br/Downloads/aplicacao-financeira-comunicado-aos-cotistas/COM_6996.pdf,https://www.caixa.gov.br/Downloads/aplicacao-financeira-carta-mensal/CM_6996.pdf,https://www.caixa.gov.br/Downloads/aplicacao-financeira-laminas-comerciais/LAC_6996.pdf,https://www.caixa.gov.br/Downloads/aplicacao-financeira-termos-adesao/TA_6996.pdf,,
RENDA FIXA REFERENCIADO,CAIXA FIF TOPAZIO CORP RF REFERENC DI - RESP LTDA,CAIXA FIF TOPAZIO CORP RF REFERENC DI - RESP LTDA,22/06/2010,"4,54377300","0,052","0,41","8,61","14,69","14.149,288",PJ,12/08/2026,12/08/2026,Não,0,Não,GOV | PJ | RPPS,https://www.caixa.gov.br/fundos-investimento/renda-fixa/referenciados/fic-topazio-rf-ref-di-lp/Paginas/default.aspx,11.061.230/0001-87,5189,Conservador,0.1,1000000.0,100.0,100.0,100000.0,D+0 (du),D+0 (du),D+00 (du),CDI,RF REF DI 100% TPF,Aberto para captação,LONGO PRAZO,GERAL,17:00,17h00,Sim · Automatico · 95%,AUTOMATICO,95.0,"[""Institucional"", ""PJ Atacado""]","[""Institucional"", ""PJ Atacado""]",Não,Não,,Não,CAIXA TOPÁZIO CORPORATIVO FUNDO DE INVESTIMENTO FINANCEIRO RENDA FIXA REFERENCIADO DI LONGO PRAZO - RESPONSABILIDADE LIMITADA,"Campanha ""Campanha Caixa Asset Lidera RPPS"" de 06/07/2026 a 31/08/2026
Redução de Tickets
Aplicação Inicial:
De: R$ 3.000.000,00 para R$ 1.000.000,00
Saldo Mínimo: 
De: R$ 300.000,00 para R$ 100.000,00

OBS: Após a Campanha, voltam os parâmetros originais. Saldo abaixo do mínimo pode impedir resgates parciais (somente total).",https://www.caixa.gov.br/downloads/aplicacao-financeira-laminas/LA_5189.pdf,https://www.caixa.gov.br/downloads/aplicacao-financeira-regulamentos/RG_5189.pdf,https://www.caixa.gov.br/Downloads/aplicacao-financeira-inf-com/FIC_5189.pdf,https://www.caixa.gov.br/Downloads/aplicacao-financeira-comunicado-aos-cotistas/COM_5189.pdf,https://www.caixa.gov.br/Downloads/aplicacao-financeira-carta-mensal/CM_5189.pdf,https://www.caixa.gov.br/Downloads/aplicacao-financeira-laminas-comerciais/LAC_5189.pdf,https://www.caixa.gov.br/Downloads/aplicacao-financeira-termos-adesao/TA_5189.pdf,,https://web.microsoftstream.com/video/6e74c0e2-b2c6-4bd6-9b53-5982d3f1b8e1?channelId=772517ff-88ae-4298-88f2-3ed5a5893c3e
RENDA FIXA CURTO PRAZO,CAIXA FIC FIF RENDA FIXA CURTO PRAZO RESP LTDA,CAIXA FIC FIF RENDA FIXA CURTO PRAZO RESP LTDA,14/12/2020,"1.770,06263200","0,049","0,40","8,23","14,06","301,927",PJ,12/08/2026,12/08/2026,Não,0,Não,PJ,https://www.caixa.gov.br/fundos-investimento/curto-prazo/fic-automatico-polis-rf-cp/Paginas/default.aspx,39.594.941/0001-36,6520,Conservador,0.5,10000.0,100.0,100.0,1000.0,D+0 (du),D+0 (du),D+00 (du),CDI,RF 100% TPF - Curto Prazo,Aberto para captação,CURTO PRAZO,GERAL,17:00,17h00,Sim · Automatico · 100%,AUTOMATICO,100.0,"[""Institucional"", ""Pessoa Física"", ""PJ Atacado"", ""PJ Varejo"", ""Private""]","[""Institucional"", ""Pessoa Física"", ""PJ Atacado"", ""PJ Varejo"", ""Private""]",Não,Não,,Não,CAIXA FUNDO DE INVESTIMENTO EM COTAS DE CLASSE DE FUNDO DE INVESTIMENTO FINANCEIRO RENDA FIXA CURTO PRAZO - RESPONSABILIDADE LIMITADA,*Este Fundo não está adaptado às normas vigentes para RPPS (Regimes Próprios de Previdência Social).,https://www.caixa.gov.br/downloads/aplicacao-financeira-laminas/LA_6520.pdf,https://www.caixa.gov.br/downloads/aplicacao-financeira-regulamentos/RG_6520.pdf,https://www.caixa.gov.br/Downloads/aplicacao-financeira-inf-com/FIC_6520.pdf,https://www.caixa.gov.br/Downloads/aplicacao-financeira-comunicado-aos-cotistas/COM_6520.pdf,https://www.caixa.gov.br/Downloads/aplicacao-financeira-carta-mensal/CM_6520.pdf,https://www.caixa.gov.br/Downloads/aplicacao-financeira-laminas-comerciais/LAC_6520.pdf,https://www.caixa.gov.br/Downloads/aplicacao-financeira-termos-adesao/TA_6520.pdf,,
RENDA FIXA CURTO PRAZO,CAIXA FIC FIF TURQUESA CORPORATIVO RF CP RESP LTDA,CAIXA FIC FIF TURQUESA CORPORATIVO RF CP RESP LTDA,01/10/2020,"1.818,14675600","0,051","0,41","8,49","14,51","1.675,766",PJ,12/08/2026,12/08/2026,Não,0,Não,PJ | TODOS,https://www.caixa.gov.br/fundos-investimento/voce/renda-fixa/fic-turquesa-corporativo-curto-prazo,30.068.141/0001-07,5946,Conservador,0.1,3000000.0,100.0,100.0,300000.0,D+0 (du),D+0 (du),D+00 (du),CDI,RF 100% TPF - Curto Prazo,Aberto para captação,CURTO PRAZO,GERAL,17:00,17h00,Sim · Automatico · 100%,AUTOMATICO,100.0,"[""Institucional"", ""PJ Atacado""]","[""Institucional"", ""PJ Atacado""]",Não,Não,,Não,CAIXA TURQUESA CORPORATIVO FUNDO DE INVESTIMENTO EM COTAS DE CLASSE DE FUNDO DE INVESTIMENTO FINANCEIRO RENDA FIXA CURTO PRAZO - RESP LIMITADA,,https://www.caixa.gov.br/downloads/aplicacao-financeira-laminas/LA_5946.pdf,https://www.caixa.gov.br/downloads/aplicacao-financeira-regulamentos/RG_5946.pdf,https://www.caixa.gov.br/Downloads/aplicacao-financeira-inf-com/FIC_5946.pdf,https://www.caixa.gov.br/Downloads/aplicacao-financeira-comunicado-aos-cotistas/COM_5946.pdf,https://www.caixa.gov.br/Downloads/aplicacao-financeira-carta-mensal/CM_5946.pdf,https://www.caixa.gov.br/Downloads/aplicacao-financeira-laminas-comerciais/LAC_5946.pdf,https://www.caixa.gov.br/Downloads/aplicacao-financeira-termos-adesao/TA_5946.pdf,,https://web.microsoftstream.com/video/b2ec8a38-dced-4be0-9b7d-e8ceaec2a86e?channelId=772517ff-88ae-4298-88f2-3ed5a5893c3e
MULTIMERCADO,CAIXA FIC LONG BIAS MM,CAIXA FIC LONG BIAS MM,01/04/2024,"1,07863600","0,414","-4,21","-6,97","10,42","3,315",PJ,12/08/2026,12/08/2026,Não,0,Não,PJ,https://www.caixa.gov.br/fundos-investimento/multimercado/caixa-fic-fof-smart-long-bias-mm/Paginas/default.aspx,54.439.846/0001-51,6950,Moderado,2.0,0.01,0.01,0.01,0.01,D+1 (du),D+13 (du),D+15 (du),OUTROS,Multimercado,Aberto para captação,LONGO PRAZO,GERAL,17:00,17h00,Sim · Automatico · 100%,AUTOMATICO,100.0,"[""Pessoa Física"", ""PJ Atacado"", ""PJ Varejo"", ""Private""]","[""Pessoa Física"", ""PJ Atacado"", ""PJ Varejo"", ""Private""]",Não,Não,,Não,CAIXA LONG BIAS FUNDO DE INVESTIMENTO EM COTAS DE CLASSE DE FUNDO DE INVESTIMENTO FINANCEIRO MULTIMERCADO - RESPONSABILIDADE LIMITADA,,https://www.caixa.gov.br/downloads/aplicacao-financeira-laminas/LA_6950.pdf,http://www.caixa.gov.br/downloads/aplicacao-financeira-regulamentos/RG_6950.pdf,http://www.caixa.gov.br/Downloads/aplicacao-financeira-inf-com/FIC_6950.pdf,http://www.caixa.gov.br/Downloads/aplicacao-financeira-comunicado-aos-cotistas/FR_6950.pdf,https://www.caixa.gov.br/Downloads/aplicacao-financeira-carta-mensal/CM_6950.pdf,https://www.caixa.gov.br/Downloads/aplicacao-financeira-laminas-comerciais/LAC_6950.pdf,http://www.caixa.gov.br/Downloads/aplicacao-financeira-termos-adesao/TA_6950.pdf,,
MULTIMERCADO,CAIXA FIC FIF FOF SMART LONG SHORT LP RESP LTDA,CAIXA FIC FIF FOF SMART LONG SHORT LP RESP LTDA,18/07/2023,-,-,-,-,-,-,PJ,12/08/2026,12/08/2026,Não,0,Não,PJ,https://www.caixa.gov.br/fundos-investimento/multimercado/caixa-fic-fof-smart-long-short-mm/Paginas/default.aspx,51.408.738/0001-23,7877,Moderado,1.0,0.01,0.01,0.01,0.01,D+1 (du),D+24 (du),D+26 (du),CDI,Multimercado,Aberto para captação,LONGO PRAZO,QUALIFICADO,17:00,17h00,Sim · Automatico · 100%,AUTOMATICO,100.0,"[""Pessoa Física"", ""PJ Atacado"", ""Private""]","[""Pessoa Física"", ""PJ Atacado"", ""Private""]",Não,Não,,Não,CAIXA FOF SMART LONG & SHORT FUNDO DE INVESTIMENTO EM COTAS DE CLASSE DE FUNDO DE INVESTIMENTO FINANCEIRO MULTIMERCADO LONGO PRAZO - RESPONSABILIDADE,,https://www.caixa.gov.br/downloads/aplicacao-financeira-laminas/LA_7877.pdf,http://www.caixa.gov.br/downloads/aplicacao-financeira-regulamentos/RG_7877.pdf,http://www.caixa.gov.br/Downloads/aplicacao-financeira-inf-com/FIC_7877.pdf,https://www.caixa.gov.br/Downloads/aplicacao-financeira-comunicado-aos-cotistas/COM_7877.pdf,https://www.caixa.gov.br/Downloads/aplicacao-financeira-carta-mensal/CM_7877.pdf,https://www.caixa.gov.br/Downloads/aplicacao-financeira-laminas-comerciais/LAC_7877.pdf,http://www.caixa.gov.br/Downloads/aplicacao-financeira-termos-adesao/TA_7877.pdf,,
MULTIMERCADO,CAIXA FIC FIF FOF SMART CRED PRIV MM LP RESP LTDA,CAIXA FIC FIF FOF SMART CRED PRIV MM LP RESP LTDA,30/08/2023,-,-,-,-,-,-,PJ,12/08/2026,12/08/2026,Não,0,Não,PJ,https://www.caixa.gov.br/fundos-investimento/multimercado/fic-fof-smart-credito-privado-multimercado-longo-prazo/Paginas/default.aspx,51.943.346/0001-64,7880,Moderado,0.4,0.01,0.01,0.01,0.01,D+1 (du),D+46 (du),D+48 (du),CDI,Multimercado,Aberto para captação,LONGO PRAZO,QUALIFICADO,17:00,17h00,Não se aplica,NÃO SE APLICA,,"[""Pessoa Física"", ""PJ Atacado"", ""Private""]","[""Pessoa Física"", ""PJ Atacado"", ""Private""]",Não,Não,,Não,CAIXA FOF SMART FUNDO DE INVESTIMENTO EM COTAS DE CLASSE DE FUNDO DE INVESTIMENTO FINANCEIRO CRÉDITO PRIVADO MULTIMERCADO LONGO PRAZO - RESPONSABILIDA,,https://www.caixa.gov.br/downloads/aplicacao-financeira-laminas/LA_7880.pdf,http://www.caixa.gov.br/downloads/aplicacao-financeira-regulamentos/RG_7880.pdf,http://www.caixa.gov.br/Downloads/aplicacao-financeira-inf-com/FIC_7880.pdf,https://www.caixa.gov.br/Downloads/aplicacao-financeira-comunicado-aos-cotistas/COM_7880.pdf,https://www.caixa.gov.br/Downloads/aplicacao-financeira-carta-mensal/CM_7880.pdf,https://www.caixa.gov.br/Downloads/aplicacao-financeira-laminas-comerciais/LAC_7880.pdf,http://www.caixa.gov.br/Downloads/aplicacao-financeira-termos-adesao/TA_7880.pdf,,
MULTIMERCADO,CAIXA FIC FIF FOF SMART MULTIESTRATEGIA MM RESP LTDA,CAIXA FIC FIF FOF SMART MULTIESTRATEGIA MM RESP LTDA,09/06/2014,-,-,-,-,-,-,PJ,12/08/2026,12/08/2026,Não,0,Não,PJ | TODOS,https://www.caixa.gov.br/fundos-investimento/multimercado/fic-multigestor,18.007.710/0001-09,5954,Moderado,1.5,0.01,0.01,0.01,0.01,D+1 (du),D+24 (du),D+26 (du),CDI,Multimercado,Aberto para captação,LONGO PRAZO,QUALIFICADO,17:00,17h00,Sim · Automatico · 100%,AUTOMATICO,100.0,"[""Pessoa Física"", ""PJ Atacado"", ""PJ Varejo"", ""Private""]","[""Pessoa Física"", ""PJ Atacado"", ""PJ Varejo"", ""Private""]",Não,Não,,Não,CAIXA FOF SMART MULTIESTRATÉGIA FUNDO DE INVESTIMENTO EM COTAS DE CLASSE DE FUNDO DE INVESTIMENTO FINANCEIRO MULTIMERCADO - RESPONSABILIDADE LIMITADA,,https://www.caixa.gov.br/downloads/aplicacao-financeira-laminas/LA_5954.pdf,https://www.caixa.gov.br/downloads/aplicacao-financeira-regulamentos/RG_5954.pdf,https://www.caixa.gov.br/Downloads/aplicacao-financeira-inf-com/FIC_5954.pdf,https://www.caixa.gov.br/Downloads/aplicacao-financeira-comunicado-aos-cotistas/FR_5954.pdf,https://www.caixa.gov.br/Downloads/aplicacao-financeira-carta-mensal/CM_5954.pdf,https://www.caixa.gov.br/Downloads/aplicacao-financeira-laminas-comerciais/LAC_5954.pdf,https://www.caixa.gov.br/Downloads/aplicacao-financeira-termos-adesao/TA_5954.pdf,,
MULTIMERCADO,CAIXA FIC FIF ESTRATÉGICO MULTIMERCADO LP RESP LTDA,CAIXA FIC FIF ESTRATEGICO MULTIMERCADO LP RESP LTDA,10/04/2006,-,-,-,-,-,-,PJ,12/08/2026,12/08/2026,Não,0,Não,PJ | TODOS,https://www.caixa.gov.br/fundos-investimento/multimercado/fic-estrategico-multimercado-longo-prazo,03.737.200/0001-10,5490,Moderado,1.2,0.01,0.01,0.01,0.01,D+0 (du),D+0 (du),D+01 (du),CDI,Multimercado,Aberto para captação,LONGO PRAZO,GERAL,13:00,13h00,Sim · Automatico · 100%,AUTOMATICO,100.0,"[""Pessoa Física"", ""PJ Atacado"", ""PJ Varejo"", ""Private""]","[""Pessoa Física"", ""PJ Atacado"", ""PJ Varejo"", ""Private""]",Não,Não,,Não,CAIXA ESTRATÉGICO FUNDO DE INVESTIMENTO EM COTAS DE CLASSE DE FUNDO DE INVESTIMENTO FINANCEIRO MULTIMERCADO LONGO PRAZO - RESPONSABILIDADE LIMITADA,"A contagem para conversão de cotas e pagamento do resgate é feita em dias úteis, conforme estabelecido no Regulamento do Fundo.",https://www.caixa.gov.br/downloads/aplicacao-financeira-laminas/LA_5490.pdf,https://www.caixa.gov.br/downloads/aplicacao-financeira-regulamentos/RG_5490.pdf,https://www.caixa.gov.br/Downloads/aplicacao-financeira-inf-com/FIC_5490.pdf,https://www.caixa.gov.br/Downloads/aplicacao-financeira-comunicado-aos-cotistas/FR_5490.pdf,https://www.caixa.gov.br/Downloads/aplicacao-financeira-carta-mensal/CM_5490.pdf,https://www.caixa.gov.br/Downloads/aplicacao-financeira-laminas-comerciais/LAC_5490.pdf,https://www.caixa.gov.br/Downloads/aplicacao-financeira-termos-adesao/TA_5490.pdf,,
MULTIMERCADO,CAIXA FIC MULTIGESTOR GLOBAL EQUITIES IE,CAIXA FIC MULTIGESTOR GLOBAL EQUITIES IE,11/11/2020,-,-,-,-,-,-,PJ,12/08/2026,12/08/2026,Não,0,Não,PJ | RPPS | TODOS,https://www.caixa.gov.br/fundos-investimento/multimercado/caixa-multigestor-global-equities-invest-ext/Paginas/default.aspx,39.528.038/0001-77,6518,Arrojado,1.0,0.01,0.01,0.01,0.01,D+1 (du),D+7 (du),D+12 (du),CDI,Multimercado,Aberto para captação,CURTO PRAZO,QUALIFICADO,13:00,13h00,Sim · Automatico · 100%,AUTOMATICO,100.0,"[""GOV"", ""Institucional"", ""Pessoa Física"", ""PJ Atacado"", ""PJ Varejo"", ""Private"", ""RPPS""]","[""GOV"", ""Institucional"", ""Pessoa Física"", ""PJ Atacado"", ""PJ Varejo"", ""Private"", ""RPPS""]",Não,Não,,Não,CAIXA MULTIGESTOR GLOBAL EQUITIES INVESTIMENTO NO EXTERIOR FIC DE CLASSE DE FUNDO DE INVESTIMENTO FINANCEIRO MULTIMERCADO - RESPONSABILIDADE LIMITADA,"Este Fundo está adaptado às normas vigentes para RPPS (Regimes Próprios de Previdência Social) e EFPC (Entidades Fechadas de Previdência Complementar).

Fundo destinado a Investidores Qualificados.

O ingresso do Cotista RPPS no FUNDO está condicionado à comprovação de Investidor Qualificado RPPS.

Conforme PORTARIA MTP Nº 1.467, de 02 de Junho de 2022, será considerado Investidor Qualificado, para os fins da categorização estabelecida pela CVM, o RPPS que atenda cumulativamente aos seguintes requisitos:

I - possua recursos aplicados, informados no DAIR do mês imediatamente anterior à data de realização de cada aplicação exclusiva para tal categoria de investidor, em montante igual ou superior a R$ 10.000.000,00 (dez milhões de reais); e
II - tenha aderido ao Pró-Gestão RPPS, e obtido certificação institucional em um dos níveis de aderência nele estabelecidos. 

OBS: As solicitações de aplicação e/ou os pedidos de resgate deverão ser efetuados pelo Cotista em dias úteis de expediente bancário nacional e dentro do horário estabelecido pela ADMINISTRADORA.",https://www.caixa.gov.br/downloads/aplicacao-financeira-laminas/LA_6518.pdf,https://www.caixa.gov.br/downloads/aplicacao-financeira-regulamentos/RG_6518.pdf,https://www.caixa.gov.br/Downloads/aplicacao-financeira-inf-com/FIC_6518.pdf,https://www.caixa.gov.br/Downloads/aplicacao-financeira-comunicado-aos-cotistas/FR_6518.pdf,https://www.caixa.gov.br/Downloads/aplicacao-financeira-carta-mensal/CM_6518.pdf,https://www.caixa.gov.br/Downloads/aplicacao-financeira-laminas-comerciais/LAC_6518.pdf,https://www.caixa.gov.br/Downloads/aplicacao-financeira-termos-adesao/TA_6518.pdf,,https://web.microsoftstream.com/video/ca76c442-41bd-4e49-bf93-7c88dfc75f01?channelId=772517ff-88ae-4298-88f2-3ed5a5893c3e
MULTIMERCADO,CAIXA FIF INDEXA EURO MM LONGO PRAZO RESP LTDA,CAIXA FIF INDEXA EURO MM LONGO PRAZO RESP LTDA,01/04/2024,"1,12688100","-0,329","1,64","-6,53","-3,79","3,136",PJ,12/08/2026,12/08/2026,Não,0,Não,GOV | PJ | RPPS,https://www.caixa.gov.br/fundos-investimento/multimercado/fi-euro-multimercado-longo-prazo/Paginas/default.aspx,54.483.566/0001-40,7910,Arrojado,0.8,0.01,0.01,0.01,0.01,D+1 (du),D+1 (du),D+03 (du),NÃO SE APLICA,Multimercado,Aberto para captação,LONGO PRAZO,GERAL,17:00,17h00,Sim · Automatico · 100%,AUTOMATICO,100.0,"[""GOV"", ""Institucional"", ""Pessoa Física"", ""PJ Atacado"", ""PJ Varejo"", ""Private""]","[""GOV"", ""Institucional"", ""Pessoa Física"", ""PJ Atacado"", ""PJ Varejo"", ""Private""]",Não,Não,,Não,CAIXA INDEXA EURO FIF MULTIMERCADO LONGO PRAZO - RESPONSABILIDADE LIMITADA,,https://www.caixa.gov.br/downloads/aplicacao-financeira-laminas/LA_7910.pdf,http://www.caixa.gov.br/downloads/aplicacao-financeira-regulamentos/RG_7910.pdf,http://www.caixa.gov.br/Downloads/aplicacao-financeira-inf-com/FIC_7910.pdf,http://www.caixa.gov.br/Downloads/aplicacao-financeira-comunicado-aos-cotistas/FR_7910.pdf,https://www.caixa.gov.br/Downloads/aplicacao-financeira-carta-mensal/CM_7910.pdf,https://www.caixa.gov.br/Downloads/aplicacao-financeira-laminas-comerciais/LAC_7910.pdf,http://www.caixa.gov.br/Downloads/aplicacao-financeira-termos-adesao/TA_7910.pdf,,
MULTIMERCADO,CAIXA FIC FIF HEDGE MULTIMERCADO LONGO PRAZO RESP LTDA,CAIXA FIC FIF HEDGE MULTIMERCADO LONGO PRAZO RESP LTDA,26/10/2020,"1.726,98839800","-0,044","0,76","9,61","14,21","30,734",PJ,12/08/2026,12/08/2026,Não,0,Não,GOV | PJ | RPPS | TODOS,https://www.caixa.gov.br/fundos-investimento/multimercado/caixa-fic-hedge-multimercado-lp/Paginas/default.aspx,30.068.135/0001-50,6399,Moderado,1.0,0.01,0.01,0.01,0.01,D+0 (du),D+1 (du),D+01 (du),CDI,Multimercado,Aberto para captação,LONGO PRAZO,GERAL,17:00,17h00,Sim · Automatico · 85%,AUTOMATICO,85.0,"[""GOV"", ""Institucional"", ""Pessoa Física"", ""PJ Atacado"", ""PJ Varejo"", ""Private"", ""RPPS""]","[""GOV"", ""Institucional"", ""Pessoa Física"", ""PJ Atacado"", ""PJ Varejo"", ""Private"", ""RPPS""]",Não,Não,,Não,CAIXA HEDGE FUNDO DE INVESTIMENTO EM COTAS DE CLASSE DE FUNDO DE INVESTIMENTO FINANCEIRO MULTIMERCADO LONGO PRAZO - RESPONSABILIDADE LIMITADA,Este Fundo está adaptado às normas vigentes para RPPS (Regimes Próprios de Previdência Social).,https://www.caixa.gov.br/downloads/aplicacao-financeira-laminas/LA_6399.pdf,https://www.caixa.gov.br/downloads/aplicacao-financeira-regulamentos/RG_6399.pdf,https://www.caixa.gov.br/Downloads/aplicacao-financeira-inf-com/FIC_6399.pdf,https://www.caixa.gov.br/Downloads/aplicacao-financeira-comunicado-aos-cotistas/COM_6399.pdf,https://www.caixa.gov.br/Downloads/aplicacao-financeira-carta-mensal/CM_6399.pdf,https://www.caixa.gov.br/Downloads/aplicacao-financeira-laminas-comerciais/LAC_6399.pdf,https://www.caixa.gov.br/Downloads/aplicacao-financeira-termos-adesao/TA_6399.pdf,,
MULTIMERCADO,CAIXA FIC FIF JUROS E MOEDAS MM PLUS LP RESP LTDA,CAIXA FIC FIF JUROS E MOEDAS MM PLUS LP RESP LTDA,05/03/2018,"1,94534200","0,045","0,34","7,01","12,24","21,179",PJ,12/08/2026,12/08/2026,Não,0,Não,PJ | TODOS,https://www.caixa.gov.br/fundos-investimento/multimercado/caixa-fic-juros-e-moedas-multimercado-plus-lp/,29.157.485/0001-03,6353,Moderado,1.0,0.01,0.01,0.01,0.01,D+0 (du),D+0 (du),D+00 (du),CDI,Multimercado,Aberto para captação,LONGO PRAZO,GERAL,17:00,17h00,Sim · Automatico · 85%,AUTOMATICO,85.0,"[""GOV"", ""Institucional"", ""Pessoa Física"", ""PJ Atacado"", ""PJ Varejo"", ""Private"", ""RPPS""]","[""GOV"", ""Institucional"", ""Pessoa Física"", ""PJ Atacado"", ""PJ Varejo"", ""Private"", ""RPPS""]",Não,Não,,Não,CAIXA JUROS E MOEDAS PLUS FUNDO DE INVESTIMENTO EM COTAS DE CLASSE DE FUNDO DE INVESTIMENTO FINANCEIRO MULTIMERCADO LONGO PRAZO - RESP LIMITADA,Este Fundo não está adaptado às normas vigentes para RPPS (Regimes Próprios de Previdência Social).,https://www.caixa.gov.br/downloads/aplicacao-financeira-laminas/LA_6353.pdf,https://www.caixa.gov.br/downloads/aplicacao-financeira-regulamentos/RG_6353.pdf,https://www.caixa.gov.br/Downloads/aplicacao-financeira-inf-com/FIC_6353.pdf,https://www.caixa.gov.br/Downloads/aplicacao-financeira-comunicado-aos-cotistas/COM_6353.pdf,https://www.caixa.gov.br/Downloads/aplicacao-financeira-carta-mensal/CM_6353.pdf,https://www.caixa.gov.br/Downloads/aplicacao-financeira-laminas-comerciais/LAC_6353.pdf,https://www.caixa.gov.br/Downloads/aplicacao-financeira-termos-adesao/TA_6353.pdf,,
MULTIMERCADO,CAIXA FIF MULTIMERCADO RV 30 LP RESP LTDA,CAIXA FIF MULTIMERCADO RV 30 LP RESP LTDA,20/06/2000,"12,70012300","-0,045","-1,30","6,98","15,82","322,766",PJ,12/08/2026,12/08/2026,Não,0,Não,PJ | RPPS | TODOS,https://www.caixa.gov.br/fundos-investimento/multimercado/fi-multimercado-rv30-longo-prazo,03.737.188/0001-43,82,Moderado,1.0,0.01,0.01,0.01,0.01,D+0 (du),D+1 (du),D+03 (du),70% CDI + 30% IBOV,Multimercado,Aberto para captação,LONGO PRAZO,GERAL,16:00,16h00,Sim · Automatico · 100%,AUTOMATICO,100.0,"[""GOV"", ""Institucional"", ""Pessoa Física"", ""PJ Atacado"", ""PJ Varejo"", ""Private"", ""RPPS""]","[""GOV"", ""Institucional"", ""Pessoa Física"", ""PJ Atacado"", ""PJ Varejo"", ""Private"", ""RPPS""]",Não,Não,,Não,CAIXA RV 30 FUNDO DE INVESTIMENTO FINANCEIRO MULTIMERCADO LONGO PRAZO - RESPONSABILIDADE LIMITADA,"A contagem para conversão de cotas e pagamento do resgate é feita em dias úteis, conforme estabelecido no Regulamento do Fundo. Este Fundo está adaptado às normas vigentes para RPPS (Regimes Próprios de Previdência Social).",https://www.caixa.gov.br/downloads/aplicacao-financeira-laminas/LA_0082.pdf,http://www.caixa.gov.br/downloads/aplicacao-financeira-regulamentos/RG_0082.pdf,https://www.caixa.gov.br/Downloads/aplicacao-financeira-inf-com/FIC_0082.pdf,https://www.caixa.gov.br/Downloads/aplicacao-financeira-comunicado-aos-cotistas/FR_0082.pdf,https://www.caixa.gov.br/Downloads/aplicacao-financeira-carta-mensal/CM_82.pdf,https://www.caixa.gov.br/Downloads/aplicacao-financeira-laminas-comerciais/LAC_82.pdf,https://www.caixa.gov.br/Downloads/aplicacao-financeira-termos-adesao/TA_0082.pdf,,https://web.microsoftstream.com/video/86aa0100-d5af-4db2-9f67-441255924e4e?channelId=772517ff-88ae-4298-88f2-3ed5a5893c3e
MULTIMERCADO,CAIXA FIC FIF ESTRATÉGIA LIVRE MULTIMERCADO LP RESP LTDA,CAIXA FIC FIF ESTRATEGIA LIVRE MULTIMERCADO LP RESP LTDA,21/10/2019,-,-,-,-,-,-,PJ,12/08/2026,12/08/2026,Não,0,Não,PJ | TODOS,https://www.caixa.gov.br/fundos-investimento/multimercado/estrategia-livre-mm-lp,34.660.333/0001-69,6440,Moderado,1.5,0.01,0.01,0.01,0.01,D+1 (du),D+13 (du),D+15 (du),CDI,Multimercado,Aberto para captação,LONGO PRAZO,GERAL,14:30,14h30,Sim · Automatico · 100%,AUTOMATICO,100.0,"[""Pessoa Física"", ""Private""]","[""Pessoa Física"", ""Private""]",Não,Não,,Não,CAIXA ESTRATÉGIA LIVRE FUNDO DE INVESTIMENTO EM COTAS DE CLASSE DE FUNDO DE INVESTIMENTO FINANCEIRO MULTIMERCADO LONGO PRAZO - RESPONSABILIDADE LIMITA,,https://www.caixa.gov.br/downloads/aplicacao-financeira-laminas/LA_6440.pdf,https://www.caixa.gov.br/downloads/aplicacao-financeira-regulamentos/RG_6440.pdf,https://www.caixa.gov.br/Downloads/aplicacao-financeira-inf-com/FIC_6440.pdf,https://www.caixa.gov.br/Downloads/aplicacao-financeira-comunicado-aos-cotistas/COM_6440.pdf,https://www.caixa.gov.br/Downloads/aplicacao-financeira-carta-mensal/CM_6440.pdf,https://www.caixa.gov.br/Downloads/aplicacao-financeira-laminas-comerciais/LAC_6440.pdf,https://www.caixa.gov.br/Downloads/aplicacao-financeira-termos-adesao/TA_6440.pdf,,
MULTIMERCADO,CAIXA FIF INDEXA SHORT DOLAR MM LP RESP LTDA,CAIXA FIF INDEXA SHORT DOLAR MM LP RESP LTDA,26/10/2020,"2.465,60573500","0,261","-1,04","20,03","27,57","14,751",PJ,12/08/2026,12/08/2026,Não,0,Não,GOV | PJ | RPPS,https://www.caixa.gov.br/fundos-investimento/multimercado/caixa-fi-indexa-short-dolar-mult-lp/Paginas/default.aspx,29.157.511/0001-01,6446,Moderado,0.8,0.01,0.01,0.01,0.01,D+0 (du),D+1 (du),D+01 (du),PTAX,Multimercado,Aberto para captação,LONGO PRAZO,GERAL,14:30,14h30,Não se aplica,NÃO SE APLICA,,"[""GOV"", ""Institucional"", ""Pessoa Física"", ""PJ Atacado"", ""PJ Varejo"", ""Private"", ""RPPS""]","[""GOV"", ""Institucional"", ""Pessoa Física"", ""PJ Atacado"", ""PJ Varejo"", ""Private"", ""RPPS""]",Não,Não,,Não,CAIXA INDEXA SHORT DOLAR FUNDO DE INVESTIMENTO FINANCEIRO MULTIMERCADO LONGO PRAZO - RESPONSABILIDADE LIMITADA,Este Fundo está adaptado às normas vigentes para RPPS (Regimes Próprios de Previdência Social).,https://www.caixa.gov.br/downloads/aplicacao-financeira-laminas/LA_6446.pdf,https://www.caixa.gov.br/downloads/aplicacao-financeira-regulamentos/RG_6446.pdf,https://www.caixa.gov.br/Downloads/aplicacao-financeira-inf-com/FIC_6446.pdf,https://www.caixa.gov.br/Downloads/aplicacao-financeira-comunicado-aos-cotistas/COM_6446.pdf,https://www.caixa.gov.br/Downloads/aplicacao-financeira-carta-mensal/CM_6446.pdf,https://www.caixa.gov.br/Downloads/aplicacao-financeira-laminas-comerciais/LAC_6446.pdf,https://www.caixa.gov.br/Downloads/aplicacao-financeira-termos-adesao/TA_6446.pdf,,
MULTIMERCADO,CAIXA CARTEIRA QUANT UNO FIC FIF MM LP RESP LTDA,CAIXA CARTEIRA QUANT UNO FIC FIF MM LP RESP LTDA,07/04/2026,-,-,-,-,-,-,PJ,12/08/2026,12/08/2026,Não,0,Não,PJ,,65.794.476/0001-97,7992,Moderado,0.8,0.01,0.01,0.01,0.01,D+1 (du),D+1 (du),D+03 (du),NÃO SE APLICA,Multimercado,Aberto para captação,LONGO PRAZO,GERAL,17:00,17h00,Sim · Automatico · 95%,AUTOMATICO,95.0,"[""Pessoa Física"", ""PJ Varejo"", ""Private""]","[""Pessoa Física"", ""PJ Varejo"", ""Private""]",Não,Não,,Não,CAIXA CARTEIRA QUANTITATIVA UNO FUNDO DE INVESTIMENTO EM COTAS DE CLASSE DE FUNDO DE INVESTIMENTO FINANCEIRO MULTIMERCADO LP - RESP LIMITADA,,https://www.caixa.gov.br/downloads/aplicacao-financeira-laminas/LA_7992.pdf,https://www.caixa.gov.br/downloads/aplicacao-financeira-regulamentos/RG_7992.pdf,https://www.caixa.gov.br/Downloads/aplicacao-financeira-inf-com/FIC_7992.pdf,https://www.caixa.gov.br/Downloads/aplicacao-financeira-comunicado-aos-cotistas/COM_7992.pdf,https://www.caixa.gov.br/Downloads/aplicacao-financeira-carta-mensal/CM_7992.pdf,https://www.caixa.gov.br/Downloads/aplicacao-financeira-laminas-comerciais/LAC_7992.pdf,https://www.caixa.gov.br/Downloads/aplicacao-financeira-termos-adesao/TA_7992.pdf,,
MULTIMERCADO,CAIXA CARTEIRA QUANT QUALI FIC FIF MM LP RESP LTDA,CAIXA CARTEIRA QUANT QUALI FIC FIF MM LP RESP LTDA,07/04/2026,-,-,-,-,-,-,PJ,12/08/2026,12/08/2026,Não,0,Não,PJ,,65.795.384/0001-21,7991,Agressivo,0.8,0.01,0.01,0.01,0.01,D+0 (du),D+14 (du),D+16 (du),NÃO SE APLICA,Multimercado,Aberto para captação,LONGO PRAZO,QUALIFICADO,17:00,17h00,Sim · Automatico · 95%,AUTOMATICO,95.0,"[""Pessoa Física"", ""PJ Varejo"", ""Private""]","[""Pessoa Física"", ""PJ Varejo"", ""Private""]",Não,Não,,Não,CAIXA CARTEIRA QUANTITATIVA QUALI FUNDO DE INVESTIMENTO EM COTAS DE CLASSE DE FUNDO DE INVESTIMENTO FINANCEIRO MULTIMERCADO LP - RESP LIMITADA,,https://www.caixa.gov.br/downloads/aplicacao-financeira-laminas/LA_7991.pdf,https://www.caixa.gov.br/downloads/aplicacao-financeira-regulamentos/RG_7991.pdf,https://www.caixa.gov.br/Downloads/aplicacao-financeira-inf-com/FIC_7991.pdf,https://www.caixa.gov.br/Downloads/aplicacao-financeira-comunicado-aos-cotistas/COM_7991.pdf,https://www.caixa.gov.br/Downloads/aplicacao-financeira-carta-mensal/CM_7991.pdf,https://www.caixa.gov.br/Downloads/aplicacao-financeira-laminas-comerciais/LAC_7991.pdf,https://www.caixa.gov.br/Downloads/aplicacao-financeira-termos-adesao/TA_7991.pdf,,
MULTIMERCADO,CAIXA FIF INDEXA BOLSA AMERICANA MM LP RESP LTDA,CAIXA FIF INDEXA BOLSA AMERICANA MM LP RESP LTDA,16/10/2018,"3,97731800","0,363","3,67","18,23","30,93","2.471,557",PJ,12/08/2026,12/08/2026,Não,0,Não,GOV | PJ | RPPS | TODOS,https://www.caixa.gov.br/fundos-investimento/multimercado/fi-bolsa-americana-multimercado-lp,30.036.235/0001-02,6999,Moderado,0.8,0.01,0.01,0.01,0.01,D+0 (du),D+0 (du),D+01 (du),CDI,Multimercado,Aberto para captação,LONGO PRAZO,GERAL,16:00,16h00,Sim · Automatico · 100%,AUTOMATICO,100.0,"[""GOV"", ""Institucional"", ""Pessoa Física"", ""PJ Atacado"", ""PJ Varejo"", ""Private"", ""RPPS""]","[""GOV"", ""Institucional"", ""Pessoa Física"", ""PJ Atacado"", ""PJ Varejo"", ""Private"", ""RPPS""]",Não,Não,,Não,CAIXA INDEXA BOLSA AMERICANA FUNDO DE INVESTIMENTO FINANCEIRO MULTIMERCADO LONGO PRAZO - RESPONSABILIDADE LIMITADA,,https://www.caixa.gov.br/downloads/aplicacao-financeira-laminas/LA_6999.pdf,https://www.caixa.gov.br/downloads/aplicacao-financeira-regulamentos/RG_6999.pdf,https://www.caixa.gov.br/Downloads/aplicacao-financeira-inf-com/FIC_6999.pdf,https://www.caixa.gov.br/Downloads/aplicacao-financeira-comunicado-aos-cotistas/COM_6999.pdf,https://www.caixa.gov.br/Downloads/aplicacao-financeira-carta-mensal/CM_6999.pdf,https://www.caixa.gov.br/Downloads/aplicacao-financeira-laminas-comerciais/LAC_6999.pdf,https://www.caixa.gov.br/Downloads/aplicacao-financeira-termos-adesao/TA_6999.pdf,,https://web.microsoftstream.com/video/7ad96d1d-faee-497b-9eb5-c3093ebf417d?channelId=772517ff-88ae-4298-88f2-3ed5a5893c3e
MULTIMERCADO,CAIXA CARTEIRA QUANT DUO FIC FIF MM LP RESP LTDA,CAIXA CARTEIRA QUANT DUO FIC FIF MM LP RESP LTDA,07/04/2026,-,-,-,-,-,-,PJ,12/08/2026,12/08/2026,Não,0,Não,PJ,,65.795.043/0001-56,7990,Arrojado,0.8,0.01,0.01,0.01,0.01,D+0 (du),D+8 (du),D+10 (du),NÃO SE APLICA,Multimercado,Aberto para captação,LONGO PRAZO,GERAL,17:00,17h00,Sim · Automatico · 95%,AUTOMATICO,95.0,"[""Pessoa Física"", ""PJ Varejo"", ""Private""]","[""Pessoa Física"", ""PJ Varejo"", ""Private""]",Não,Não,,Não,CAIXA CARTEIRA QUANTITATIVA DUO FUNDO DE INVESTIMENTO EM COTAS DE CLASSE DE FUNDO DE INVESTIMENTO FINANCEIRO MULTIMERCADO LONGO PRAZO - RESP LIMITADA,,https://www.caixa.gov.br/downloads/aplicacao-financeira-laminas/LA_7990.pdf,https://www.caixa.gov.br/downloads/aplicacao-financeira-regulamentos/RG_7990.pdf,https://www.caixa.gov.br/Downloads/aplicacao-financeira-inf-com/FIC_7990.pdf,https://www.caixa.gov.br/Downloads/aplicacao-financeira-comunicado-aos-cotistas/COM_7990.pdf,https://www.caixa.gov.br/Downloads/aplicacao-financeira-carta-mensal/CM_7990.pdf,https://www.caixa.gov.br/Downloads/aplicacao-financeira-laminas-comerciais/LAC_7990.pdf,https://www.caixa.gov.br/Downloads/aplicacao-financeira-termos-adesao/TA_7990.pdf,,
MULTIMERCADO,CAIXA FIC FIF FOF SMART LONG BIAS MM RESP LTDA,CAIXA FIC FIF FOF SMART LONG BIAS MM RESP LTDA,18/07/2023,-,-,-,-,-,-,PJ,12/08/2026,12/08/2026,Não,0,Não,PJ,https://www.caixa.gov.br/fundos-investimento/multimercado/caixa-fic-fof-smart-long-bias-mm/Paginas/default.aspx,51.408.950/0001-90,7876,Moderado,1.0,0.01,0.01,0.01,0.01,D+1 (du),D+24 (du),D+26 (du),IPCA,Multimercado,Aberto para captação,AÇÕES,QUALIFICADO,17:00,17h00,Sim · Automatico · 100%,AUTOMATICO,100.0,"[""Pessoa Física"", ""PJ Atacado"", ""Private""]","[""Pessoa Física"", ""PJ Atacado"", ""Private""]",Não,Não,,Não,CAIXA FOF SMART LONG BIAS FUNDO DE INVESTIMENTO EM COTAS DE CLASSE DE FUNDO DE INVESTIMENTO FINANCEIRO MULTIMERCADO - RESPONSABILIDADE LIMITADA,,https://www.caixa.gov.br/downloads/aplicacao-financeira-laminas/LA_7876.pdf,http://www.caixa.gov.br/downloads/aplicacao-financeira-regulamentos/RG_7876.pdf,http://www.caixa.gov.br/Downloads/aplicacao-financeira-inf-com/FIC_7876.pdf,https://www.caixa.gov.br/Downloads/aplicacao-financeira-comunicado-aos-cotistas/COM_7876.pdf,https://www.caixa.gov.br/Downloads/aplicacao-financeira-carta-mensal/CM_7876.pdf,https://www.caixa.gov.br/Downloads/aplicacao-financeira-laminas-comerciais/LAC_7876.pdf,http://www.caixa.gov.br/Downloads/aplicacao-financeira-termos-adesao/TA_7876.pdf,,
MULTIMERCADO,CAIXA FIC FIF ALOCAÇÃO MACRO MM LONGO PRAZO RESP LTDA,CAIXA FIC FIF ALOCACAO MACRO MM LONGO PRAZO RESP LTDA,01/02/2007,"5,74145500","0,032","0,11","7,75","13,83","901,126",PJ,12/08/2026,12/08/2026,Não,0,Não,PJ | RPPS | TODOS,https://www.caixa.gov.br/fundos-investimento/multimercado/fic-alocacao-macro-multimercado-longo-prazo/,08.070.841/0001-87,5492,Moderado,0.5,1000.0,100.0,100.0,100.0,D+1 (du),D+1 (du),D+03 (du),CDI,Multimercado,Aberto para captação,LONGO PRAZO,GERAL,16:00,16h00,Sim · Automatico · 100%,AUTOMATICO,100.0,"[""GOV"", ""Institucional"", ""Pessoa Física"", ""PJ Atacado"", ""PJ Varejo"", ""Private"", ""RPPS""]","[""GOV"", ""Institucional"", ""Pessoa Física"", ""PJ Atacado"", ""PJ Varejo"", ""Private"", ""RPPS""]",Não,Não,,Não,CAIXA ALOCAÇÃO MACRO FUNDO DE INVESTIMENTO EM COTAS DE CLASSE DE FUNDO DE INVESTIMENTO FINANCEIRO MULTIMERCADO LONGO PRAZO - RESPONSABILIDADE LIMITADA,,https://www.caixa.gov.br/downloads/aplicacao-financeira-laminas/LA_5492.pdf,http://www.caixa.gov.br/downloads/aplicacao-financeira-regulamentos/RG_5492.pdf,https://www.caixa.gov.br/Downloads/aplicacao-financeira-inf-com/FIC_5492.pdf,https://www.caixa.gov.br/Downloads/aplicacao-financeira-comunicado-aos-cotistas/FR_5492.pdf,https://www.caixa.gov.br/Downloads/aplicacao-financeira-carta-mensal/CM_5492.pdf,https://www.caixa.gov.br/Downloads/aplicacao-financeira-laminas-comerciais/LAC_5492.pdf,https://www.caixa.gov.br/Downloads/aplicacao-financeira-termos-adesao/TA_5492.pdf,,https://web.microsoftstream.com/video/2cbfedbd-9ece-40fb-9cc2-7d866c3c427e?channelId=772517ff-88ae-4298-88f2-3ed5a5893c3e
MULTIMERCADO,CAIXA FIC FIF JUROS E MOEDAS MM LP RESP LTDA,CAIXA FIC FIF JUROS E MOEDAS MM LP RESP LTDA,28/06/2012,"3,73051300","0,047","0,35","7,25","12,65","718,771",PJ,12/08/2026,12/08/2026,Não,0,Não,PJ | RPPS | TODOS,https://www.caixa.gov.br/fundos-investimento/multimercado/fi-juros-moedas-multimercado-longo-prazo,14.120.520/0001-42,5582,Moderado,0.7,1000.0,100.0,100.0,100.0,D+0 (du),D+0 (du),D+00 (du),CDI,Multimercado,Aberto para captação,LONGO PRAZO,GERAL,17:00,17h00,Sim · Automatico · 85%,AUTOMATICO,85.0,"[""GOV"", ""Institucional"", ""Pessoa Física"", ""PJ Atacado"", ""PJ Varejo"", ""Private"", ""RPPS""]","[""GOV"", ""Institucional"", ""Pessoa Física"", ""PJ Atacado"", ""PJ Varejo"", ""Private"", ""RPPS""]",Não,Não,,Não,CAIXA JUROS E MOEDAS FUNDO DE INVESTIMENTO EM COTAS DE CLASSE DE FUNDO DE INVESTIMENTO FINANCEIRO MULTIMERCADO LONGO PRAZO - RESPONSABILIDADE LIMITADA,,https://www.caixa.gov.br/downloads/aplicacao-financeira-laminas/LA_5582.pdf,https://www.caixa.gov.br/downloads/aplicacao-financeira-regulamentos/RG_5582.pdf,https://www.caixa.gov.br/Downloads/aplicacao-financeira-inf-com/FIC_5582.pdf,https://www.caixa.gov.br/Downloads/aplicacao-financeira-comunicado-aos-cotistas/COM_5582.pdf,https://www.caixa.gov.br/Downloads/aplicacao-financeira-carta-mensal/CM_5582.pdf,https://www.caixa.gov.br/Downloads/aplicacao-financeira-laminas-comerciais/LAC_5582.pdf,https://www.caixa.gov.br/Downloads/aplicacao-financeira-termos-adesao/TA_5582.pdf,,
MULTIMERCADO,CAIXA HASHDEX NASDAQ CRYPTO INDEX FIC FIF MM RESP LTDA,CAIXA HASHDEX NASDAQ CRYPTO INDEX FIC FIF MM RESP LTDA,07/10/2025,-,-,-,-,-,-,PJ,12/08/2026,12/08/2026,Não,0,Não,PJ,https://www.caixa.gov.br/fundos-investimento/multimercado/caixa-hashdex-nasdaq-crypto-fic-fif-mm,62.769.135/0001-73,7980,Agressivo,0.7,100.0,100.0,100.0,10.0,D+1 (du),D+3 (du),D+08 (du),OUTROS,Multimercado,Aberto para captação,AÇÕES,GERAL,13:00,13h00,Sim · Automatico · 95%,AUTOMATICO,95.0,"[""Pessoa Física"", ""PJ Varejo"", ""Private""]","[""Pessoa Física"", ""PJ Varejo"", ""Private""]",Não,Não,,Não,CAIXA EXPERT HASHDEX NASDAQ CRYPTO INDEX FUNDO DE INVESTIMENTO EM COTAS DE CLASSE DE FUNDO DE INVESTIMENTO FINANCEIRO MULTIMERCADO - RESP LIMITADA,"Campanha de Lançamento
A partir de 07/10/2025 inclusive
Redução de Tickets
Aplicação Inicial:
De: R$ 1.000,00 para R$ 100,00
Saldo Mínimo: 
De: R$ 1.000,00 para R$ 10,00

Fundo fechado de 23/12 a 31/12, seguindo o calendário de feriados dos EUA",https://www.caixa.gov.br/downloads/aplicacao-financeira-laminas/LA_7980.pdf,https://www.caixa.gov.br/downloads/aplicacao-financeira-regulamentos/RG_7980.pdf,https://www.caixa.gov.br/Downloads/aplicacao-financeira-inf-com/FIC_7980.pdf,https://www.caixa.gov.br/Downloads/aplicacao-financeira-comunicado-aos-cotistas/FR_7980.pdf,https://www.caixa.gov.br/Downloads/aplicacao-financeira-carta-mensal/CM_7980.pdf,https://www.caixa.gov.br/Downloads/aplicacao-financeira-laminas-comerciais/LAC_7980.pdf,https://www.caixa.gov.br/Downloads/aplicacao-financeira-termos-adesao/TA_7980.pdf,,
MULTIMERCADO,CAIXA CAPITAL PROTEGIDO CÍCLICO III FIC FIF MM LP - RESP LTDA,CAIXA CAPITAL PROTEGIDO CICLICO III FIC FIF MM LP - RESP LTDA,10/01/2022,-,-,-,-,-,-,PJ,12/08/2026,12/08/2026,Não,0,Não,PJ | RPPS,https://www.caixa.gov.br/fundos-investimento/multimercado/fic-capital-protegido-ciclico-iii-multimercado-lp/Paginas/default.aspx,44.683.343/0001-73,6608,Conservador,0.9,5000.0,500.0,500.0,4000.0,D+0 (du),D+0 (du),D+02 (du),NÃO SE APLICA,Capital Protegido,Fechado para captação,LONGO PRAZO,GERAL,16:00,16h00,Sim · Automatico · 100%,AUTOMATICO,100.0,"[""GOV"", ""Institucional"", ""Pessoa Física"", ""PJ Atacado"", ""PJ Varejo"", ""Private"", ""RPPS""]","[""GOV"", ""Institucional"", ""Pessoa Física"", ""PJ Atacado"", ""PJ Varejo"", ""Private"", ""RPPS""]",Não,Sim,2028-07-07T00:00:00Z,Não,CAIXA CAPITAL PROTEGIDO CÍCLICO III FIC DE CLASSE DE FUNDO DE INVESTIMENTO FINANCEIRO MULTIMERCADO LONGO PRAZO - RESP LIMITADA,"Fundo com prazo de carência para aplicação e resgate, conforme Regulamento. Durante a carência, não é permitida a realização de aplicações ou resgates.                                                                  Período de Captação 02/03/2026 à 24/04/2026
Início da Operação Estruturada: 27/04/2026
Fim da Operação Estruturada: 03/07/2028",https://www.caixa.gov.br/downloads/aplicacao-financeira-laminas/LA_6608.pdf,http://www.caixa.gov.br/downloads/aplicacao-financeira-regulamentos/RG_6608.pdf,http://www.caixa.gov.br/Downloads/aplicacao-financeira-inf-com/FIC_6608.pdf,http://www.caixa.gov.br/Downloads/aplicacao-financeira-comunicado-aos-cotistas/FR_6608.pdf,https://www.caixa.gov.br/Downloads/aplicacao-financeira-carta-mensal/CM_6608.pdf,https://www.caixa.gov.br/Downloads/aplicacao-financeira-laminas-comerciais/LAC_6608.pdf,http://www.caixa.gov.br/Downloads/aplicacao-financeira-termos-adesao/TA_6608.pdf,,
MULTIMERCADO,CAIXA FIC FIM CAPITAL PROTEGIDO CICLICO II LP - RL,CAIXA FIC FIM CAPITAL PROTEGIDO CICLICO II LP - RL,18/07/2022,-,-,-,-,-,-,PJ,12/08/2026,12/08/2026,Não,0,Não,GOV | PJ | RPPS,https://www.caixa.gov.br/fundos-investimento/multimercado/fic-capital-protegido-ciclico-ii-multimercado-lp/Paginas/default.aspx,45.443.651/0001-94,6623,Conservador,0.9,5000.0,500.0,500.0,4000.0,D+0 (du),D+0 (du),D+02 (du),NÃO SE APLICA,Capital Protegido,Fechado para captação,LONGO PRAZO,GERAL,16:00,16h00,Sim · Automatico · 100%,AUTOMATICO,100.0,"[""GOV"", ""Institucional"", ""Pessoa Física"", ""PJ Atacado"", ""PJ Varejo"", ""Private"", ""RPPS""]","[""GOV"", ""Institucional"", ""Pessoa Física"", ""PJ Atacado"", ""PJ Varejo"", ""Private"", ""RPPS""]",Não,Não,2026-07-01T00:00:00Z,Não,CAIXA CAPITAL PROTEGIDO CICLICO II FIC DE CLASSE DE FUNDO DE INVESTIMENTO FINANCEIRO MULTIMERCADO LONGO PRAZO - RESPONSABILIDADE LIMITADA,"Fundo com prazo de carência para aplicação e resgate, conforme Regulamento. Durante a carência, não é permitida a realização de aplicações ou resgates.

Fechado para Aplicações e Resgates a partir de 26/08/2024 
-------
Início da Operação Estruturada - 27/08/2024

Fim da Operação Estruturada - 01/07/2026",https://www.caixa.gov.br/downloads/aplicacao-financeira-laminas/LA_6623.pdf,http://www.caixa.gov.br/downloads/aplicacao-financeira-regulamentos/RG_6623.pdf,http://www.caixa.gov.br/Downloads/aplicacao-financeira-inf-com/FIC_6623.pdf,http://www.caixa.gov.br/Downloads/aplicacao-financeira-comunicado-aos-cotistas/FR_6623.pdf,https://www.caixa.gov.br/Downloads/aplicacao-financeira-carta-mensal/CM_6623.pdf,https://www.caixa.gov.br/Downloads/aplicacao-financeira-laminas-comerciais/LAC_6623.pdf,http://www.caixa.gov.br/Downloads/aplicacao-financeira-termos-adesao/TA_6623.pdf,,
MULTIMERCADO,CAIXA FIC FIF CAPITAL PROTEGIDO CESTA AGRO MM,CAIXA FIC FIF CAPITAL PROTEGIDO CESTA AGRO MM,04/07/2022,-,-,-,-,-,-,PJ,12/08/2026,12/08/2026,Não,0,Não,GOV | PJ | RPPS,https://www.caixa.gov.br/fundos-investimento/multimercado/caixa_fic_fim_cap_protegido_cesta_agro/Paginas/default.aspx,42.229.068/0001-97,6621,Conservador,0.9,5000.0,500.0,500.0,4000.0,D+0 (du),D+0 (du),D+02 (du),OUTROS,Capital Protegido,Fechado para captação,LONGO PRAZO,GERAL,16:00,16h00,Sim · Automatico · 100%,AUTOMATICO,100.0,"[""GOV"", ""Institucional"", ""Pessoa Física"", ""PJ Atacado"", ""PJ Varejo"", ""Private"", ""RPPS""]","[""GOV"", ""Institucional"", ""Pessoa Física"", ""PJ Atacado"", ""PJ Varejo"", ""Private"", ""RPPS""]",Não,Sim,2026-10-01T00:00:00Z,Não,CAIXA CAPITAL PROTEGIDO CESTA AGRO FUNDO DE INVESTIMENTO EM COTAS DE CLASSE DE FUNDO DE INVESTIMENTO FINANCEIRO MULTIMERCADO LONGO PRAZO - RESPONSABIL,"Fundo com prazo de carência para aplicação e resgate, conforme Regulamento. Durante a carência, não é permitida a realização de aplicações ou resgates.

Nova Operação Estruturada:

Dia 07/10/2024 -> Reabertura para Resgates e Aplicações do fundo;

Dia 25/10/2024 -> Fechamento para Aplicações e Resgates

Dia 29/10/2024 -> Início da nova operação estruturada de Cesta Agro.",https://www.caixa.gov.br/downloads/aplicacao-financeira-laminas/LA_6621.pdf,http://www.caixa.gov.br/downloads/aplicacao-financeira-regulamentos/RG_6621.pdf,http://www.caixa.gov.br/Downloads/aplicacao-financeira-inf-com/FIC_6621.pdf,http://www.caixa.gov.br/Downloads/aplicacao-financeira-comunicado-aos-cotistas/FR_6621.pdf,https://www.caixa.gov.br/Downloads/aplicacao-financeira-carta-mensal/CM_6621.pdf,https://www.caixa.gov.br/Downloads/aplicacao-financeira-laminas-comerciais/LAC_6621.pdf,http://www.caixa.gov.br/Downloads/aplicacao-financeira-termos-adesao/TA_6621.pdf,,
MULTIMERCADO,CAIXA EXPERT GIANT ZARATHUSTRA FIC MULTIMERCADO - RESP LTDA,CAIXA EXPERT GIANT ZARATHUSTRA FIC MULTIMERCADO - RESP LTDA,12/02/2021,-,-,-,-,-,-,PJ,12/08/2026,12/08/2026,Não,0,Não,PJ | TODOS,https://www.caixa.gov.br/fundos-investimento/multimercado/expert-giant-zarathustra-fic-multimercado,40.209.061/0001-88,6535,Moderado,0.4,10000.0,100.0,100.0,1000.0,D+0 (du),D+22 (du),D+25 (du),NÃO SE APLICA,Multimercado,Aberto para captação,LONGO PRAZO,GERAL,13:00,13h00,Sim · Automatico · 100%,AUTOMATICO,100.0,"[""Institucional"", ""Pessoa Física"", ""PJ Atacado"", ""PJ Varejo"", ""Private""]","[""Institucional"", ""Pessoa Física"", ""PJ Atacado"", ""PJ Varejo"", ""Private""]",Não,Não,,Não,CAIXA EXPERT GIANT ZARATHUSTRA FUNDO DE INVESTIMENTO EM COTAS DE CLASSE DE FUNDO DE INVESTIMENTO FINANCEIRO MULTIMERCADO - RESP LIMITADA,Aplicações via IBC a partir de  22/02/2021,https://www.caixa.gov.br/downloads/aplicacao-financeira-laminas/LA_6535.pdf,https://www.caixa.gov.br/downloads/aplicacao-financeira-regulamentos/RG_6535.pdf,https://www.caixa.gov.br/Downloads/aplicacao-financeira-inf-com/FIC_6535.pdf,https://www.caixa.gov.br/Downloads/aplicacao-financeira-comunicado-aos-cotistas/COM_6535.pdf,https://www.caixa.gov.br/Downloads/aplicacao-financeira-carta-mensal/CM_6535.pdf,https://www.caixa.gov.br/Downloads/aplicacao-financeira-laminas-comerciais/LAC_6535.pdf,https://www.caixa.gov.br/Downloads/aplicacao-financeira-termos-adesao/TA_6535.pdf,,
MULTIMERCADO,CAIXA FIC FIF EXPERT SPX NIMITZ MULTIMERCADO RESP LTDA,CAIXA FIC FIF EXPERT SPX NIMITZ MULTIMERCADO RESP LTDA,04/05/2020,-,-,-,-,-,-,PJ,12/08/2026,12/08/2026,Não,0,Não,PJ,https://www.caixa.gov.br/fundos-investimento/multimercado/fic-caixa-expert-spxmm/Paginas/default.aspx,34.660.453/0001-66,6475,Moderado,2.0,10000.0,100.0,100.0,1000.0,D+1 (du),D+22 (du),D+24 (du),CDI,Multimercado,Aberto para captação,LONGO PRAZO,QUALIFICADO,13:00,13h00,Não se aplica,NÃO SE APLICA,,"[""Pessoa Física"", ""Private""]","[""Pessoa Física"", ""Private""]",Não,Não,,Não,CAIXA EXPERT SPX NIMITZ FUNDO DE INVESTIMENTO EM COTAS DE CLASSE DE FUNDO DE INVESTIMENTO FINANCEIRO MULTIMERCADO - RESPONSABILIDADE LIMITADA,"A contagem para conversão de cotas e pagamento do resgate é feita em dias úteis, conforme estabelecido no Regulamento do Fundo. O FUNDO destina-se a receber investimentos de pessoas físicas residentes, a critério da ADMINISTRADORA e considerados investidores qualificados nos termos da legislação vigente. Este Fundo não está adaptado às normas vigentes para RPPS (Regimes Próprios de Previdência Social).",https://www.caixa.gov.br/downloads/aplicacao-financeira-laminas/LA_6475.pdf,https://www.caixa.gov.br/downloads/aplicacao-financeira-regulamentos/RG_6475.pdf,https://www.caixa.gov.br/Downloads/aplicacao-financeira-inf-com/FIC_6475.pdf,https://www.caixa.gov.br/Downloads/aplicacao-financeira-comunicado-aos-cotistas/COM_6475.pdf,https://www.caixa.gov.br/Downloads/aplicacao-financeira-carta-mensal/CM_6475.pdf,https://www.caixa.gov.br/Downloads/aplicacao-financeira-laminas-comerciais/LAC_6475.pdf,https://www.caixa.gov.br/Downloads/aplicacao-financeira-termos-adesao/TA_6475.pdf,,
MULTIMERCADO,FIC FIF CAIXA EXPERT BTG PACTUAL X10 MM LP RESP LTDA,FIC FIF CAIXA EXPERT BTG PACTUAL X10 MM LP RESP LTDA,21/03/2013,-,-,-,-,-,-,PJ,12/08/2026,12/08/2026,Não,0,Não,PJ | TODOS,https://www.caixa.gov.br/fundos-investimento/multimercado/btg-pactual-x10-multimercado-longo-prazo/,17.433.039/0001-03,5911,Moderado,1.0,10000.0,100.0,100.0,1000.0,D+0 (du),D+8 (du),D+10 (du),CDI,Multimercado,Aberto para captação,LONGO PRAZO,QUALIFICADO,13:00,13h00,Não se aplica,NÃO SE APLICA,,"[""Institucional"", ""Pessoa Física"", ""PJ Atacado"", ""PJ Varejo"", ""Private""]","[""Institucional"", ""Pessoa Física"", ""PJ Atacado"", ""PJ Varejo"", ""Private""]",Não,Não,,Não,CAIXA EXPERT BTG PACTUAL X 10 FUNDO DE INVESTIMENTO EM COTAS DE CLASSE DE FUNDO DE INVESTIMENTO FINANCEIRO MULTIMERCADO LONGO PRAZO - RESP LIMITADA,"PESSOAS FÍSICAS E PESSOAS JURÍDICAS, E FUNDOS DE INVESTIMENTO, INVESTIDORES QUALIFICADOS NA FORMA DEFINIDA PELA LEGISLAÇÃO PERTINENTE. A CONTAGEM PARA CONVERSÃO DE COTAS E PAGAMENTO DO RESGATE É FEITA EM DIAS ÚTEIS, CONFORME ESTABELECIDO NO REGULAMENTO DO FUNDO.",https://www.caixa.gov.br/downloads/aplicacao-financeira-laminas/LA_5911.pdf,https://www.caixa.gov.br/downloads/aplicacao-financeira-regulamentos/RG_5911.pdf,https://www.caixa.gov.br/Downloads/aplicacao-financeira-inf-com/FIC_5911.pdf,https://www.caixa.gov.br/Downloads/aplicacao-financeira-comunicado-aos-cotistas/FR_5911.pdf,https://www.caixa.gov.br/Downloads/aplicacao-financeira-carta-mensal/CM_5911.pdf,https://www.caixa.gov.br/Downloads/aplicacao-financeira-laminas-comerciais/LAC_5911.pdf,https://www.caixa.gov.br/Downloads/aplicacao-financeira-termos-adesao/TA_5911.pdf,,
MULTIMERCADO,CAIXA FIC FIF EXPERT PIMCO INCOME IE MM LP RESP LTDA,CAIXA FIC FIF EXPERT PIMCO INCOME IE MM LP RESP LTDA,21/08/2023,-,-,-,-,-,-,PJ,12/08/2026,12/08/2026,Não,0,Não,PJ | RPPS,https://www.caixa.gov.br/fundos-investimento/multimercado/caixa-expert-pimco-income-ie-fic-multimercado/Paginas/default.aspx,51.659.921/0001-00,7875,Arrojado,0.93,10000.0,100.0,0.01,1000.0,D+1 (du),D+3 (du),D+08 (du),NÃO SE APLICA,Multimercado,Aberto para captação,LONGO PRAZO,GERAL,13:00,13h00,Não se aplica,NÃO SE APLICA,,"[""GOV"", ""Institucional"", ""Pessoa Física"", ""PJ Atacado"", ""Private"", ""RPPS""]","[""GOV"", ""Institucional"", ""Pessoa Física"", ""PJ Atacado"", ""Private"", ""RPPS""]",Não,Não,,Não,CAIXA EXPERT PIMCO INCOME INVESTIMENTO NO EXTERIOR FIC DE CLASSE DE FUNDO DE INVESTIMENTO FINANCEIRO MULTIMERCADO LONGO PRAZO - RESP LIMITADA,"Campanha ""Mês da Mulher"" de 06/03/2026 a 31/03/2026
Redução de Tickets
Aplicação Inicial:
De: R$ 10.000,00 para R$ 1.000,00
Saldo Mínimo: 
De: R$ 1.000,00 para R$ 100,00",https://www.caixa.gov.br/downloads/aplicacao-financeira-laminas/LA_7875.pdf,http://www.caixa.gov.br/downloads/aplicacao-financeira-regulamentos/RG_7875.pdf,http://www.caixa.gov.br/Downloads/aplicacao-financeira-inf-com/FIC_7875.pdf,https://www.caixa.gov.br/Downloads/aplicacao-financeira-comunicado-aos-cotistas/COM_7875.pdf,https://www.caixa.gov.br/Downloads/aplicacao-financeira-carta-mensal/CM_7875.pdf,https://www.caixa.gov.br/Downloads/aplicacao-financeira-laminas-comerciais/LAC_7875.pdf,http://www.caixa.gov.br/Downloads/aplicacao-financeira-termos-adesao/TA_7875.pdf,,
CAMBIAL,CAIXA FIC FIF INDEXA DOLAR CAMBIAL RESP LTDA,CAIXA FIC FIF INDEXA DOLAR CAMBIAL RESP LTDA,27/06/2005,"3,87780700","-0,164","1,82","-3,53","0,03","97,093",PJ,12/08/2026,12/08/2026,Não,0,Não,PJ | TODOS,https://www.caixa.gov.br/fundos-investimento/cambiais/fic-cambial-dolar/Paginas/default.aspx,05.114.733/0001-70,5403,Moderado,0.8,0.01,0.01,0.01,0.01,D+0 (du),D+1 (du),D+01 (du),PTAX,Multimercado,Aberto para captação,CURTO PRAZO,GERAL,14:30,14h30,Sim · Automatico · 85%,AUTOMATICO,85.0,"[""GOV"", ""Institucional"", ""Pessoa Física"", ""PJ Atacado"", ""PJ Varejo"", ""Private""]","[""GOV"", ""Institucional"", ""Pessoa Física"", ""PJ Atacado"", ""PJ Varejo"", ""Private""]",Não,Não,,Não,CAIXA INDEXA DOLAR FUNDO DE INVESTIMENTO EM COTAS DE CLASSE DE FUNDO DE INVESTIMENTO FINANCEIRO CAMBIAL - RESPONSABILIDADE LIMITADA,Este Fundo não está adaptado às normas vigentes para RPPS (Regimes Próprios de Previdência Social).,https://www.caixa.gov.br/downloads/aplicacao-financeira-laminas/LA_5403.pdf,https://www.caixa.gov.br/downloads/aplicacao-financeira-regulamentos/RG_5403.pdf,https://www.caixa.gov.br/Downloads/aplicacao-financeira-inf-com/FIC_5403.pdf,https://www.caixa.gov.br/Downloads/aplicacao-financeira-comunicado-aos-cotistas/COM_5403.pdf,https://www.caixa.gov.br/Downloads/aplicacao-financeira-carta-mensal/CM_5403.pdf,https://www.caixa.gov.br/Downloads/aplicacao-financeira-laminas-comerciais/LAC_5403.pdf,https://www.caixa.gov.br/Downloads/aplicacao-financeira-termos-adesao/TA_5403.pdf,,
ACOES,CAIXA FIF AÇÕES DIVIDENDOS RESP LTDA,CAIXA FIF ACOES DIVIDENDOS RESP LTDA,03/10/2003,"6,49382200","-0,116","-6,07","2,38","17,05","313,341",PJ,12/08/2026,12/08/2026,Não,0,Não,PJ | TODOS,https://www.caixa.gov.br/fundos-investimento/fundos-de-acoes/fi-acoes-dividendos,05.900.798/0001-41,5390,Arrojado,1.5,0.01,0.01,0.01,0.01,D+1 (du),D+1 (du),D+03 (du),IDIV11,RV - Ações,Aberto para captação,AÇÕES,GERAL,17:00,17h00,Sim · Automatico · 100%,AUTOMATICO,100.0,"[""GOV"", ""Institucional"", ""Pessoa Física"", ""PJ Atacado"", ""PJ Varejo"", ""Private"", ""RPPS""]","[""GOV"", ""Institucional"", ""Pessoa Física"", ""PJ Atacado"", ""PJ Varejo"", ""Private"", ""RPPS""]",Não,Não,,Não,CAIXA DIVIDENDOS FUNDO DE INVESTIMENTO FINANCEIRO EM AÇÕES - RESPONSABILIDADE LIMITADA,"A contagem para conversão de cotas e pagamento do resgate é feita em dias úteis, conforme estabelecido no Regulamento do Fundo.",https://www.caixa.gov.br/downloads/aplicacao-financeira-laminas/LA_5390.pdf,https://www.caixa.gov.br/downloads/aplicacao-financeira-regulamentos/RG_5390.pdf,https://www.caixa.gov.br/Downloads/aplicacao-financeira-inf-com/FIC_5390.pdf,https://www.caixa.gov.br/Downloads/aplicacao-financeira-comunicado-aos-cotistas/COM_5390.pdf,https://www.caixa.gov.br/Downloads/aplicacao-financeira-carta-mensal/CM_5390.pdf,https://www.caixa.gov.br/Downloads/aplicacao-financeira-laminas-comerciais/LAC_5390.pdf,https://www.caixa.gov.br/Downloads/aplicacao-financeira-termos-adesao/TA_5390.pdf,,
ACOES,CAIXA FIF AÇÕES CONSUMO RESP LTDA,CAIXA FIF ACOES CONSUMO RESP LTDA,26/04/2012,"0,99787800","-0,927","-6,19","-14,26","-6,41","49,516",PJ,12/08/2026,12/08/2026,Não,0,Não,PJ | TODOS,https://www.caixa.gov.br/fundos-investimento/fundos-de-acoes/fi-acoes-consumo,10.577.512/0001-79,5567,Arrojado,1.6,0.01,0.01,0.01,0.01,D+1 (du),D+1 (du),D+03 (du),ICON11,RV - Ações,Aberto para captação,AÇÕES,GERAL,17:00,17h00,Sim · Automatico · 100%,AUTOMATICO,100.0,"[""GOV"", ""Institucional"", ""Pessoa Física"", ""PJ Atacado"", ""PJ Varejo"", ""Private"", ""RPPS""]","[""GOV"", ""Institucional"", ""Pessoa Física"", ""PJ Atacado"", ""PJ Varejo"", ""Private"", ""RPPS""]",Não,Não,,Não,CAIXA CONSUMO FUNDO DE INVESTIMENTO FINANCEIRO EM AÇÕES - RESPONSABILIDADE LIMITADA,"A contagem para conversão de cotas e pagamento do resgate é feita em dias úteis, conforme estabelecido no Regulamento do Fundo.",https://www.caixa.gov.br/downloads/aplicacao-financeira-laminas/LA_5567.pdf,https://www.caixa.gov.br/downloads/aplicacao-financeira-regulamentos/RG_5567.pdf,https://www.caixa.gov.br/Downloads/aplicacao-financeira-inf-com/FIC_5567.pdf,https://www.caixa.gov.br/Downloads/aplicacao-financeira-comunicado-aos-cotistas/COM_5567.pdf,https://www.caixa.gov.br/Downloads/aplicacao-financeira-carta-mensal/CM_5567.pdf,https://www.caixa.gov.br/Downloads/aplicacao-financeira-laminas-comerciais/LAC_5567.pdf,https://www.caixa.gov.br/Downloads/aplicacao-financeira-termos-adesao/TA_5567.pdf,,
ACOES,CAIXA FIC FIF ACOES COMPROMISSO BDR NIVEL I RESP LTDA,CAIXA FIC FIF ACOES COMPROMISSO BDR NIVEL I RESP LTDA,05/11/2021,"1,25843200","0,047","-0,03","3,99","19,58","3,861",PJ,12/08/2026,12/08/2026,Não,0,Não,PJ | RPPS,http://www.caixa.gov.br/fundos-investimento/fundos-de-acoes/FIA-Institucional-BDR-nivel-I/Paginas/default.aspx,43.760.251/0001-87,6593,Arrojado,1.0,0.01,0.01,0.01,0.01,D+1 (du),D+1 (du),D+03 (du),BDRX,RV - Ações,Aberto para captação,AÇÕES,GERAL,17:00,17h00,Sim · Automatico · 100%,AUTOMATICO,100.0,"[""GOV"", ""Institucional"", ""Pessoa Física"", ""PJ Atacado"", ""PJ Varejo"", ""Private"", ""RPPS""]","[""GOV"", ""Institucional"", ""Pessoa Física"", ""PJ Atacado"", ""PJ Varejo"", ""Private"", ""RPPS""]",Não,Não,,Não,CAIXA COMPROMISSO BDR NÍVEL I FUNDO DE INVESTIMENTO EM COTAS DE CLASSE DE FUNDO DE INVESTIMENTO FINANCEIRO EM AÇÕES - RESPONSABILIDADE LIMITADA,,https://www.caixa.gov.br/downloads/aplicacao-financeira-laminas/LA_6593.pdf,https://www.caixa.gov.br/downloads/aplicacao-financeira-regulamentos/RG_6593.pdf,https://www.caixa.gov.br/Downloads/aplicacao-financeira-inf-com/FIC_6593.pdf,https://www.caixa.gov.br/Downloads/aplicacao-financeira-comunicado-aos-cotistas/COM_6593.pdf,https://www.caixa.gov.br/Downloads/aplicacao-financeira-carta-mensal/CM_6593.pdf,https://www.caixa.gov.br/Downloads/aplicacao-financeira-laminas-comerciais/LAC_6593.pdf,https://www.caixa.gov.br/Downloads/aplicacao-financeira-termos-adesao/TA_6593.pdf,,
ACOES,CAIXA FIF AÇÕES SMALL CAPS ATIVO RESP LTDA,CAIXA FIF ACOES SMALL CAPS ATIVO RESP LTDA,01/11/2012,"1,31676900","-0,434","-6,10","-13,62","-6,55","394,332",PJ,12/08/2026,12/08/2026,Não,0,Não,PJ | TODOS,https://www.caixa.gov.br/fundos-investimento/fundos-de-acoes/fi-acoes-small-caps-ativo,15.154.220/0001-47,5841,Arrojado,1.5,0.01,0.01,0.01,0.01,D+1 (du),D+1 (du),D+03 (du),SMLL,RV - Ações,Aberto para captação,AÇÕES,GERAL,17:00,17h00,Sim · Automatico · 100%,AUTOMATICO,100.0,"[""GOV"", ""Institucional"", ""Pessoa Física"", ""PJ Atacado"", ""PJ Varejo"", ""Private"", ""RPPS""]","[""GOV"", ""Institucional"", ""Pessoa Física"", ""PJ Atacado"", ""PJ Varejo"", ""Private"", ""RPPS""]",Não,Não,,Não,CAIXA SMALL CAPS ATIVO FUNDO DE INVESTIMENTO FINANCEIRO EM AÇÕES - RESPONSABILIDADE LIMITADA,"A contagem para conversão de cotas e pagamento do resgate é feita em dias úteis, conforme estabelecido no Regulamento do Fundo.",https://www.caixa.gov.br/downloads/aplicacao-financeira-laminas/LA_5841.pdf,https://www.caixa.gov.br/downloads/aplicacao-financeira-regulamentos/RG_5841.pdf,https://www.caixa.gov.br/Downloads/aplicacao-financeira-inf-com/FIC_5841.pdf,https://www.caixa.gov.br/Downloads/aplicacao-financeira-comunicado-aos-cotistas/FR_5841.pdf,https://www.caixa.gov.br/Downloads/aplicacao-financeira-carta-mensal/CM_5841.pdf,https://www.caixa.gov.br/Downloads/aplicacao-financeira-laminas-comerciais/LAC_5841.pdf,https://www.caixa.gov.br/Downloads/aplicacao-financeira-termos-adesao/TA_5841.pdf,,
ACOES,CAIXA FIC FIF AÇÕES E-FUNDOS IBOVESPA RESP LTDA,CAIXA FIC FIF ACOES E-FUNDOS IBOVESPA RESP LTDA,05/10/2012,"2,49213000","-0,182","-5,75","3,57","20,55","12,631",PJ,12/08/2026,12/08/2026,Não,0,Não,GOV | PJ,https://www.caixa.gov.br/fundos-investimento/fundos-de-acoes/fi-acoes-brasil-etf-bovespa/Paginas/default.aspx,01.525.057/0001-77,53,Arrojado,2.0,0.01,0.01,0.01,0.01,D+1 (du),D+1 (du),D+03 (du),IBOV,RV - Ações,Aberto para captação,AÇÕES,GERAL,17:00,17h00,Sim · Automatico · 100%,AUTOMATICO,100.0,"[""GOV"", ""Institucional"", ""Pessoa Física"", ""PJ Atacado"", ""PJ Varejo"", ""Private"", ""RPPS""]","[""GOV"", ""Institucional"", ""Pessoa Física"", ""PJ Atacado"", ""PJ Varejo"", ""Private"", ""RPPS""]",Não,Não,,Não,CAIXA IBOVESPA FUNDO DE INVESTIMENTO EM COTAS DE CLASSE DE FUNDO DE INVESTIMENTO FINANCEIRO EM AÇÕES - RESPONSABILIDADE LIMITADA,"A contagem para conversão de cotas e pagamento do resgate é feita em dias úteis, conforme estabelecido no Regulamento do Fundo.",https://www.caixa.gov.br/downloads/aplicacao-financeira-laminas/LA_0053.pdf,https://www.caixa.gov.br/downloads/aplicacao-financeira-regulamentos/RG_0053.pdf,https://www.caixa.gov.br/Downloads/aplicacao-financeira-inf-com/FIC_0053.pdf,https://www.caixa.gov.br/Downloads/aplicacao-financeira-comunicado-aos-cotistas/FR_0053.pdf,https://www.caixa.gov.br/Downloads/aplicacao-financeira-carta-mensal/CM_53.pdf,https://www.caixa.gov.br/Downloads/aplicacao-financeira-laminas-comerciais/LAC_53.pdf,https://www.caixa.gov.br/Downloads/aplicacao-financeira-termos-adesao/TA_0053.pdf,,
ACOES,CAIXA FIF ACOES SUSTENTABILIDADE EMPRESARIAL ISE - IS RESP LTDA,CAIXA FIF ACOES SUSTENTABILIDADE EMPRESARIAL ISE - IS RESP LTDA,05/11/2007,"1,61224200","-0,401","-6,98","-5,41","4,88","1,949",PJ,12/08/2026,12/08/2026,Não,0,Não,PJ | TODOS,https://www.caixa.gov.br/fundos-investimento/fundos-de-acoes/fi-acoes-ise,08.070.838/0001-63,5395,Arrojado,0.8,0.01,0.01,0.01,0.01,D+1 (du),D+1 (du),D+03 (du),ISE,RV - Ações,Aberto para captação,AÇÕES,GERAL,17:00,17h00,Sim · Automatico · 100%,AUTOMATICO,100.0,"[""GOV"", ""Institucional"", ""Pessoa Física"", ""PJ Atacado"", ""PJ Varejo"", ""Private"", ""RPPS""]","[""GOV"", ""Institucional"", ""Pessoa Física"", ""PJ Atacado"", ""PJ Varejo"", ""Private"", ""RPPS""]",Não,Não,,Sim,CAIXA SUSTENTABILIDADE EMPRESARIAL ISE - IS FUNDO DE INVESTIMENTO FINANCEIRO EM AÇÕES - RESPONSABILIDADE LIMITADA,"Nome alterado de CAIXA FI ACOES INDEXA - ISE para CAIXA FIA SUSTENTABILIDADE EMPRESARIAL ISE - IS em 02/02/2024, conforme aprovado em Assembleia Geral de Cotistas.",https://www.caixa.gov.br/downloads/aplicacao-financeira-laminas/LA_5395.pdf,https://www.caixa.gov.br/downloads/aplicacao-financeira-regulamentos/RG_5395.pdf,https://www.caixa.gov.br/Downloads/aplicacao-financeira-inf-com/FIC_5395.pdf,https://www.caixa.gov.br/Downloads/aplicacao-financeira-comunicado-aos-cotistas/FR_5395.pdf,https://www.caixa.gov.br/Downloads/aplicacao-financeira-carta-mensal/CM_5395.pdf,https://www.caixa.gov.br/Downloads/aplicacao-financeira-laminas-comerciais/LAC_5395.pdf,https://www.caixa.gov.br/Downloads/aplicacao-financeira-termos-adesao/TA_5395.pdf,,
ACOES,CAIXA FIF ACOES PETROBRAS PLUS RESP LTDA,CAIXA FIF ACOES PETROBRAS PLUS RESP LTDA,28/06/2019,"4,52891700","-0,448","-5,49","43,81","47,55","74,454",PJ,12/08/2026,12/08/2026,Não,0,Não,PJ | TODOS,https://www.caixa.gov.br/fundos-investimento/fundos-de-acoes/fia-caixa-petrobras-plus/Paginas/default.aspx,30.068.205/0001-70,6420,Arrojado,1.5,0.01,0.01,0.01,0.01,D+1 (du),D+1 (du),D+03 (du),PETR3,RV - Ações,Fechado para captação,AÇÕES,GERAL,17:00,17h00,Sim · Automatico · 100%,AUTOMATICO,100.0,"[""Institucional"", ""Pessoa Física"", ""PJ Atacado"", ""PJ Varejo"", ""Private""]","[""Institucional"", ""Pessoa Física"", ""PJ Atacado"", ""PJ Varejo"", ""Private""]",Não,Não,,Não,CAIXA PETROBRAS PLUS FUNDO DE INVESTIMENTO FINANCEIRO EM AÇÕES - RESPONSABILIDADE LIMITADA,Fundo fechaco para novas aplicações a partir de 28/02/2023.,https://www.caixa.gov.br/downloads/aplicacao-financeira-laminas/LA_6420.pdf,https://www.caixa.gov.br/downloads/aplicacao-financeira-regulamentos/RG_6420.pdf,https://www.caixa.gov.br/Downloads/aplicacao-financeira-inf-com/FIC_6420.pdf,https://www.caixa.gov.br/Downloads/aplicacao-financeira-comunicado-aos-cotistas/FR_6420.pdf,https://www.caixa.gov.br/Downloads/aplicacao-financeira-carta-mensal/CM_6420.pdf,https://www.caixa.gov.br/Downloads/aplicacao-financeira-laminas-comerciais/LAC_6420.pdf,https://www.caixa.gov.br/Downloads/aplicacao-financeira-termos-adesao/TA_6420.pdf,,
ACOES,CAIXA FIC FIF AÇÕES MULTIGESTOR RESP LTDA,CAIXA FIC FIF ACOES MULTIGESTOR RESP LTDA,25/06/2019,-,-,-,-,-,-,PJ,12/08/2026,12/08/2026,Não,0,Não,PJ | RPPS | TODOS,https://www.caixa.gov.br/fundos-investimento/fundos-de-acoes/fic-fia-multigestor/Paginas/default.aspx,30.068.224/0001-04,6421,Arrojado,1.5,0.01,0.01,0.01,0.01,D+1 (du),D+23 (du),D+25 (du),IBOV,RV - Ações,Aberto para captação,AÇÕES,GERAL,13:00,13h00,Sim · Automatico · 100%,AUTOMATICO,100.0,"[""GOV"", ""Institucional"", ""Pessoa Física"", ""PJ Atacado"", ""PJ Varejo"", ""Private"", ""RPPS""]","[""GOV"", ""Institucional"", ""Pessoa Física"", ""PJ Atacado"", ""PJ Varejo"", ""Private"", ""RPPS""]",Não,Não,,Não,CAIXA AÇÕES MULTIGESTOR FUNDO DE INVESTIMENTO EM COTAS DE CLASSE DE FUNDO DE INVESTIMENTO FINANCEIRO EM AÇÕES - RESPONSABILIDADE LIMITADA,"A contagem para conversão de cotas e pagamento do resgate é feita em dias úteis, conforme estabelecido no Regulamento do Fundo. Este Fundo está adaptado às normas vigentes para RPPS (Regimes Próprios de Previdência Social).",https://www.caixa.gov.br/downloads/aplicacao-financeira-laminas/LA_6421.pdf,https://www.caixa.gov.br/downloads/aplicacao-financeira-regulamentos/RG_6421.pdf,https://www.caixa.gov.br/Downloads/aplicacao-financeira-inf-com/FIC_6421.pdf,https://www.caixa.gov.br/Downloads/aplicacao-financeira-comunicado-aos-cotistas/COM_6421.pdf,https://www.caixa.gov.br/Downloads/aplicacao-financeira-carta-mensal/CM_6421.pdf,https://www.caixa.gov.br/Downloads/aplicacao-financeira-laminas-comerciais/LAC_6421.pdf,https://www.caixa.gov.br/Downloads/aplicacao-financeira-termos-adesao/TA_6421.pdf,,
ACOES,CAIXA FIC FIF AÇÕES IBOVESPA RESP LTDA,CAIXA FIC FIF ACOES IBOVESPA RESP LTDA,15/01/1997,"8,33166000","-0,188","-5,80","2,90","19,27","83,029",PJ,12/08/2026,12/08/2026,Não,0,Não,PJ | TODOS,https://www.caixa.gov.br/fundos-investimento/fundos-de-acoes/fi-acoes-ibovespa,01.525.057/0001-77,53,Arrojado,2.0,0.01,0.01,0.01,0.01,D+1 (du),D+1 (du),D+03 (du),IBOV,RV - Ações,Aberto para captação,AÇÕES,GERAL,17:00,17h00,Sim · Automatico · 100%,AUTOMATICO,100.0,"[""GOV"", ""Institucional"", ""Pessoa Física"", ""PJ Atacado"", ""PJ Varejo"", ""Private"", ""RPPS""]","[""GOV"", ""Institucional"", ""Pessoa Física"", ""PJ Atacado"", ""PJ Varejo"", ""Private"", ""RPPS""]",Não,Não,,Não,CAIXA IBOVESPA FUNDO DE INVESTIMENTO EM COTAS DE CLASSE DE FUNDO DE INVESTIMENTO FINANCEIRO EM AÇÕES - RESPONSABILIDADE LIMITADA,"A contagem para conversão de cotas e pagamento do resgate é feita em dias úteis, conforme estabelecido no Regulamento do Fundo.",https://www.caixa.gov.br/downloads/aplicacao-financeira-laminas/LA_0053.pdf,https://www.caixa.gov.br/downloads/aplicacao-financeira-regulamentos/RG_0053.pdf,https://www.caixa.gov.br/Downloads/aplicacao-financeira-inf-com/FIC_0053.pdf,https://www.caixa.gov.br/Downloads/aplicacao-financeira-comunicado-aos-cotistas/FR_0053.pdf,https://www.caixa.gov.br/Downloads/aplicacao-financeira-carta-mensal/CM_53.pdf,https://www.caixa.gov.br/Downloads/aplicacao-financeira-laminas-comerciais/LAC_53.pdf,https://www.caixa.gov.br/Downloads/aplicacao-financeira-termos-adesao/TA_0053.pdf,,
ACOES,CAIXA FIF AÇÕES CONSTRUÇÃO CIVIL RESP LTDA,CAIXA FIF ACOES CONSTRUCAO CIVIL RESP LTDA,22/06/2009,"1,63208200","-0,220","-4,39","-14,16","2,29","97,724",PJ,12/08/2026,12/08/2026,Não,0,Não,PJ | TODOS,https://www.caixa.gov.br/fundos-investimento/fundos-de-acoes/fi-acoes-construcao-civil,10.551.375/0001-01,5397,Arrojado,2.0,0.01,0.01,0.01,0.01,D+1 (du),D+1 (du),D+03 (du),IMOB-IMOBILIÁRIO,RV - Ações,Aberto para captação,AÇÕES,GERAL,17:00,17h00,Sim · Automatico · 100%,AUTOMATICO,100.0,"[""GOV"", ""Institucional"", ""Pessoa Física"", ""PJ Atacado"", ""PJ Varejo"", ""Private"", ""RPPS""]","[""GOV"", ""Institucional"", ""Pessoa Física"", ""PJ Atacado"", ""PJ Varejo"", ""Private"", ""RPPS""]",Não,Não,,Não,CAIXA CONSTRUÇÃO CIVIL FUNDO DE INVESTIMENTO FINANCEIRO EM AÇÕES – RESPONSABILIDADE LIMITADA,"A contagem para conversão de cotas e pagamento do resgate é feita em dias úteis, conforme estabelecido no Regulamento do Fundo.",https://www.caixa.gov.br/downloads/aplicacao-financeira-laminas/LA_5397.pdf,https://www.caixa.gov.br/downloads/aplicacao-financeira-regulamentos/RG_5397.pdf,https://www.caixa.gov.br/Downloads/aplicacao-financeira-inf-com/FIC_5397.pdf,https://www.caixa.gov.br/Downloads/aplicacao-financeira-comunicado-aos-cotistas/COM_5397.pdf,https://www.caixa.gov.br/Downloads/aplicacao-financeira-carta-mensal/CM_5397.pdf,https://www.caixa.gov.br/Downloads/aplicacao-financeira-laminas-comerciais/LAC_5397.pdf,https://www.caixa.gov.br/Downloads/aplicacao-financeira-termos-adesao/TA_5397.pdf,,
ACOES,CAIXA FIF AÇÕES INFRAESTRUTURA RESP LTDA,CAIXA FIF ACOES INFRAESTRUTURA RESP LTDA,19/04/2010,"2,68313600","-0,492","-6,57","-1,55","9,77","112,034",PJ,12/08/2026,12/08/2026,Não,0,Não,PJ | TODOS,https://www.caixa.gov.br/fundos-investimento/fundos-de-acoes/fi-acoes-infraestrutura,10.551.382/0001-03,5398,Arrojado,2.0,0.01,0.01,0.01,0.01,D+1 (du),D+1 (du),D+03 (du),IBOV,RV - Ações,Aberto para captação,AÇÕES,GERAL,17:00,17h00,Sim · Automatico · 100%,AUTOMATICO,100.0,"[""GOV"", ""Institucional"", ""Pessoa Física"", ""PJ Atacado"", ""PJ Varejo"", ""Private"", ""RPPS""]","[""GOV"", ""Institucional"", ""Pessoa Física"", ""PJ Atacado"", ""PJ Varejo"", ""Private"", ""RPPS""]",Não,Não,,Não,CAIXA INFRAESTRUTURA FUNDO DE INVESTIMENTO FINANCEIRO EM AÇÕES - RESPONSABILIDADE LIMITADA,"A contagem para conversão de cotas e pagamento do resgate é feita em dias úteis, conforme estabelecido no Regulamento do Fundo.",https://www.caixa.gov.br/downloads/aplicacao-financeira-laminas/LA_5398.pdf,https://www.caixa.gov.br/downloads/aplicacao-financeira-regulamentos/RG_5398.pdf,https://www.caixa.gov.br/Downloads/aplicacao-financeira-inf-com/FIC_5398.pdf,https://www.caixa.gov.br/Downloads/aplicacao-financeira-comunicado-aos-cotistas/FR_5398.pdf,https://www.caixa.gov.br/Downloads/aplicacao-financeira-carta-mensal/CM_5398.pdf,https://www.caixa.gov.br/Downloads/aplicacao-financeira-laminas-comerciais/LAC_5398.pdf,https://www.caixa.gov.br/Downloads/aplicacao-financeira-termos-adesao/TA_5398.pdf,,
ACOES,CAIXA FIF AÇÕES PETROBRAS PRÉ-SAL RESP LTDA,CAIXA FIF ACOES PETROBRAS PRE-SAL RESP LTDA,28/09/2010,"6,44093800","-0,495","-4,46","37,32","44,25","115,536",PJ,12/08/2026,12/08/2026,Não,0,Não,PJ | TODOS,https://www.caixa.gov.br/fundos-investimento/fundos-de-acoes/fi-acoes-petrobras-pre-sal,11.060.594/0001-42,5420,Arrojado,0.5,0.01,0.01,0.01,0.01,D+1 (du),D+1 (du),D+03 (du),PETR4,RV - Ações,Aberto para captação,AÇÕES,GERAL,17:00,17h00,Sim · Automatico · 100%,AUTOMATICO,100.0,"[""GOV"", ""Institucional"", ""Pessoa Física"", ""PJ Atacado"", ""PJ Varejo"", ""Private"", ""RPPS""]","[""GOV"", ""Institucional"", ""Pessoa Física"", ""PJ Atacado"", ""PJ Varejo"", ""Private"", ""RPPS""]",Não,Não,,Não,CAIXA PETROBRAS PRÉ-SAL FUNDO DE INVESTIMENTO FINANCEIRO EM AÇÕES - RESPONSABILIDADE LIMITADA,"A contagem para conversão de cotas e pagamento do resgate é feita em dias úteis, conforme estabelecido no Regulamento do Fundo.",https://www.caixa.gov.br/downloads/aplicacao-financeira-laminas/LA_5420.pdf,https://www.caixa.gov.br/downloads/aplicacao-financeira-regulamentos/RG_5420.pdf,https://www.caixa.gov.br/Downloads/aplicacao-financeira-inf-com/FIC_5420.pdf,https://www.caixa.gov.br/Downloads/aplicacao-financeira-comunicado-aos-cotistas/FR_5420.pdf,https://www.caixa.gov.br/Downloads/aplicacao-financeira-carta-mensal/CM_5420.pdf,https://www.caixa.gov.br/Downloads/aplicacao-financeira-laminas-comerciais/LAC_5420.pdf,https://www.caixa.gov.br/Downloads/aplicacao-financeira-termos-adesao/TA_5420.pdf,,
ACOES,CAIXA ATENA FIC FIF AÇÕES LIVRE QUANT RESP LTDA,CAIXA ATENA FIC FIF ACOES LIVRE QUANT RESP LTDA,31/07/2019,"1,69382400","0,150","-7,21","-12,58","3,04","44,338",PJ,12/08/2026,12/08/2026,Não,0,Não,PJ,http://www.caixa.gov.br/fundos-investimento/fundos-de-acoes/FIC-FIA-acoes-livres/Paginas/default.aspx,22.791.154/0001-81,5978,Arrojado,2.0,0.01,0.01,0.01,0.01,D+1 (du),D+13 (du),D+15 (du),IBOV,RV - Ações,Aberto para captação,AÇÕES,GERAL,17:00,17h00,Sim · Automatico · 100%,AUTOMATICO,100.0,"[""Institucional"", ""Pessoa Física"", ""PJ Atacado"", ""PJ Varejo"", ""Private""]","[""Institucional"", ""Pessoa Física"", ""PJ Atacado"", ""PJ Varejo"", ""Private""]",Não,Não,,Não,CAIXA ATENA AÇÕES LIVRE QUANT FUNDO DE INVESTIMENTO EM COTAS DE CLASSE DE FUNDO DE INVESTIMENTO FINANCEIRO EM AÇÕES - RESPONSABILIDADE LIMITADA,Fundo aberto para aplicações a partir de 20/05/2025 inclusive,https://www.caixa.gov.br/downloads/aplicacao-financeira-laminas/LA_5978.pdf,https://www.caixa.gov.br/downloads/aplicacao-financeira-regulamentos/RG_5978.pdf,https://www.caixa.gov.br/Downloads/aplicacao-financeira-inf-com/FIC_5978.pdf,https://www.caixa.gov.br/Downloads/aplicacao-financeira-comunicado-aos-cotistas/FR_5978.pdf,https://www.caixa.gov.br/Downloads/aplicacao-financeira-carta-mensal/CM_5978.pdf,https://www.caixa.gov.br/Downloads/aplicacao-financeira-laminas-comerciais/LAC_5978.pdf,https://www.caixa.gov.br/Downloads/aplicacao-financeira-termos-adesao/TA_5978.pdf,,https://web.microsoftstream.com/video/c97500d6-f87e-4c24-a7f6-50fa0a703f14?channelId=772517ff-88ae-4298-88f2-3ed5a5893c3e
ACOES,CAIXA FIF ACOES BANCO DO BRASIL PLUS RESP LTDA,CAIXA FIF ACOES BANCO DO BRASIL PLUS RESP LTDA,23/10/2019,"1.197,00552300","-1,450","-11,00","-12,43","-0,30","38,664",PJ,12/08/2026,12/08/2026,Não,0,Não,PJ | RPPS,https://www.caixa.gov.br/fundos-investimento/fundos-de-acoes/Caixa-FI-Acoes-Banco-do-Brasil-Plus/Paginas/default.aspx,30.068.271/0001-40,6447,Arrojado,1.5,0.01,0.01,0.01,0.01,D+1 (du),D+1 (du),D+03 (du),IBOV,RV - Ações,Aberto para captação,AÇÕES,GERAL,17:00,17h00,Sim · Automatico · 100%,AUTOMATICO,100.0,"[""GOV"", ""Institucional"", ""Pessoa Física"", ""PJ Atacado"", ""PJ Varejo"", ""Private"", ""RPPS""]","[""GOV"", ""Institucional"", ""Pessoa Física"", ""PJ Atacado"", ""PJ Varejo"", ""Private"", ""RPPS""]",Não,Não,,Não,CAIXA BANCO DO BRASIL PLUS FUNDO DE INVESTIMENTO FINANCEIRO EM AÇÕES - RESPONSABILIDADE LIMITADA,"Pessoas Físicas, Pessoas Jurídicas e Regimes Próprios de Previdência Social (RPPS) que atendam aos critérios de qualificação definidos no Regulamento, residentes e/ou com sede no Brasil.",https://www.caixa.gov.br/downloads/aplicacao-financeira-laminas/LA_6447.pdf,https://www.caixa.gov.br/downloads/aplicacao-financeira-regulamentos/RG_6447.pdf,https://www.caixa.gov.br/Downloads/aplicacao-financeira-inf-com/FIC_6447.pdf,https://www.caixa.gov.br/Downloads/aplicacao-financeira-comunicado-aos-cotistas/COM_6447.pdf,https://www.caixa.gov.br/Downloads/aplicacao-financeira-carta-mensal/CM_6447.pdf,https://www.caixa.gov.br/Downloads/aplicacao-financeira-laminas-comerciais/LAC_6447.pdf,https://www.caixa.gov.br/Downloads/aplicacao-financeira-termos-adesao/TA_6447.pdf,,
ACOES,CAIXA FIF ACOES SEGURIDADE RESP LTDA,CAIXA FIF ACOES SEGURIDADE RESP LTDA,03/05/2021,"2,85289200","0,158","-6,99","17,77","44,80","459,297",PJ,12/08/2026,12/08/2026,Não,0,Não,GOV | PJ,https://www.caixa.gov.br/fundos-investimento/fundos-de-acoes/fia-caixa-seguridade/Paginas/default.aspx,30.068.049/0001-47,6499,Arrojado,0.2,0.01,0.01,0.01,0.01,D+1 (du),D+1 (du),D+03 (du),IBOV,RV - Ações,Aberto para captação,AÇÕES,GERAL,17:00,17h00,Sim · Automatico · 100%,AUTOMATICO,100.0,"[""GOV"", ""Institucional"", ""Pessoa Física"", ""PJ Atacado"", ""PJ Varejo"", ""Private""]","[""GOV"", ""Institucional"", ""Pessoa Física"", ""PJ Atacado"", ""PJ Varejo"", ""Private""]",Não,Não,2021-06-13T00:00:00Z,Não,CAIXA SEGURIDADE FUNDO DE INVESTIMENTO FINANCEIRO EM AÇÕES - RESPONSABILIDADE LIMITADA,"Canal de distribuição: Rede CAIXA, IBC. A reserva inicial, no âmbito da OFERTA, será feita por meio do Home Broker CAIXA. Resgates: Lock up de 45 dias. Inicio dia 30/04/2021 - Termino 13/06/2021. Liberado resgate a partir do dia 14/06/2021 (segunda-feira).",https://www.caixa.gov.br/downloads/aplicacao-financeira-laminas/LA_6499.pdf,https://www.caixa.gov.br/downloads/aplicacao-financeira-regulamentos/RG_6499.pdf,https://www.caixa.gov.br/Downloads/aplicacao-financeira-inf-com/FIC_6499.pdf,https://www.caixa.gov.br/Downloads/aplicacao-financeira-comunicado-aos-cotistas/COM_6499.pdf,https://www.caixa.gov.br/Downloads/aplicacao-financeira-carta-mensal/CM_6499.pdf,https://www.caixa.gov.br/Downloads/aplicacao-financeira-laminas-comerciais/LAC_6499.pdf,https://www.caixa.gov.br/Downloads/aplicacao-financeira-termos-adesao/TA_6499.pdf,,
ACOES,CAIXA FIF AÇÕES VALE DO RIO DOCE RESP LTDA,CAIXA FIF ACOES VALE DO RIO DOCE RESP LTDA,20/02/2002,"35,47344400","1,080","-1,45","2,68","42,28","602,727",PJ,12/08/2026,12/08/2026,Não,0,Não,PJ | TODOS,https://www.caixa.gov.br/fundos-investimento/fundos-de-acoes/fi-acoes-vale-rio-doce,04.885.820/0001-69,5301,Arrojado,2.0,0.01,0.01,0.01,0.01,D+1 (du),D+1 (du),D+03 (du),VALE3,RV - Ações,Aberto para captação,AÇÕES,GERAL,17:00,17h00,Sim · Automatico · 100%,AUTOMATICO,100.0,"[""GOV"", ""Institucional"", ""Pessoa Física"", ""PJ Atacado"", ""PJ Varejo"", ""Private"", ""RPPS""]","[""GOV"", ""Institucional"", ""Pessoa Física"", ""PJ Atacado"", ""PJ Varejo"", ""Private"", ""RPPS""]",Não,Não,,Não,CAIXA VALE DO RIO DOCE FUNDO DE INVESTIMENTO FINANCEIRO EM AÇÕES - RESPONSABILIDADE LIMITADA,"A contagem para conversão de cotas e pagamento do resgate é feita em dias úteis, conforme estabelecido no Regulamento do Fundo.",https://www.caixa.gov.br/downloads/aplicacao-financeira-laminas/LA_5301.pdf,http://www.caixa.gov.br/downloads/aplicacao-financeira-regulamentos/RG_5301.pdf,https://www.caixa.gov.br/Downloads/aplicacao-financeira-inf-com/FIC_5301.pdf,https://www.caixa.gov.br/Downloads/aplicacao-financeira-comunicado-aos-cotistas/FR_5301.pdf,https://www.caixa.gov.br/Downloads/aplicacao-financeira-carta-mensal/CM_5301.pdf,https://www.caixa.gov.br/Downloads/aplicacao-financeira-laminas-comerciais/LAC_5301.pdf,https://www.caixa.gov.br/Downloads/aplicacao-financeira-termos-adesao/TA_5301.pdf,,
ACOES,CAIXA FIF AÇÕES IBRX ATIVO RESP LTDA,CAIXA FIF ACOES IBRX ATIVO RESP LTDA,12/09/2005,"4,62541100","-0,014","-3,65","3,06","20,76","22,444",PJ,12/08/2026,12/08/2026,Não,0,Não,PJ | TODOS,https://www.caixa.gov.br/fundos-investimento/fundos-de-acoes/fi-acoes-ibrx-ativo,05.164.370/0001-88,5392,Arrojado,1.5,0.01,0.01,0.01,0.01,D+1 (du),D+1 (du),D+03 (du),IBX,RV - Ações,Aberto para captação,AÇÕES,GERAL,17:00,17h00,Sim · Automatico · 100%,AUTOMATICO,100.0,"[""GOV"", ""Institucional"", ""Pessoa Física"", ""PJ Atacado"", ""PJ Varejo"", ""Private"", ""RPPS""]","[""GOV"", ""Institucional"", ""Pessoa Física"", ""PJ Atacado"", ""PJ Varejo"", ""Private"", ""RPPS""]",Não,Não,,Não,CAIXA IBRX ATIVO FUNDO DE INVESTIMENTO FINANCEIRO EM AÇÕES - RESPONSABILIDADE LIMITADA,"A contagem para conversão de cotas e pagamento do resgate é feita em dias úteis, conforme estabelecido no Regulamento do Fundo. Este Fundo não está adaptado às normas vigentes para RPPS (Regimes Próprios de Previdência Social).",https://www.caixa.gov.br/downloads/aplicacao-financeira-laminas/LA_5392.pdf,https://www.caixa.gov.br/downloads/aplicacao-financeira-regulamentos/RG_5392.pdf,https://www.caixa.gov.br/Downloads/aplicacao-financeira-inf-com/FIC_5392.pdf,https://www.caixa.gov.br/Downloads/aplicacao-financeira-comunicado-aos-cotistas/FR_5392.pdf,https://www.caixa.gov.br/Downloads/aplicacao-financeira-carta-mensal/CM_5392.pdf,https://www.caixa.gov.br/Downloads/aplicacao-financeira-laminas-comerciais/LAC_5392.pdf,https://www.caixa.gov.br/Downloads/aplicacao-financeira-termos-adesao/TA_5392.pdf,,
ACOES,CAIXA FIC FIF ACOES DIVIDENDOS QUANTITATIVO RESP LTDA,CAIXA FIC FIF ACOES DIVIDENDOS QUANTITATIVO RESP LTDA,02/09/2021,"1,84298500","0,179","-4,66","-9,40","5,23","1,651",PJ,12/08/2026,12/08/2026,Não,0,Não,PJ,https://www.caixa.gov.br/fundos-investimento/fundos-de-acoes/fic-fia-dividendos-quantitativo/Paginas/default.aspx,42.120.405/0001-03,6591,Arrojado,2.0,0.01,0.01,0.01,0.01,D+1 (du),D+13 (du),D+15 (du),IDIV,RV - Ações,Aberto para captação,AÇÕES,GERAL,17:00,17h00,NÃO SE APLICA,NÃO SE APLICA,,"[""Pessoa Física"", ""PJ Atacado"", ""PJ Varejo"", ""Private""]","[""Pessoa Física"", ""PJ Atacado"", ""PJ Varejo"", ""Private""]",Não,Não,,Não,CAIXA DIVIDENDOS QUANTITATIVO FUNDO DE INVESTIMENTO EM COTAS DE CLASSE DE FUNDO DE INVESTIMENTO FINANCEIRO EM AÇÕES - RESP LIMITADA,,https://www.caixa.gov.br/downloads/aplicacao-financeira-laminas/LA_6591.pdf,https://www.caixa.gov.br/downloads/aplicacao-financeira-regulamentos/RG_6591.pdf,https://www.caixa.gov.br/Downloads/aplicacao-financeira-inf-com/FIC_6591.pdf,https://www.caixa.gov.br/Downloads/aplicacao-financeira-comunicado-aos-cotistas/COM_6591.pdf,https://www.caixa.gov.br/Downloads/aplicacao-financeira-carta-mensal/CM_6591.pdf,https://www.caixa.gov.br/Downloads/aplicacao-financeira-laminas-comerciais/LAC_6591.pdf,https://www.caixa.gov.br/Downloads/aplicacao-financeira-termos-adesao/TA_6591.pdf,,
ACOES,CAIXA FIF ACOES INDEXA PIBB IBRX 50 RESP LTDA,CAIXA FIF ACOES INDEXA PIBB IBRX 50 RESP LTDA,12/09/2005,"5,63050700","-0,364","-5,80","4,66","21,91","40,946",PJ,12/08/2026,12/08/2026,Não,0,Não,PJ | TODOS,https://www.caixa.gov.br/fundos-investimento/fundos-de-acoes/fi-acoes-pibb-sem-opcao-de-venda,05.164.361/0001-97,5393,Arrojado,0.8,0.01,0.01,0.01,0.01,D+1 (du),D+1 (du),D+03 (du),PIBB11,RV - Ações,Aberto para captação,AÇÕES,GERAL,17:00,17h00,Sim · Automatico · 100%,AUTOMATICO,100.0,,,Não,Não,,Não,CAIXA INDEXA PIBB IBRX-50 FUNDO DE INVESTIMENTO FINANCEIRO EM AÇÕES - RESPONSABILIDADE LIMITADA,"Pessoas Físicas e Pessoas Jurídicas que atendam aos critérios de qualificação definidos no Regulamento, residentes e/ou com sede no Brasil. A contagem para conversão de cotas e pagamento do resgate é feita em dias úteis, conforme estabelecido no Regulamento do Fundo. Este Fundo não está adaptado às normas vigentes para RPPS (Regimes Próprios de Previdência Social).",https://www.caixa.gov.br/downloads/aplicacao-financeira-laminas/LA_5393.pdf,https://www.caixa.gov.br/downloads/aplicacao-financeira-regulamentos/RG_5393.pdf,https://www.caixa.gov.br/Downloads/aplicacao-financeira-inf-com/FIC_5393.pdf,https://www.caixa.gov.br/Downloads/aplicacao-financeira-comunicado-aos-cotistas/COM_5393.pdf,https://www.caixa.gov.br/Downloads/aplicacao-financeira-carta-mensal/CM_5393.pdf,https://www.caixa.gov.br/Downloads/aplicacao-financeira-laminas-comerciais/LAC_5393.pdf,https://www.caixa.gov.br/Downloads/aplicacao-financeira-termos-adesao/TA_5393.pdf,,
ACOES,CAIXA FIF ACOES IBOVESPA ATIVO RESP LTDA,CAIXA FIF ACOES IBOVESPA ATIVO RESP LTDA,01/02/2007,"2,08869800","-0,301","-6,38","-0,45","15,44","33,429",PJ,12/08/2026,12/08/2026,Não,0,Não,PJ | TODOS,https://www.caixa.gov.br/fundos-investimento/fundos-de-acoes/fi-acoes-ibovespa-ativo,08.046.355/0001-23,5394,Arrojado,2.0,0.01,0.01,0.01,0.01,D+1 (du),D+1 (du),D+03 (du),IBOV,RV - Ações,Aberto para captação,AÇÕES,GERAL,17:00,17h00,Sim · Automatico · 100%,AUTOMATICO,100.0,"[""GOV"", ""Institucional"", ""Pessoa Física"", ""PJ Atacado"", ""PJ Varejo"", ""Private"", ""RPPS""]","[""GOV"", ""Institucional"", ""Pessoa Física"", ""PJ Atacado"", ""PJ Varejo"", ""Private"", ""RPPS""]",Não,Não,,Não,CAIXA IBOVESPA ATIVO FUNDO DE INVESTIMENTO FINANCEIRO EM AÇÕES - RESPONSABILIDADE LIMITADA,"A contagem para conversão de cotas e pagamento do resgate é feita em dias úteis, conforme estabelecido no Regulamento do Fundo. Este Fundo não está adaptado às normas vigentes para RPPS (Regimes Próprios de Previdência Social).",https://www.caixa.gov.br/downloads/aplicacao-financeira-laminas/LA_5394.pdf,https://www.caixa.gov.br/downloads/aplicacao-financeira-regulamentos/RG_5394.pdf,https://www.caixa.gov.br/Downloads/aplicacao-financeira-inf-com/FIC_5394.pdf,https://www.caixa.gov.br/Downloads/aplicacao-financeira-comunicado-aos-cotistas/FR_5394.pdf,https://www.caixa.gov.br/Downloads/aplicacao-financeira-carta-mensal/CM_5394.pdf,https://www.caixa.gov.br/Downloads/aplicacao-financeira-laminas-comerciais/LAC_5394.pdf,https://www.caixa.gov.br/Downloads/aplicacao-financeira-termos-adesao/TA_5394.pdf,,
ACOES,CAIXA FIF ACOES ELETROBRAS RESP LTDA,CAIXA FIF ACOES ELETROBRAS RESP LTDA,30/05/2022,"1,69509500","1,211","-5,24","-1,39","47,14","255,517",PJ,12/08/2026,12/08/2026,Não,0,Não,PJ | RPPS,https://www.caixa.gov.br/fundos-investimento/fundos-de-acoes/fia-caixa-eletrobras/Paginas/default.aspx,45.443.475/0001-90,6602,Arrojado,0.45,0.01,0.01,0.01,0.01,D+1 (du),D+1 (du),D+03 (du),OUTROS,RV - Ações,Aberto para captação,AÇÕES,GERAL,17:00,17h00,Sim · Automatico · 100%,AUTOMATICO,100.0,"[""GOV"", ""Institucional"", ""Pessoa Física"", ""PJ Atacado"", ""PJ Varejo"", ""Private"", ""RPPS""]","[""GOV"", ""Institucional"", ""Pessoa Física"", ""PJ Atacado"", ""PJ Varejo"", ""Private"", ""RPPS""]",Não,Não,2022-06-14T00:00:00Z,Não,CAIXA ELETROBRAS FUNDO DE INVESTIMENTO FINANCEIRO EM AÇÕES - RESPONSABILIDADE LIMITADA,Prazo de carência: 14 de junho de 2022,https://www.caixa.gov.br/downloads/aplicacao-financeira-laminas/LA_6602.pdf,https://www.caixa.gov.br/downloads/aplicacao-financeira-regulamentos/RG_6602.pdf,https://www.caixa.gov.br/Downloads/aplicacao-financeira-inf-com/FIC_6602.pdf,https://www.caixa.gov.br/Downloads/aplicacao-financeira-comunicado-aos-cotistas/COM_6602.pdf,https://www.caixa.gov.br/Downloads/aplicacao-financeira-carta-mensal/CM_6602.pdf,https://www.caixa.gov.br/Downloads/aplicacao-financeira-laminas-comerciais/LAC_6602.pdf,https://www.caixa.gov.br/Downloads/aplicacao-financeira-termos-adesao/TA_6602.pdf,,
ACOES,CAIXA FIF AÇÕES PETROBRÁS RESP LTDA,CAIXA FIF ACOES PETROBRAS RESP LTDA,10/07/2000,"42,00903400","-0,448","-5,48","43,89","47,67","818,353",PJ,12/08/2026,12/08/2026,Não,0,Não,PJ | TODOS,https://www.caixa.gov.br/fundos-investimento/fundos-de-acoes/fi-acoes-petrobras,03.914.671/0001-56,48,Arrojado,1.5,0.01,0.01,0.01,0.01,D+1 (du),D+1 (du),D+03 (du),PETR3,RV - Ações,Aberto para captação,AÇÕES,GERAL,17:00,17h00,Sim · Automatico · 100%,AUTOMATICO,100.0,"[""GOV"", ""Institucional"", ""Pessoa Física"", ""PJ Atacado"", ""PJ Varejo"", ""Private"", ""RPPS""]","[""GOV"", ""Institucional"", ""Pessoa Física"", ""PJ Atacado"", ""PJ Varejo"", ""Private"", ""RPPS""]",Não,Não,,Não,CAIXA PETROBRAS FUNDO DE INVESTIMENTO FINANCEIRO EM AÇÕES - RESPONSABILIDADE LIMITADA,"A contagem para conversão de cotas e pagamento do resgate é feita em dias úteis, conforme estabelecido no Regulamento do Fundo.",https://www.caixa.gov.br/downloads/aplicacao-financeira-laminas/LA_0048.pdf,https://www.caixa.gov.br/downloads/aplicacao-financeira-regulamentos/RG_0048.pdf,https://www.caixa.gov.br/Downloads/aplicacao-financeira-inf-com/FIC_0048.pdf,https://www.caixa.gov.br/Downloads/aplicacao-financeira-comunicado-aos-cotistas/FR_0048.pdf,https://www.caixa.gov.br/Downloads/aplicacao-financeira-carta-mensal/CM_48.pdf,https://www.caixa.gov.br/Downloads/aplicacao-financeira-laminas-comerciais/LAC_48.pdf,https://www.caixa.gov.br/Downloads/aplicacao-financeira-termos-adesao/TA_0048.pdf,,
ACOES,CAIXA FIF ACOES INDEXA SETOR FINANCEIRO RESP LTDA,CAIXA FIF ACOES INDEXA SETOR FINANCEIRO RESP LTDA,26/01/2021,"1.438,07818700","-0,709","-9,24","-1,18","12,74","28,834",PJ,12/08/2026,12/08/2026,Não,0,Não,GOV | PJ | RPPS | TODOS,https://www.caixa.gov.br/fundos-investimento/fundos-de-acoes/caixa-fia-indexa-setor-financeiro/Paginas/default.aspx,40.209.029/0001-00,6530,Arrojado,0.8,0.01,0.01,0.01,0.01,D+1 (du),D+1 (du),D+03 (du),IFNC,RV - Ações,Aberto para captação,AÇÕES,GERAL,17:00,17h00,Sim · Automatico · 100%,AUTOMATICO,100.0,"[""GOV"", ""Institucional"", ""Pessoa Física"", ""PJ Atacado"", ""PJ Varejo"", ""Private"", ""RPPS""]","[""GOV"", ""Institucional"", ""Pessoa Física"", ""PJ Atacado"", ""PJ Varejo"", ""Private"", ""RPPS""]",Não,Não,,Não,CAIXA INDEXA SETOR FINANCEIRO FUNDO DE INVESTIMENTO FINANCEIRO EM AÇÕES - RESPONSABILIDADE LIMITADA,Este Fundo está adaptado às normas vigentes para RPPS (Regimes Próprios de Previdência Social).,https://www.caixa.gov.br/downloads/aplicacao-financeira-laminas/LA_6530.pdf,https://www.caixa.gov.br/downloads/aplicacao-financeira-regulamentos/RG_6530.pdf,https://www.caixa.gov.br/Downloads/aplicacao-financeira-inf-com/FIC_6530.pdf,https://www.caixa.gov.br/Downloads/aplicacao-financeira-comunicado-aos-cotistas/COM_6530.pdf,https://www.caixa.gov.br/Downloads/aplicacao-financeira-carta-mensal/CM_6530.pdf,https://www.caixa.gov.br/Downloads/aplicacao-financeira-laminas-comerciais/LAC_6530.pdf,https://www.caixa.gov.br/Downloads/aplicacao-financeira-termos-adesao/TA_6530.pdf,,
ACOES,CAIXA FIF AÇÕES BDR NÍVEL I RESP LTDA,CAIXA FIF ACOES BDR NIVEL I RESP LTDA,24/06/2013,"10,56631000","0,579","5,99","6,71","18,19","283,609",PJ,12/08/2026,12/08/2026,Não,0,Não,PJ | TODOS,https://www.caixa.gov.br/fundos-investimento/fundos-de-acoes/fi-acoes-bdr-nivel-1,17.503.172/0001-80,5928,Arrojado,1.5,0.01,0.01,0.01,0.01,D+1 (du),D+1 (du),D+03 (du),BDRX11,RV - Ações,Aberto para captação,AÇÕES,GERAL,17:00,17h00,Sim · Automatico · 100%,AUTOMATICO,100.0,"[""Institucional"", ""Pessoa Física"", ""PJ Atacado"", ""PJ Varejo"", ""Private""]","[""Institucional"", ""Pessoa Física"", ""PJ Atacado"", ""PJ Varejo"", ""Private""]",Não,Não,,Não,CAIXA BDR NÍVEL I FUNDO DE INVESTIMENTO FINANCEIRO EM AÇÕES - RESPONSABILIDADE LIMITADA,"A contagem para conversão de cotas e pagamento do resgate é feita em dias úteis, conforme estabelecido no Regulamento do Fundo. Este Fundo não está adaptado às normas vigentes para RPPS (Regimes Próprios de Previdência Social).",https://www.caixa.gov.br/downloads/aplicacao-financeira-laminas/LA_5928.pdf,https://www.caixa.gov.br/downloads/aplicacao-financeira-regulamentos/RG_5928.pdf,https://www.caixa.gov.br/Downloads/aplicacao-financeira-inf-com/FIC_5928.pdf,https://www.caixa.gov.br/Downloads/aplicacao-financeira-comunicado-aos-cotistas/COM_5928.pdf,https://www.caixa.gov.br/Downloads/aplicacao-financeira-carta-mensal/CM_5928.pdf,https://www.caixa.gov.br/Downloads/aplicacao-financeira-laminas-comerciais/LAC_5928.pdf,https://www.caixa.gov.br/Downloads/aplicacao-financeira-termos-adesao/TA_5928.pdf,,
ACOES,CAIXA SEGURIDADE II FIF ACOES - RESP LTDA,CAIXA SEGURIDADE II FIF ACOES - RESP LTDA,24/03/2025,"1,40888800","0,157","-6,98","17,66","44,59","18,965",PJ,12/08/2026,12/08/2026,Não,0,Não,PJ,https://www.caixa.gov.br/fundos-investimento/fundos-de-acoes/fia-caixa-seguridade/Paginas/default.aspx,59.815.671/0001-53,7971,Arrojado,0.2,0.01,0.01,0.01,0.01,D+0 (du),D+1 (du),D+03 (du),NÃO SE APLICA,RV - Ações,Fechado para captação,AÇÕES,GERAL,17:00,17h00,Não se aplica,NÃO SE APLICA,,"[""GOV"", ""Pessoa Física"", ""PJ Atacado"", ""Private""]","[""GOV"", ""Pessoa Física"", ""PJ Atacado"", ""Private""]",Não,Não,2025-05-04T00:00:00Z,Não,CAIXA SEGURIDADE II FUNDO DE INVESTIMENTO FINANCEIRO AÇÕES - RESPONSABILIDADE LIMITADA,Fundo ficará fechado para novas aplicações a partir do dia 13/05/2025 (inclusive).,https://www.caixa.gov.br/downloads/aplicacao-financeira-laminas/LA_7971.pdf,http://www.caixa.gov.br/downloads/aplicacao-financeira-regulamentos/RG_7971.pdf,http://www.caixa.gov.br/Downloads/aplicacao-financeira-inf-com/FIC_7971.pdf,http://www.caixa.gov.br/Downloads/aplicacao-financeira-comunicado-aos-cotistas/FR_7971.pdf,https://www.caixa.gov.br/Downloads/aplicacao-financeira-carta-mensal/CM_7971.pdf,https://www.caixa.gov.br/Downloads/aplicacao-financeira-laminas-comerciais/LAC_7971.pdf,http://www.caixa.gov.br/Downloads/aplicacao-financeira-termos-adesao/TA_7971.pdf,,
ACOES,CAIXA FIF ACOES INDEXA IAGRO RESP LTDA,CAIXA FIF ACOES INDEXA IAGRO RESP LTDA,14/06/2022,"0,79659200","0,124","-6,58","-17,24","-17,53","2,500",PJ,12/08/2026,12/08/2026,Não,0,Não,PJ | RPPS,https://www.caixa.gov.br/fundos-investimento/fundos-de-acoes/fia-caixa-indexa-iagro/Paginas/default.aspx,45.443.601/0001-07,6620,Arrojado,0.8,0.01,0.01,0.01,0.01,D+1 (du),D+1 (du),D+03 (du),OUTROS,RV - Ações,Aberto para captação,AÇÕES,GERAL,17:00,17h00,Sim · Automatico · 100%,AUTOMATICO,100.0,"[""GOV"", ""Institucional"", ""Pessoa Física"", ""PJ Atacado"", ""PJ Varejo"", ""Private"", ""RPPS""]","[""GOV"", ""Institucional"", ""Pessoa Física"", ""PJ Atacado"", ""PJ Varejo"", ""Private"", ""RPPS""]",Não,Não,,Não,CAIXA INDEXA IAGRO FUNDO DE INVESTIMENTO FINANCEIRO EM AÇÕES - RESPONSABILIDADE LIMITADA,,https://www.caixa.gov.br/downloads/aplicacao-financeira-laminas/LA_6620.pdf,https://www.caixa.gov.br/downloads/aplicacao-financeira-regulamentos/RG_6620.pdf,https://www.caixa.gov.br/Downloads/aplicacao-financeira-inf-com/FIC_6620.pdf,https://www.caixa.gov.br/Downloads/aplicacao-financeira-comunicado-aos-cotistas/COM_6620.pdf,https://www.caixa.gov.br/Downloads/aplicacao-financeira-carta-mensal/CM_6620.pdf,https://www.caixa.gov.br/Downloads/aplicacao-financeira-laminas-comerciais/LAC_6620.pdf,https://www.caixa.gov.br/Downloads/aplicacao-financeira-termos-adesao/TA_6620.pdf,,
ACOES,CAIXA FIC ACOES EXPERT VERDE AM LONG BIAS - RESP LTDA,CAIXA FIC ACOES EXPERT VERDE AM LONG BIAS - RESP LTDA,05/10/2020,-,-,-,-,-,-,PJ,12/08/2026,12/08/2026,Não,0,Não,PJ | TODOS,https://www.caixa.gov.br/fundos-investimento/fundos-de-acoes/CAIXA-Expert-Verde-Am-Long-Bias-FIC-Acoes/Paginas/default.aspx,,,,,,,,,,,,,,,,,,,,,,,,,,,,,,,,,,,,,,
ACOES,CAIXA EXPERT CLARITAS VALOR FIC FIF AÇÕES - RESP LTDA,CAIXA EXPERT CLARITAS VALOR FIC FIF ACOES - RESP LTDA,19/10/2020,-,-,-,-,-,-,PJ,12/08/2026,12/08/2026,Não,0,Não,GOV | PJ | RPPS | TODOS,https://www.caixa.gov.br/fundos-investimento/fundos-de-acoes/caixa-expert-claritas-valor-fic-acoes/Paginas/default.aspx,30.068.060/0001-07,6397,Arrojado,0.6,10000.0,100.0,100.0,1000.0,D+1 (du),D+23 (du),D+25 (du),IBOV,RV - Ações,Aberto para captação,AÇÕES,GERAL,13:00,13h00,Não se aplica,NÃO SE APLICA,,"[""GOV"", ""Institucional"", ""Pessoa Física"", ""PJ Atacado"", ""PJ Varejo"", ""Private"", ""RPPS""]","[""GOV"", ""Institucional"", ""Pessoa Física"", ""PJ Atacado"", ""PJ Varejo"", ""Private"", ""RPPS""]",Não,Não,,Não,CAIXA EXPERT CLARITAS VALOR FUNDO DE INVESTIMENTO EM COTAS DE CLASSE DE FUNDO DE INVESTIMENTO FINANCEIRO EM AÇÕES - RESPONSABILIDADE LIMITADA,Este Fundo está adaptado às normas vigentes para RPPS                                                        ¹Condições excepcionais de estorno e movimentação retroativa estão descritas no TE099.,https://www.caixa.gov.br/downloads/aplicacao-financeira-laminas/LA_6397.pdf,https://www.caixa.gov.br/downloads/aplicacao-financeira-regulamentos/RG_6397.pdf,https://www.caixa.gov.br/Downloads/aplicacao-financeira-inf-com/FIC_6397.pdf,https://www.caixa.gov.br/Downloads/aplicacao-financeira-comunicado-aos-cotistas/COM_6397.pdf,https://www.caixa.gov.br/Downloads/aplicacao-financeira-carta-mensal/CM_6397.pdf,https://www.caixa.gov.br/Downloads/aplicacao-financeira-laminas-comerciais/LAC_6397.pdf,https://www.caixa.gov.br/Downloads/aplicacao-financeira-termos-adesao/TA_6397.pdf,,
RENDA FIXA CURTO PRAZO,CAIXA FIC FIF AUTOMATICO POLIS RF CURTO PRAZO RESP LTDA,CAIXA FIC FIF AUTOMATICO POLIS RF CURTO PRAZO RESP LTDA,13/06/2023,"1,33545800","0,041","0,33","6,91","11,66","33.336,450",GOV,12/08/2026,12/08/2026,Não,0,Não,GOV,https://www.caixa.gov.br/fundos-investimento/curto-prazo/fic-automatico-polis-rf-cp/Paginas/default.aspx,50.803.936/0001-29,7869,Conservador,1.7,0.01,0.01,0.01,0.01,D+0 (du),D+0 (du),D+00 (du),NÃO SE APLICA,RF 100% TPF - Curto Prazo,Aberto para captação,CURTO PRAZO,GERAL,18:00,18h00,Não se aplica,NÃO SE APLICA,,"[""GOV""]","[""GOV""]",Sim,Não,,Não,CAIXA AUTOMÁTICO POLIS FUNDO DE INVESTIMENTO EM COTAS DE CLASSE DE FUNDO DE INVESTIMENTO FINANCEIRO RENDA FIXA CURTO PRAZO - RESPONSABILIDADE LIMITADA,"Movimentações: O FUNDO oferece mecanismo de aplicação e resgate automáticos, exigindo a manutenção de um saldo em caixa adequado para suportar movimentações ocorridas após o fechamento do mercado.

Para ativar a funcionalidade de Resgate Automático, acessar o SIART -> Movimentação Automática -> Marcar

As regras da funcionalidade de Movimentação Automática estão descritas no MN TE099.

**Esse fundo não possui adiantamento de resgate, os resgates efetuados ficarão disponíveis no processamento noturno.",https://www.caixa.gov.br/downloads/aplicacao-financeira-laminas/LA_7869.pdf,https://www.caixa.gov.br/downloads/aplicacao-financeira-regulamentos/RG_7869.pdf,https://www.caixa.gov.br/Downloads/aplicacao-financeira-inf-com/FIC_7869.pdf,https://www.caixa.gov.br/Downloads/aplicacao-financeira-comunicado-aos-cotistas/COM_7869.pdf,https://www.caixa.gov.br/Downloads/aplicacao-financeira-carta-mensal/CM_7869.pdf,https://www.caixa.gov.br/Downloads/aplicacao-financeira-laminas-comerciais/LAC_7869.pdf,https://www.caixa.gov.br/Downloads/aplicacao-financeira-termos-adesao/TA_7869.pdf,,
RENDA FIXA CURTO PRAZO,CAIXA FIC FIF PRÁTICO RF CURTO PRAZO RESP LTDA,CAIXA FIC FIF PRATICO RF CURTO PRAZO RESP LTDA,02/10/1995,"9,61588500","0,044","0,36","7,42","12,55","2.786,164",GOV,12/08/2026,12/08/2026,Não,0,Não,GOV | TODOS,https://www.caixa.gov.br/fundos-investimento/curto-prazo/fic-pratico-curto-prazo,00.834.074/0001-23,55,Conservador,1.7,0.01,0.01,0.01,0.01,D+0 (du),D+0 (du),D+00 (du),CDI,RF 100% TPF - Curto Prazo,Fechado para captação,CURTO PRAZO,GERAL,18:00,18h00,Não se aplica,NÃO SE APLICA,,"[""GOV""]","[""GOV""]",Sim,Não,,Não,CAIXA PRÁTICO FUNDO DE INVESTIMENTO EM COTAS DE CLASSE DE FUNDO DE INVESTIMENTO FINANCEIRO RENDA FIXA CURTO PRAZO - RESPONSABILIDADE LIMITADA,"Movimentações: O FUNDO oferece mecanismo resgate automático.

Para ativar a funcionalidade de Resgate Automático, acessar o SIART -> Movimentação Automática -> Marcar

As regras da funcionalidade de Movimentação Automática estão descritas no MN TE099.

**Esse fundo não possui adiantamento de resgate, os resgates efetuados ficarão disponíveis no processamento noturno.",https://www.caixa.gov.br/downloads/aplicacao-financeira-laminas/LA_0055.pdf,https://www.caixa.gov.br/downloads/aplicacao-financeira-regulamentos/RG_0055.pdf,https://www.caixa.gov.br/Downloads/aplicacao-financeira-inf-com/FIC_0055.pdf,https://www.caixa.gov.br/Downloads/aplicacao-financeira-comunicado-aos-cotistas/FR_0055.pdf,https://www.caixa.gov.br/Downloads/aplicacao-financeira-carta-mensal/CM_55.pdf,https://www.caixa.gov.br/Downloads/aplicacao-financeira-laminas-comerciais/LAC_55.pdf,https://www.caixa.gov.br/Downloads/aplicacao-financeira-termos-adesao/TA_0055.pdf,,
RENDA FIXA CURTO PRAZO,CAIXA FIC FIF TRANSFERÊNCIA VOLUNTÁRIA RF CP RESP LTDA,CAIXA FIC FIF TRANSFERENCIA VOLUNTARIA RF CP RESP LTDA,16/10/2012,"2,53231100","0,044","0,36","7,42","12,53","18.322,312",GOV,12/08/2026,12/08/2026,Não,0,Não,GOV | TODOS,https://www.caixa.gov.br/fundos-investimento/curto-prazo/fic-transferencias-voluntarias-curto-prazo,10.740.552/0001-90,5413,Conservador,1.7,0.01,0.01,0.01,0.01,D+0 (du),D+0 (du),D+00 (du),CDI,RF 100% TPF - Curto Prazo,Aberto para captação,CURTO PRAZO,GERAL,17:00,17h00,Não se aplica,NÃO SE APLICA,,"[""GOV""]","[""GOV""]",Sim,Não,,Não,CAIXA TRANSFERÊNCIAS VOLUNTÁRIAS POLIS FUNDO DE INVESTIMENTO EM COTAS DE CLASSE DE FUNDO DE INVESTIMENTO FINANCEIRO RENDA FIXA CP - RESP LIMITADA,"Fundo possui a funcionalidade de movimentações automáticas aplicável, obrigatoriamente, a todos os cotistas que a ele aderirem.

Assim, as aplicações e resgates ocorrerão por interface entre o cotista, pelo Portal de Convênios, e a CAIXA, pelo SIART, não havendo movimentações no Internet Banking ou a execução de comandos manuais no SIART pelas Agências ou PA.

O cadastramento dos cotistas no SIART é efetuado de forma automática por meio da interface desenvolvida entre SIART e o Portal de Convênios.

A Agência ou PA deve requerer a assinatura do Termo de Adesão ao Fundo e às funcionalidades de aplicação e resgate automáticos, ativado automaticamente no momento da abertura das contas com o controle OBTV (Marca PORTCONV), conforme descrito no FP109.

Conforme FP109, as contas correntes para crédito das transferências em decorrência de celebração de Convênio no SICONV são abertas diretamente no NSGD de forma automática, por meio da troca de arquivo deste sistema com a CAIXA, contendo dados cadastrais preenchidos pelos Proponentes.

Movimentações: O FUNDO oferece mecanismo de aplicação e resgate automáticos, exigindo a manutenção de um saldo em caixa adequado para suportar movimentações ocorridas após o fechamento do mercado. O Fundo não possui adiantamento de resgate, os resgates efetuados ficarão disponíveis no processamento noturno.",https://www.caixa.gov.br/downloads/aplicacao-financeira-laminas/LA_5413.pdf,https://www.caixa.gov.br/downloads/aplicacao-financeira-regulamentos/RG_5413.pdf,https://www.caixa.gov.br/Downloads/aplicacao-financeira-inf-com/FIC_5413.pdf,https://www.caixa.gov.br/Downloads/aplicacao-financeira-comunicado-aos-cotistas/COM_5413.pdf,https://www.caixa.gov.br/Downloads/aplicacao-financeira-carta-mensal/CM_5413.pdf,https://www.caixa.gov.br/Downloads/aplicacao-financeira-laminas-comerciais/LAC_5413.pdf,https://www.caixa.gov.br/Downloads/aplicacao-financeira-termos-adesao/TA_5413.pdf,,
RENDA FIXA,CAIXA FIF BRASIL MATRIZ RF RESP LTDA,CAIXA FIF BRASIL MATRIZ RF RESP LTDA,17/12/2015,"2,67506100","0,056","0,43","8,62","14,68","8.888,073",RPPS,12/08/2026,12/08/2026,Não,0,Não,RPPS,https://www.caixa.gov.br/fundos-investimento/renda-fixa/fi-brasil-matriz-rf/Paginas/default.aspx,23.215.008/0001-70,5982,Conservador,0.2,0.01,0.01,0.01,0.01,D+0 (du),D+0 (du),D+00 (du),CDI,RF até 49% Crédito Privado,Aberto para captação,LONGO PRAZO,GERAL,17:00,17h00,Sim · Automatico · 95%,AUTOMATICO,95.0,"[""GOV"", ""RPPS""]","[""GOV"", ""RPPS""]",Não,Não,,Não,CAIXA BRASIL MATRIZ FUNDO DE INVESTIMENTO FINANCEIRO RENDA FIXA - RESPONSABILIDADE LIMITADA,Condições excepcionais de estorno e movimentação retroativa estão descritas no TE099.,https://www.caixa.gov.br/downloads/aplicacao-financeira-laminas/LA_5982.pdf,https://www.caixa.gov.br/downloads/aplicacao-financeira-regulamentos/RG_5982.pdf,https://www.caixa.gov.br/Downloads/aplicacao-financeira-inf-com/FIC_5982.pdf,https://www.caixa.gov.br/Downloads/aplicacao-financeira-comunicado-aos-cotistas/COM_5982.pdf,https://www.caixa.gov.br/Downloads/aplicacao-financeira-carta-mensal/CM_5982.pdf,https://www.caixa.gov.br/Downloads/aplicacao-financeira-laminas-comerciais/LAC_5982.pdf,https://www.caixa.gov.br/Downloads/aplicacao-financeira-termos-adesao/TA_5982.pdf,,https://web.microsoftstream.com/video/40583c46-21c1-4547-8443-856ee5a2beb3?channelId=772517ff-88ae-4298-88f2-3ed5a5893c3e
RENDA FIXA,CAIXA FIC FIF BRASIL GESTÃO ESTRATÉGICA RF RESP LTDA,CAIXA FIC FIF BRASIL GESTAO ESTRATEGICA RF RESP LTDA,04/11/2016,"2,45144300","0,035","0,32","6,44","11,74","3.356,796",RPPS,12/08/2026,12/08/2026,Não,0,Não,RPPS | TODOS,https://www.caixa.gov.br/fundos-investimento/renda-fixa/caixa-fic-brasil-gestao-estrategica-rf,23.215.097/0001-55,5993,Moderado,0.4,0.01,0.01,0.01,0.01,D+0 (du),D+0 (du),D+00 (du),IPCA,RF Ativo,Aberto para captação,LONGO PRAZO,GERAL,16:00,16h00,Sim · Automatico · 90%,AUTOMATICO,90.0,"[""GOV"", ""RPPS""]","[""GOV"", ""RPPS""]",Não,Não,,Não,CAIXA BRASIL GESTÃO ESTRATÉGICA FUNDO DE INVESTIMENTO EM COTAS DE CLASSE DE FUNDO DE INVESTIMENTO FINANCEIRO RENDA FIXA - RESPONSABILIDADE LIMITADA,"1. Para aplicação por meio de conta operação 1292, é necessário o cadastramento prévio de cotistas, conforme descrito no item Adesão, do FI612.
2. O procedimento de inclusão da conta deverá ser realizado sempre que houver qualquer aplicação por meio de conta operação 1292, mesmo para os clientes que já realizaram o cadastramento anteriormente.",https://www.caixa.gov.br/downloads/aplicacao-financeira-laminas/LA_5993.pdf,https://www.caixa.gov.br/downloads/aplicacao-financeira-regulamentos/RG_5993.pdf,https://www.caixa.gov.br/Downloads/aplicacao-financeira-inf-com/FIC_5993.pdf,https://www.caixa.gov.br/Downloads/aplicacao-financeira-comunicado-aos-cotistas/COM_5993.pdf,https://www.caixa.gov.br/Downloads/aplicacao-financeira-carta-mensal/CM_5993.pdf,https://www.caixa.gov.br/Downloads/aplicacao-financeira-laminas-comerciais/LAC_5993.pdf,https://www.caixa.gov.br/Downloads/aplicacao-financeira-termos-adesao/TA_5993.pdf,,https://web.microsoftstream.com/video/95da0d56-cc06-4781-a262-9d91a3e9b48d?channelId=772517ff-88ae-4298-88f2-3ed5a5893c3e
RENDA FIXA,CAIXA BRASIL INFLAÇÃO ATIVA FIF RF CRED PRIV RESP LTDA,CAIXA BRASIL INFLACAO ATIVA FIF RF CRED PRIV RESP LTDA,17/04/2015,"3,04197300","0,076","0,60","7,87","12,25","36,895",RPPS,12/08/2026,12/08/2026,Não,0,Não,RPPS | TODOS,https://www.caixa.gov.br/fundos-investimento/renda-fixa/brasil-IPCA,21.918.896/0001-62,5975,Moderado,0.2,0.01,0.01,0.01,0.01,D+0 (du),D+0 (du),D+00 (du),IPCA+6%,RF Índice de Preços,Aberto para captação,LONGO PRAZO,GERAL,17:00,17h00,Sim · Automatico · 90%,AUTOMATICO,90.0,"[""GOV"", ""RPPS""]","[""GOV"", ""RPPS""]",Não,Não,,Não,CAIXA BRASIL INFLAÇÃO ATIVA FUNDO DE INVESTIMENTO FINANCEIRO RENDA FIXA CRÉDITO PRIVADO - RESPONSABILIDADE LIMITADA,,https://www.caixa.gov.br/downloads/aplicacao-financeira-laminas/LA_5975.pdf,https://www.caixa.gov.br/downloads/aplicacao-financeira-regulamentos/RG_5975.pdf,https://www.caixa.gov.br/Downloads/aplicacao-financeira-inf-com/FIC_5975.pdf,https://www.caixa.gov.br/Downloads/aplicacao-financeira-comunicado-aos-cotistas/FR_5975.pdf,https://www.caixa.gov.br/Downloads/aplicacao-financeira-carta-mensal/CM_5975.pdf,https://www.caixa.gov.br/Downloads/aplicacao-financeira-laminas-comerciais/LAC_5975.pdf,https://www.caixa.gov.br/Downloads/aplicacao-financeira-termos-adesao/TA_5975.pdf,,
RENDA FIXA,CAIXA FIC FIF BRASIL RENDA FIXA ATIVA LP RESP LTDA,CAIXA FIC FIF BRASIL RENDA FIXA ATIVA LP RESP LTDA,15/04/2020,"1.679,06829200","0,050","0,40","6,98","12,21","465,611",RPPS,12/08/2026,12/08/2026,Não,0,Não,RPPS,https://www.caixa.gov.br/fundos-investimento/renda-fixa/brasil-IPCA/Paginas/default.aspx,35.536.532/0001-22,6481,Moderado,0.4,0.01,0.01,0.01,0.01,D+0 (du),D+0 (du),D+01 (du),CDI,RF Ativo,Aberto para captação,LONGO PRAZO,GERAL,16:00,16h00,Sim · Automatico · 100%,AUTOMATICO,100.0,"[""GOV"", ""RPPS""]","[""GOV"", ""RPPS""]",Não,Não,,Não,CAIXA BRASIL ATIVA FUNDO DE INVESTIMENTO EM COTAS DE CLASSE DE FUNDO DE INVESTIMENTO FINANCEIRO RENDA FIXA LONGO PRAZO - RESPONSABILIDADE LIMITADA,¹Condições excepcionais de estorno e movimentação retroativa estão descritas no TE099.,https://www.caixa.gov.br/downloads/aplicacao-financeira-laminas/LA_6481.pdf,https://www.caixa.gov.br/downloads/aplicacao-financeira-regulamentos/RG_6481.pdf,https://www.caixa.gov.br/Downloads/aplicacao-financeira-inf-com/FIC_6481.pdf,https://www.caixa.gov.br/Downloads/aplicacao-financeira-comunicado-aos-cotistas/COM_6481.pdf,https://www.caixa.gov.br/Downloads/aplicacao-financeira-carta-mensal/CM_6481.pdf,https://www.caixa.gov.br/Downloads/aplicacao-financeira-laminas-comerciais/LAC_6481.pdf,https://www.caixa.gov.br/Downloads/aplicacao-financeira-termos-adesao/TA_6481.pdf,,
RENDA FIXA,CAIXA FI BRASIL IRF-M 1 TP RF,CAIXA FI BRASIL IRF-M 1 TP RF,28/05/2010,"4,59776600","0,052","0,41","8,35","14,28","11.343,881",RPPS,12/08/2026,12/08/2026,Não,0,Não,RPPS | TODOS,https://www.caixa.gov.br/fundos-investimento/renda-fixa/fi-brasil-irfm-1-titulos-publicos-rf,10.740.670/0001-06,5464,Conservador,0.2,0.01,0.01,0.01,0.01,D+0 (du),D+0 (du),D+00 (du),IRF-M 1,RF Prefixados,Aberto para captação,LONGO PRAZO,GERAL,17:00,17h00,Sim · Automatico · 95%,AUTOMATICO,95.0,"[""GOV"", ""RPPS""]","[""GOV"", ""RPPS""]",Não,Não,,Não,CAIXA BRASIL IRF-M 1 TÍTULOS PÚBLICOS FUNDO DE INVESTIMENTO FINANCEIRO RENDA FIXA - RESPONSABILIDADE LIMITADA,"1.O Fundo tem como parâmetro de rentabilidade o Índice de Renda Fixa de Mercado 1 (IRF-M 1).
2.Para aplicação por meio de conta operação 1292, é necessário o cadastramento prévio de cotistas, conforme descrito no item Adesão, do FI612.
3.O procedimento de inclusão da conta deverá ser realizado sempre que houver qualquer aplicação por meio de conta operação 1292, mesmo para os clientes que já realizaram o cadastramento anteriormente.
¹Condições excepcionais de estorno e movimentação retroativa estão descritas no TE099.",https://www.caixa.gov.br/downloads/aplicacao-financeira-laminas/LA_5464.pdf,https://www.caixa.gov.br/downloads/aplicacao-financeira-regulamentos/RG_5464.pdf,https://www.caixa.gov.br/Downloads/aplicacao-financeira-inf-com/FIC_5464.pdf,https://www.caixa.gov.br/Downloads/aplicacao-financeira-comunicado-aos-cotistas/COM_5464.pdf,https://www.caixa.gov.br/Downloads/aplicacao-financeira-carta-mensal/CM_5464.pdf,https://www.caixa.gov.br/Downloads/aplicacao-financeira-laminas-comerciais/LAC_5464.pdf,https://www.caixa.gov.br/Downloads/aplicacao-financeira-termos-adesao/TA_5464.pdf,,https://web.microsoftstream.com/video/e092ed57-1ff7-4570-9897-57fc78b1a0c8?channelId=772517ff-88ae-4298-88f2-3ed5a5893c3e
RENDA FIXA,CAIXA FIF BRASIL IDKA IPCA 2A TIT PUB RF LP RESP LTDA,CAIXA FIF BRASIL IDKA IPCA 2A TIT PUB RF LP RESP LTDA,16/08/2012,"3,89021500","0,107","0,64","8,06","12,65","3.074,505",RPPS,12/08/2026,12/08/2026,Não,0,Não,RPPS | TODOS,https://www.caixa.gov.br/fundos-investimento/renda-fixa/fi-brasil-idka-ipca-2a-rf-longo-prazo,14.386.926/0001-71,5825,Moderado,0.2,0.01,0.01,0.01,0.01,D+0 (du),D+0 (du),D+00 (du),IDKA2,RF Prefixados,Aberto para captação,LONGO PRAZO,GERAL,16:00,16h00,Sim · Automatico · 90%,AUTOMATICO,90.0,"[""GOV"", ""RPPS""]","[""GOV"", ""RPPS""]",Não,Não,,Não,CAIXA BRASIL IDKA IPCA 2A TÍTULOS PÚBLICOS FUNDO DE INVESTIMENTO FINANCEIRO RENDA FIXA LONGO PRAZO - RESPONSABILIDADE LIMITADA,"1. O Fundo tem como parâmetro de rentabilidade o Índice de Duração Constante ANBIMA – segmento IPCA 2A (IDkA IPCA 2A).
2. Para aplicação por meio de conta operação 1292, é necessário o cadastramento prévio de cotistas, conforme descrito no item Adesão, do FI612.
3. O procedimento de inclusão da conta deverá ser realizado sempre que houver qualquer aplicação por meio de conta operação 1292, mesmo para os clientes que já realizaram o cadastramento anteriormente.
¹Condições excepcionais de estorno e movimentação retroativa estão descritas no TE099.",https://www.caixa.gov.br/downloads/aplicacao-financeira-laminas/LA_5825.pdf,https://www.caixa.gov.br/downloads/aplicacao-financeira-regulamentos/RG_5825.pdf,https://www.caixa.gov.br/Downloads/aplicacao-financeira-inf-com/FIC_5825.pdf,https://www.caixa.gov.br/Downloads/aplicacao-financeira-comunicado-aos-cotistas/COM_5825.pdf,https://www.caixa.gov.br/Downloads/aplicacao-financeira-carta-mensal/CM_5825.pdf,https://www.caixa.gov.br/Downloads/aplicacao-financeira-laminas-comerciais/LAC_5825.pdf,https://www.caixa.gov.br/Downloads/aplicacao-financeira-termos-adesao/TA_5825.pdf,,
RENDA FIXA,CAIXA FIF BRASIL IRF-M TP RF LP - RESP LTDA,CAIXA FIF BRASIL IRF-M TP RF LP - RESP LTDA,16/08/2012,"3,70397100","0,006","0,32","6,10","11,44","1.642,630",RPPS,12/08/2026,12/08/2026,Não,0,Não,RPPS | TODOS,https://www.caixa.gov.br/fundos-investimento/renda-fixa/brasil-irf-m-titulos-publicos-renda-fixa-longo-prazo,10.740.670/0001-06,5464,Conservador,0.2,0.01,0.01,0.01,0.01,D+0 (du),D+0 (du),D+00 (du),IRF-M 1,RF Prefixados,Aberto para captação,LONGO PRAZO,GERAL,17:00,17h00,Sim · Automatico · 95%,AUTOMATICO,95.0,"[""GOV"", ""RPPS""]","[""GOV"", ""RPPS""]",Não,Não,,Não,CAIXA BRASIL IRF-M 1 TÍTULOS PÚBLICOS FUNDO DE INVESTIMENTO FINANCEIRO RENDA FIXA - RESPONSABILIDADE LIMITADA,"1.O Fundo tem como parâmetro de rentabilidade o Índice de Renda Fixa de Mercado 1 (IRF-M 1).
2.Para aplicação por meio de conta operação 1292, é necessário o cadastramento prévio de cotistas, conforme descrito no item Adesão, do FI612.
3.O procedimento de inclusão da conta deverá ser realizado sempre que houver qualquer aplicação por meio de conta operação 1292, mesmo para os clientes que já realizaram o cadastramento anteriormente.
¹Condições excepcionais de estorno e movimentação retroativa estão descritas no TE099.",https://www.caixa.gov.br/downloads/aplicacao-financeira-laminas/LA_5464.pdf,https://www.caixa.gov.br/downloads/aplicacao-financeira-regulamentos/RG_5464.pdf,https://www.caixa.gov.br/Downloads/aplicacao-financeira-inf-com/FIC_5464.pdf,https://www.caixa.gov.br/Downloads/aplicacao-financeira-comunicado-aos-cotistas/COM_5464.pdf,https://www.caixa.gov.br/Downloads/aplicacao-financeira-carta-mensal/CM_5464.pdf,https://www.caixa.gov.br/Downloads/aplicacao-financeira-laminas-comerciais/LAC_5464.pdf,https://www.caixa.gov.br/Downloads/aplicacao-financeira-termos-adesao/TA_5464.pdf,,https://web.microsoftstream.com/video/e092ed57-1ff7-4570-9897-57fc78b1a0c8?channelId=772517ff-88ae-4298-88f2-3ed5a5893c3e
RENDA FIXA,CAIXA FI BRASIL IMA-B TP RF LP,CAIXA FI BRASIL IMA-B TP RF LP,08/03/2010,"5,19395700","0,105","0,68","5,63","9,47","2.287,166",RPPS,12/08/2026,12/08/2026,Não,0,Não,RPPS | TODOS,https://www.caixa.gov.br/fundos-investimento/renda-fixa/fi-brasil-ima-b-titulos-rf-longo-prazo,11.060.913/0001-10,5187,Moderado,0.2,0.01,0.01,0.01,0.01,D+0 (du),D+0 (du),D+00 (du),IMA-B 5,RF Índice de Preços,Aberto para captação,LONGO PRAZO,GERAL,16:00,16h00,Sim · Automatico · 90%,AUTOMATICO,90.0,"[""GOV"", ""RPPS""]","[""GOV"", ""RPPS""]",Não,Não,,Não,CAIXA BRASIL IMA-B 5 TÍTULOS PÚBLICOS FUNDO DE INVESTIMENTO FINANCEIRO RENDA FIXA LONGO PRAZO - RESPONSABILIDADE LIMITADA,,https://www.caixa.gov.br/downloads/aplicacao-financeira-laminas/LA_5187.pdf,https://www.caixa.gov.br/downloads/aplicacao-financeira-regulamentos/RG_5187.pdf,https://www.caixa.gov.br/Downloads/aplicacao-financeira-inf-com/FIC_5187.pdf,https://www.caixa.gov.br/Downloads/aplicacao-financeira-comunicado-aos-cotistas/COM_5187.pdf,https://www.caixa.gov.br/Downloads/aplicacao-financeira-carta-mensal/CM_5187.pdf,https://www.caixa.gov.br/Downloads/aplicacao-financeira-laminas-comerciais/LAC_5187.pdf,https://www.caixa.gov.br/Downloads/aplicacao-financeira-termos-adesao/TA_5187.pdf,,
RENDA FIXA,CAIXA FIF BRASIL IMA-B 5 TP RF LP - RESP LTDA,CAIXA FIF BRASIL IMA-B 5 TP RF LP - RESP LTDA,09/07/2010,"5,28702600","0,080","0,64","8,30","12,68","5.664,043",RPPS,12/08/2026,12/08/2026,Não,0,Não,RPPS | TODOS,https://www.caixa.gov.br/fundos-investimento/renda-fixa/fi-brasil-ima-b-5-titulos-publicos-rf-longo-prazo,11.060.913/0001-10,5187,Moderado,0.2,0.01,0.01,0.01,0.01,D+0 (du),D+0 (du),D+00 (du),IMA-B 5,RF Índice de Preços,Aberto para captação,LONGO PRAZO,GERAL,16:00,16h00,Sim · Automatico · 90%,AUTOMATICO,90.0,"[""GOV"", ""RPPS""]","[""GOV"", ""RPPS""]",Não,Não,,Não,CAIXA BRASIL IMA-B 5 TÍTULOS PÚBLICOS FUNDO DE INVESTIMENTO FINANCEIRO RENDA FIXA LONGO PRAZO - RESPONSABILIDADE LIMITADA,,https://www.caixa.gov.br/downloads/aplicacao-financeira-laminas/LA_5187.pdf,https://www.caixa.gov.br/downloads/aplicacao-financeira-regulamentos/RG_5187.pdf,https://www.caixa.gov.br/Downloads/aplicacao-financeira-inf-com/FIC_5187.pdf,https://www.caixa.gov.br/Downloads/aplicacao-financeira-comunicado-aos-cotistas/COM_5187.pdf,https://www.caixa.gov.br/Downloads/aplicacao-financeira-carta-mensal/CM_5187.pdf,https://www.caixa.gov.br/Downloads/aplicacao-financeira-laminas-comerciais/LAC_5187.pdf,https://www.caixa.gov.br/Downloads/aplicacao-financeira-termos-adesao/TA_5187.pdf,,
RENDA FIXA,CAIXA FIF BRASIL IMA GERAL TP RF LP - RESP LTDA,CAIXA FIF BRASIL IMA GERAL TP RF LP - RESP LTDA,08/07/2010,"4,84332000","0,055","0,46","7,30","12,64","479,509",RPPS,12/08/2026,12/08/2026,Não,0,Não,RPPS | TODOS,https://www.caixa.gov.br/fundos-investimento/renda-fixa/fi-brasil-ima-geral-tp-rf-longo-prazo,11.061.217/0001-28,5188,Moderado,0.2,0.01,0.01,0.01,0.01,D+0 (du),D+0 (du),D+00 (du),IMA-GERAL TOTAL,RF Índice de Preços,Aberto para captação,LONGO PRAZO,GERAL,16:00,16h00,Sim · Automatico · 90%,AUTOMATICO,90.0,"[""GOV"", ""RPPS""]","[""GOV"", ""RPPS""]",Não,Não,,Não,CAIXA BRASIL IMA GERAL TÍTULOS PÚBLICOS FUNDO DE INVESTIMENTO FINANCEIRO RENDA FIXA LONGO PRAZO - RESPONSABILIDADE LIMITADA,"1. Para aplicação por meio de conta operação 1292, é necessário o cadastramento prévio de cotistas, conforme descrito no item Adesão, do FI612.
2. O procedimento de inclusão da conta deverá ser realizado sempre que houver qualquer aplicação por meio de conta operação 1292, mesmo para os clientes que já realizaram o cadastramento anteriormente.
¹Condições excepcionais de estorno e movimentação retroativa estão descritas no TE099.",https://www.caixa.gov.br/downloads/aplicacao-financeira-laminas/LA_5188.pdf,https://www.caixa.gov.br/downloads/aplicacao-financeira-regulamentos/RG_5188.pdf,https://www.caixa.gov.br/Downloads/aplicacao-financeira-inf-com/FIC_5188.pdf,https://www.caixa.gov.br/Downloads/aplicacao-financeira-comunicado-aos-cotistas/COM_5188.pdf,https://www.caixa.gov.br/Downloads/aplicacao-financeira-carta-mensal/CM_5188.pdf,https://www.caixa.gov.br/Downloads/aplicacao-financeira-laminas-comerciais/LAC_5188.pdf,https://www.caixa.gov.br/Downloads/aplicacao-financeira-termos-adesao/TA_5188.pdf,,
RENDA FIXA,CAIXA FIF RS TITULOS PUBLICOS RF LP - RESP LTDA,CAIXA FIF RS TITULOS PUBLICOS RF LP - RESP LTDA,18/07/2005,"8,14803100","0,051","0,41","8,44","14,40","165,448",RPPS,12/08/2026,12/08/2026,Não,0,Não,RPPS | TODOS,https://www.caixa.gov.br/fundos-investimento/renda-fixa/fi-rs-titulos-publicos-rf-longo-prazo,,,,,,,,,,,,,,,,,,,,,,,,,,,,,,,,,,,,,,
RENDA FIXA,CAIXA FIF BRASIL IMA-B 5+ TP RF LP - RESP LTDA,CAIXA FIF BRASIL IMA-B 5+ TP RF LP - RESP LTDA,18/04/2012,"3,45494900","0,128","0,72","3,55","7,00","690,386",RPPS,12/08/2026,12/08/2026,Não,0,Não,RPPS | TODOS,https://www.caixa.gov.br/fundos-investimento/renda-fixa/fi-brasil-ima-b-5_mais-titulos-publicos-rf-lp/Paginas/default.aspx,11.060.913/0001-10,5187,Moderado,0.2,0.01,0.01,0.01,0.01,D+0 (du),D+0 (du),D+00 (du),IMA-B 5,RF Índice de Preços,Aberto para captação,LONGO PRAZO,GERAL,16:00,16h00,Sim · Automatico · 90%,AUTOMATICO,90.0,"[""GOV"", ""RPPS""]","[""GOV"", ""RPPS""]",Não,Não,,Não,CAIXA BRASIL IMA-B 5 TÍTULOS PÚBLICOS FUNDO DE INVESTIMENTO FINANCEIRO RENDA FIXA LONGO PRAZO - RESPONSABILIDADE LIMITADA,,https://www.caixa.gov.br/downloads/aplicacao-financeira-laminas/LA_5187.pdf,https://www.caixa.gov.br/downloads/aplicacao-financeira-regulamentos/RG_5187.pdf,https://www.caixa.gov.br/Downloads/aplicacao-financeira-inf-com/FIC_5187.pdf,https://www.caixa.gov.br/Downloads/aplicacao-financeira-comunicado-aos-cotistas/COM_5187.pdf,https://www.caixa.gov.br/Downloads/aplicacao-financeira-carta-mensal/CM_5187.pdf,https://www.caixa.gov.br/Downloads/aplicacao-financeira-laminas-comerciais/LAC_5187.pdf,https://www.caixa.gov.br/Downloads/aplicacao-financeira-termos-adesao/TA_5187.pdf,,
RENDA FIXA,CAIXA FI BRASIL IRF-M 1+ TP RF LP,CAIXA FI BRASIL IRF-M 1+ TP RF LP,11/05/2012,"3,82991000","-0,008","0,30","5,31","10,39","630,972",RPPS,12/08/2026,12/08/2026,Não,0,Não,RPPS | TODOS,https://www.caixa.gov.br/fundos-investimento/renda-fixa/fi-brasil-irfm-1-titulos-publicos-rf-longo-prazo/,10.740.670/0001-06,5464,Conservador,0.2,0.01,0.01,0.01,0.01,D+0 (du),D+0 (du),D+00 (du),IRF-M 1,RF Prefixados,Aberto para captação,LONGO PRAZO,GERAL,17:00,17h00,Sim · Automatico · 95%,AUTOMATICO,95.0,"[""GOV"", ""RPPS""]","[""GOV"", ""RPPS""]",Não,Não,,Não,CAIXA BRASIL IRF-M 1 TÍTULOS PÚBLICOS FUNDO DE INVESTIMENTO FINANCEIRO RENDA FIXA - RESPONSABILIDADE LIMITADA,"1.O Fundo tem como parâmetro de rentabilidade o Índice de Renda Fixa de Mercado 1 (IRF-M 1).
2.Para aplicação por meio de conta operação 1292, é necessário o cadastramento prévio de cotistas, conforme descrito no item Adesão, do FI612.
3.O procedimento de inclusão da conta deverá ser realizado sempre que houver qualquer aplicação por meio de conta operação 1292, mesmo para os clientes que já realizaram o cadastramento anteriormente.
¹Condições excepcionais de estorno e movimentação retroativa estão descritas no TE099.",https://www.caixa.gov.br/downloads/aplicacao-financeira-laminas/LA_5464.pdf,https://www.caixa.gov.br/downloads/aplicacao-financeira-regulamentos/RG_5464.pdf,https://www.caixa.gov.br/Downloads/aplicacao-financeira-inf-com/FIC_5464.pdf,https://www.caixa.gov.br/Downloads/aplicacao-financeira-comunicado-aos-cotistas/COM_5464.pdf,https://www.caixa.gov.br/Downloads/aplicacao-financeira-carta-mensal/CM_5464.pdf,https://www.caixa.gov.br/Downloads/aplicacao-financeira-laminas-comerciais/LAC_5464.pdf,https://www.caixa.gov.br/Downloads/aplicacao-financeira-termos-adesao/TA_5464.pdf,,https://web.microsoftstream.com/video/e092ed57-1ff7-4570-9897-57fc78b1a0c8?channelId=772517ff-88ae-4298-88f2-3ed5a5893c3e
RENDA FIXA,CAIXA FIF BRASIL TITULOS PUBLICOS RF LP - RESP LTDA,CAIXA FIF BRASIL TITULOS PUBLICOS RF LP - RESP LTDA,10/02/2006,"7,35559400","0,051","0,41","8,49","14,47","12.819,622",RPPS,12/08/2026,12/08/2026,Não,0,Não,RPPS | TODOS,https://www.caixa.gov.br/fundos-investimento/renda-fixa/fi-brasil-titulos-publicos-rf-longo-prazo,05.164.356/0001-84,5462,Conservador,0.2,0.01,0.01,0.01,0.01,D+0 (du),D+0 (du),D+00 (du),CDI,RF 100% TPF - Longo Prazo,Aberto para captação,LONGO PRAZO,GERAL,17:00,17h00,Sim · Automatico · 95%,AUTOMATICO,95.0,"[""GOV"", ""RPPS""]","[""GOV"", ""RPPS""]",Não,Não,,Não,CAIXA BRASIL TÍTULOS PÚBLICOS FUNDO DE INVESTIMENTO FINANCEIRO RENDA FIXA LONGO PRAZO - RESPONSABILIDADE LIMITADA,"Para aplicação no fundo é necessário o cadastramento prévio de cotistas, conforme descrito no FI657. O procedimento de inclusão da conta deverá ser realizado sempre que houver qualquer aplicação, mesmo para os clientes que já realizaram o cadsatramento anteriormente.",https://www.caixa.gov.br/downloads/aplicacao-financeira-laminas/LA_5462.pdf,https://www.caixa.gov.br/downloads/aplicacao-financeira-regulamentos/RG_5462.pdf,https://www.caixa.gov.br/Downloads/aplicacao-financeira-inf-com/FIC_5462.pdf,https://www.caixa.gov.br/Downloads/aplicacao-financeira-comunicado-aos-cotistas/COM_5462.pdf,https://www.caixa.gov.br/Downloads/aplicacao-financeira-carta-mensal/CM_5462.pdf,https://www.caixa.gov.br/Downloads/aplicacao-financeira-laminas-comerciais/LAC_5462.pdf,https://www.caixa.gov.br/Downloads/aplicacao-financeira-termos-adesao/TA_5462.pdf,,https://web.microsoftstream.com/video/91aaf70b-85c2-4cf1-b537-e42b3bd894ec?channelId=772517ff-88ae-4298-88f2-3ed5a5893c3e
RENDA FIXA,CAIXA FIF ALIANÇA TP RF CURTO PRAZO - RESP LTDA,CAIXA FIF ALIANCA TP RF CURTO PRAZO - RESP LTDA,01/11/2005,"7,68289200","0,050","0,41","8,44","14,42","3.814,114",RPPS,12/08/2026,12/08/2026,Não,0,Não,RPPS | TODOS,https://www.caixa.gov.br/fundos-investimento/renda-fixa/fic-alianca-rf,05.164.358/0001-73,5461,Conservador,0.2,0.01,0.01,0.01,0.01,D+0 (du),D+0 (du),D+00 (du),CDI,RF 100% TPF - Curto Prazo,Aberto para captação,CURTO PRAZO,GERAL,17:00,17h00,Sim · Automatico · 95%,AUTOMATICO,95.0,"[""GOV"", ""RPPS""]","[""GOV"", ""RPPS""]",Não,Não,,Não,CAIXA ALIANÇA TÍTULOS PÚBLICOS FUNDO DE INVESTIMENTO FINANCEIRO RENDA FIXA CURTO PRAZO - RESPONSABILIDADE LIMITADA,¹Condições excepcionais de estorno e movimentação retroativa estão descritas no TE099.,https://www.caixa.gov.br/downloads/aplicacao-financeira-laminas/LA_5461.pdf,https://www.caixa.gov.br/downloads/aplicacao-financeira-regulamentos/RG_5461.pdf,https://www.caixa.gov.br/Downloads/aplicacao-financeira-inf-com/FIC_5461.pdf,https://www.caixa.gov.br/Downloads/aplicacao-financeira-comunicado-aos-cotistas/COM_5461.pdf,https://www.caixa.gov.br/Downloads/aplicacao-financeira-carta-mensal/CM_5461.pdf,https://www.caixa.gov.br/Downloads/aplicacao-financeira-laminas-comerciais/LAC_5461.pdf,https://www.caixa.gov.br/Downloads/aplicacao-financeira-termos-adesao/TA_5461.pdf,,
RENDA FIXA,CAIXA FIC FIF BRASIL IDKA PRE 2A RF LP RESP LTDA,CAIXA FIC FIF BRASIL IDKA PRE 2A RF LP RESP LTDA,21/09/2022,"1,48020100","0,017","0,22","6,15","11,49","159,293",RPPS,12/08/2026,12/08/2026,Não,0,Não,RPPS,https://www.caixa.gov.br/fundos-investimento/renda-fixa/fic-caixa-brasil-idka-pre2a-rf-lp/Paginas/default.aspx,45.163.710/0001-70,6634,Moderado,0.2,0.01,0.01,0.01,0.01,D+0 (du),D+0 (du),D+00 (du),IDKA PRÉ 2A,RF Prefixados,Aberto para captação,LONGO PRAZO,GERAL,16:00,16h00,Sim · Automatico · 90%,AUTOMATICO,90.0,"[""GOV"", ""RPPS""]","[""GOV"", ""RPPS""]",Não,Não,,Não,CAIXA BRASIL IDKA PRE 2A FUNDO DE INVESTIMENTO EM COTAS DE CLASSE DE FUNDO DE INVESTIMENTO FINANCEIRO RENDA FIXA LONGO PRAZO - RESP LIMITADA,,https://www.caixa.gov.br/downloads/aplicacao-financeira-laminas/LA_6634.pdf,https://www.caixa.gov.br/downloads/aplicacao-financeira-regulamentos/RG_6634.pdf,https://www.caixa.gov.br/Downloads/aplicacao-financeira-inf-com/FIC_6634.pdf,https://www.caixa.gov.br/Downloads/aplicacao-financeira-comunicado-aos-cotistas/COM_6634.pdf,https://www.caixa.gov.br/Downloads/aplicacao-financeira-carta-mensal/CM_6634.pdf,https://www.caixa.gov.br/Downloads/aplicacao-financeira-laminas-comerciais/LAC_6634.pdf,https://www.caixa.gov.br/Downloads/aplicacao-financeira-termos-adesao/TA_6634.pdf,,
RENDA FIXA,CAIXA FIC FIF BRASIL DISPONIBILIDADES SIMPLES RF RESP LTDA,CAIXA FIC FIF BRASIL DISPONIBILIDADES SIMPLES RF RESP LTDA,30/08/2012,"3,21515700","0,048","0,39","8,00","13,59","1.447,165",RPPS,12/08/2026,12/08/2026,Não,0,Não,RPPS | TODOS,https://www.caixa.gov.br/fundos-investimento/renda-fixa/brasil-disponibilidades,14.508.643/0001-55,5826,Conservador,0.8,100.0,10.0,0.01,0.01,D+0 (du),D+0 (du),D+00 (du),CDI,RF 100% TPF,Aberto para captação,LONGO PRAZO,GERAL,18:00,18h00,Não se aplica,NÃO SE APLICA,,"[""GOV"", ""RPPS""]","[""GOV"", ""RPPS""]",Sim,Não,,Não,CAIXA BRASIL DISPONIBILIDADES FUNDO DE INVESTIMENTO EM COTAS DE CLASSE DE FUNDO DE INVESTIMENTO FINANCEIRO RENDA FIXA SIMPLES - RESP LIMITADA,"O Fundo exige cadastramento prévio da conta, para orientações consultar o FI657 - Anexo IV

OBS: O Fundo possui a funcionalidade de Aplicação e Resgate Automáticos em caso de adesão pelo cotista, o gerente deverá proceder à contratação no SIART. Para ativar a funcionalidade de Aplicação e Resgate Automáticos, acessar o SIART -> Movimentação Automática -> Marcar

As regras da funcionalidade de Movimentação Automática estão descritas no MN TE099. O fundo não possui adiantamento de resgate, os resgates efetuados ficarão disponíveis no processamento noturno.",https://www.caixa.gov.br/downloads/aplicacao-financeira-laminas/LA_5826.pdf,https://www.caixa.gov.br/downloads/aplicacao-financeira-regulamentos/RG_5826.pdf,https://www.caixa.gov.br/Downloads/aplicacao-financeira-inf-com/FIC_5826.pdf,https://www.caixa.gov.br/Downloads/aplicacao-financeira-comunicado-aos-cotistas/COM_5826.pdf,https://www.caixa.gov.br/Downloads/aplicacao-financeira-carta-mensal/CM_5826.pdf,https://www.caixa.gov.br/Downloads/aplicacao-financeira-laminas-comerciais/LAC_5826.pdf,https://www.caixa.gov.br/Downloads/aplicacao-financeira-termos-adesao/TA_5826.pdf,,
RENDA FIXA REFERENCIADO,CAIXA FIC FIF BRASIL RF REFER DI LONGO PRAZO RESP LTDA,CAIXA FIC FIF BRASIL RF REFER DI LONGO PRAZO RESP LTDA,05/07/2006,"6,89620500","0,057","0,43","8,66","14,75","22.795,079",RPPS,12/08/2026,12/08/2026,Não,0,Não,RPPS | TODOS,https://www.caixa.gov.br/fundos-investimento/referenciados/fi-brasil-ref-di-longo-prazo,,,,,,,,,,,,,,,,,,,,,,,,,,,,,,,,,,,,,,
RENDA FIXA REFERENCIADO,CAIXA FIC FIF NOVO BRASIL RF IMA-B LP RESP LTDA,CAIXA FIC FIF NOVO BRASIL RF IMA-B LP RESP LTDA,27/10/2009,"5,56653100","0,105","0,68","5,90","9,85","586,938",RPPS,12/08/2026,12/08/2026,Não,0,Não,RPPS | TODOS,https://www.caixa.gov.br/fundos-investimento/renda-fixa/fic-novo-brasil-ima-b-rf-longo-prazo,10.646.895/0001-90,5168,Moderado,0.2,0.01,0.01,0.01,0.01,D+0 (du),D+0 (du),D+00 (du),IMA-B 5,RF Índice de Preços,Aberto para captação,LONGO PRAZO,GERAL,17:00,17h00,Sim · Automatico · 90%,AUTOMATICO,90.0,"[""GOV"", ""RPPS""]","[""GOV"", ""RPPS""]",Não,Não,,Não,CAIXA NOVO BRASIL IMA-B FUNDO DE INVESTIMENTO EM COTAS DE CLASSE DE FUNDO DE INVESTIMENTO FINANCEIRO RENDA FIXA LONGO PRAZO - RESP LIMITADA,"1. Para aplicação por meio de conta operação 1292, é necessário o cadastramento prévio de cotistas, conforme descrito no item no item Adesão, do FI612.
2. O procedimento de inclusão da conta deverá ser realizado sempre que houver qualquer aplicação por meio de conta operação 1292, mesmo para os clientes que já realizaram o cadastramento anteriormente.",https://www.caixa.gov.br/downloads/aplicacao-financeira-laminas/LA_5168.pdf,https://www.caixa.gov.br/downloads/aplicacao-financeira-regulamentos/RG_5168.pdf,https://www.caixa.gov.br/Downloads/aplicacao-financeira-inf-com/FIC_5168.pdf,https://www.caixa.gov.br/Downloads/aplicacao-financeira-comunicado-aos-cotistas/COM_5168.pdf,https://www.caixa.gov.br/Downloads/aplicacao-financeira-carta-mensal/CM_5168.pdf,https://www.caixa.gov.br/Downloads/aplicacao-financeira-laminas-comerciais/LAC_5168.pdf,https://www.caixa.gov.br/Downloads/aplicacao-financeira-termos-adesao/TA_5168.pdf,,
RENDA FIXA REFERENCIADO,CAIXA FIC FIF TOP PRIVATE RF REF DI LP RESP LTDA,CAIXA FIC FIF TOP PRIVATE RF REF DI LP RESP LTDA,05/05/2014,"3,26503100","0,057","0,43","8,69","14,83","14.011,321",RPPS,12/08/2026,12/08/2026,Não,0,Não,RPPS,https://www.caixa.gov.br/fundos-investimento/referenciados/fic-top-private-ref-di-longo-prazo/Paginas/default.aspx,19.769.018/0001-80,5969,Conservador,0.15,10000.0,100.0,100.0,1000.0,D+0 (du),D+0 (du),D+00 (du),CDI,RF DI até 49% Crédito Privado,Aberto para captação,LONGO PRAZO,GERAL,17:00,17h00,Sim · Automatico · 95%,AUTOMATICO,95.0,"[""Private""]","[""Private""]",Não,Não,,Não,CAIXA TOP PRIVATE FUNDO DE INVESTIMENTO EM COTAS DE CLASSE DE FUNDO DE INVESTIMENTO FINANCEIRO RENDA FIXA REFERENCIADO DI LONGO PRAZO - RESP LIMITADA,,https://www.caixa.gov.br/downloads/aplicacao-financeira-laminas/LA_5969.pdf,https://www.caixa.gov.br/downloads/aplicacao-financeira-regulamentos/RG_5969.pdf,https://www.caixa.gov.br/Downloads/aplicacao-financeira-inf-com/FIC_5969.pdf,https://www.caixa.gov.br/Downloads/aplicacao-financeira-comunicado-aos-cotistas/FR_5969.pdf,https://www.caixa.gov.br/Downloads/aplicacao-financeira-carta-mensal/CM_5969.pdf,https://www.caixa.gov.br/Downloads/aplicacao-financeira-laminas-comerciais/LAC_5969.pdf,https://www.caixa.gov.br/Downloads/aplicacao-financeira-termos-adesao/TA_5969.pdf,,https://web.microsoftstream.com/video/5f0c9eff-f752-448b-8f0a-3e2fff710aa9?channelId=772517ff-88ae-4298-88f2-3ed5a5893c3e
MULTIMERCADO,CAIXA FIF INDEXA OURO MULTIMERCADO LP RESP LTDA,CAIXA FIF INDEXA OURO MULTIMERCADO LP RESP LTDA,15/02/2013,"4,69033800","0,685","9,22","5,56","39,17","549,326",RPPS,12/08/2026,12/08/2026,Não,0,Não,RPPS | TODOS,https://www.caixa.gov.br/fundos-investimento/multimercado/fi-ouro-multimercado-longo-prazo,16.916.060/0001-99,5902,Moderado,0.8,0.01,0.01,0.01,0.01,D+0 (du),D+1 (du),D+02 (du),NÃO SE APLICA,Multimercado,Aberto para captação,LONGO PRAZO,GERAL,16:00,16h00,Sim · Automatico · 100%,AUTOMATICO,100.0,"[""Institucional"", ""Pessoa Física"", ""PJ Atacado"", ""PJ Varejo"", ""Private""]","[""Institucional"", ""Pessoa Física"", ""PJ Atacado"", ""PJ Varejo"", ""Private""]",Não,Não,,Não,CAIXA INDEXA OURO FUNDO DE INVESTIMENTO FINANCEIRO MULTIMERCADO LONGO PRAZO - RESPONSABILIDADE LIMITADA,"Pessoas físicas e jurídicas, na forma da regulamentação aplicável. A contagem para conversão de cotas e pagamento do resgate é feita em dias úteis, conforme estabelecido no Regulamento do Fundo.",https://www.caixa.gov.br/downloads/aplicacao-financeira-laminas/LA_5902.pdf,https://www.caixa.gov.br/downloads/aplicacao-financeira-regulamentos/RG_5902.pdf,https://www.caixa.gov.br/Downloads/aplicacao-financeira-inf-com/FIC_5902.pdf,https://www.caixa.gov.br/Downloads/aplicacao-financeira-comunicado-aos-cotistas/COM_5902.pdf,https://www.caixa.gov.br/Downloads/aplicacao-financeira-carta-mensal/CM_5902.pdf,https://www.caixa.gov.br/Downloads/aplicacao-financeira-laminas-comerciais/LAC_5902.pdf,https://www.caixa.gov.br/Downloads/aplicacao-financeira-termos-adesao/TA_5902.pdf,,
MULTIMERCADO,CAIXA FIC FIF BRASIL ESTRATÉGIA LIVRE MM LP RESP LTDA,CAIXA FIC FIF BRASIL ESTRATEGIA LIVRE MM LP RESP LTDA,21/10/2019,-,-,-,-,-,-,RPPS,12/08/2026,12/08/2026,Não,0,Não,RPPS,https://www.caixa.gov.br/fundos-investimento/multimercado/estrategia-livre-mm-lp/Paginas/default.aspx,34.660.276/0001-18,6439,Moderado,1.5,0.01,0.01,0.01,0.01,D+1 (du),D+13 (du),D+15 (du),CDI,Multimercado,Aberto para captação,LONGO PRAZO,GERAL,14:30,14h30,Não se aplica,NÃO SE APLICA,,"[""GOV"", ""RPPS""]","[""GOV"", ""RPPS""]",Não,Não,,Não,CAIXA BRASIL ESTRATÉGIA LIVRE FUNDO DE INVESTIMENTO EM COTAS DE CLASSE DE FUNDO DE INVESTIMENTO FINANCEIRO MULTIMERCADO LONGO PRAZO - RESPONSABILIDADE,,https://www.caixa.gov.br/downloads/aplicacao-financeira-laminas/LA_6439.pdf,https://www.caixa.gov.br/downloads/aplicacao-financeira-regulamentos/RG_6439.pdf,https://www.caixa.gov.br/Downloads/aplicacao-financeira-inf-com/FIC_6439.pdf,https://www.caixa.gov.br/Downloads/aplicacao-financeira-comunicado-aos-cotistas/COM_6439.pdf,https://www.caixa.gov.br/Downloads/aplicacao-financeira-carta-mensal/CM_6439.pdf,https://www.caixa.gov.br/Downloads/aplicacao-financeira-laminas-comerciais/LAC_6439.pdf,https://www.caixa.gov.br/Downloads/aplicacao-financeira-termos-adesao/TA_6439.pdf,,
ACOES,CAIXA FIF AÇOES BRASIL IBOVESPA RESP LTDA,CAIXA FIF ACOES BRASIL IBOVESPA RESP LTDA,29/07/2011,"3,75956000","-0,183","-5,78","3,83","21,11","275,758",RPPS,12/08/2026,12/08/2026,Não,0,Não,RPPS | TODOS,https://www.caixa.gov.br/fundos-investimento/fundos-de-acoes/fi-acoes-brasil-ibovespa/Paginas/default.aspx,13.058.816/0001-18,5445,Arrojado,0.5,0.01,0.01,0.01,0.01,D+1 (du),D+1 (du),D+03 (du),IBOV,RV - Ações,Aberto para captação,AÇÕES,GERAL,17:00,17h00,Sim · Automatico · 100%,AUTOMATICO,100.0,"[""GOV"", ""RPPS""]","[""GOV"", ""RPPS""]",Não,Não,,Não,CAIXA BRASIL INDEXA IBOVESPA FUNDO DE INVESTIMENTO FINANCEIRO EM AÇÕES - RESPONSABILIDADE LIMITADA,,https://www.caixa.gov.br/downloads/aplicacao-financeira-laminas/LA_5445.pdf,http://www.caixa.gov.br/downloads/aplicacao-financeira-regulamentos/RG_5445.pdf,https://www.caixa.gov.br/Downloads/aplicacao-financeira-inf-com/FIC_5445.pdf,https://www.caixa.gov.br/Downloads/aplicacao-financeira-comunicado-aos-cotistas/FR_5445.pdf,https://www.caixa.gov.br/Downloads/aplicacao-financeira-carta-mensal/CM_5445.pdf,https://www.caixa.gov.br/Downloads/aplicacao-financeira-laminas-comerciais/LAC_5445.pdf,https://www.caixa.gov.br/Downloads/aplicacao-financeira-termos-adesao/TA_5445.pdf,,
ACOES,CAIXA FIF AÇÕES BRASIL ETF IBOVESPA RESP LTDA,CAIXA FIF ACOES BRASIL ETF IBOVESPA RESP LTDA,27/11/2012,"3,45957700","-0,176","-5,61","3,76","20,81","7,211",RPPS,12/08/2026,12/08/2026,Não,0,Não,RPPS | TODOS,https://www.caixa.gov.br/fundos-investimento/fundos-de-acoes/fi-acoes-brasil-etf-bovespa,15.154.236/0001-50,5842,Arrojado,0.5,0.01,0.01,0.01,0.01,D+1 (du),D+1 (du),D+03 (du),IBOV,RV - Ações,Fechado para captação,AÇÕES,GERAL,17:00,17h00,Sim · Automatico · 100%,AUTOMATICO,100.0,"[""GOV"", ""RPPS""]","[""GOV"", ""RPPS""]",Não,Não,,Não,CAIXA BRASIL ETF IBOVESPA FUNDO DE INVESTIMENTO FINANCEIRO EM AÇÕES - RESPONSABILIDADE LIMITADA,"Fundo fechado para novas aplicações, a novos investidores e cotistas atuais a partir de 03/04/2023 (inclusive)",https://www.caixa.gov.br/downloads/aplicacao-financeira-laminas/LA_5842.pdf,http://www.caixa.gov.br/downloads/aplicacao-financeira-regulamentos/RG_5842.pdf,http://www.caixa.gov.br/Downloads/aplicacao-financeira-inf-com/FIC_5842.pdf,http://www.caixa.gov.br/Downloads/aplicacao-financeira-comunicado-aos-cotistas/FR_5842.pdf,https://www.caixa.gov.br/Downloads/aplicacao-financeira-carta-mensal/CM_5842.pdf,https://www.caixa.gov.br/Downloads/aplicacao-financeira-laminas-comerciais/LAC_5842.pdf,http://www.caixa.gov.br/Downloads/aplicacao-financeira-termos-adesao/TA_5842.pdf,,
ACOES,CAIXA FIF AÇÕES INSTITUCIONAL BDR NIVEL I RESP LTDA,CAIXA FIF ACOES INSTITUCIONAL BDR NIVEL I RESP LTDA,24/06/2013,"11,86346200","0,584","6,03","7,20","19,14","2.390,465",RPPS,12/08/2026,12/08/2026,Não,0,Não,RPPS | TODOS,https://www.caixa.gov.br/fundos-investimento/fundos-de-acoes/FIA-Institucional-BDR-nivel-I/Paginas/default.aspx,17.502.937/0001-68,5929,Arrojado,0.7,0.01,0.01,0.01,0.01,D+1 (du),D+1 (du),D+03 (du),BDRX11,RV - Ações,Aberto para captação,AÇÕES,GERAL,17:00,17h00,NÃO SE APLICA,NÃO SE APLICA,,"[""GOV""]","[""GOV""]",Não,Não,,Não,CAIXA INSTITUCIONAL BDR NÍVEL I FUNDO DE INVESTIMENTO FINANCEIRO EM AÇÕES - RESPONSABILIDADE LIMITADA,"Este Fundo está adaptado às normas vigentes para RPPS (Regimes Próprios de Previdência Social). As movimentações devem ser solicitadas por meio do Boleta Fundos: https://caixa.sharepoint.com/sites/5419/SitePages/Boleta-Fundos.aspx. Para orientações, verficar o FI657.",https://www.caixa.gov.br/downloads/aplicacao-financeira-laminas/LA_5929.pdf,https://www.caixa.gov.br/downloads/aplicacao-financeira-regulamentos/RG_5929.pdf,https://www.caixa.gov.br/Downloads/aplicacao-financeira-inf-com/FIC_5929.pdf,https://www.caixa.gov.br/Downloads/aplicacao-financeira-comunicado-aos-cotistas/COM_5929.pdf,https://www.caixa.gov.br/Downloads/aplicacao-financeira-carta-mensal/CM_5929.pdf,https://www.caixa.gov.br/Downloads/aplicacao-financeira-laminas-comerciais/LAC_5929.pdf,https://www.caixa.gov.br/Downloads/aplicacao-financeira-termos-adesao/TA_5929.pdf,,https://web.microsoftstream.com/video/d81cd129-394e-4fda-99cf-dd88633d940f?channelId=772517ff-88ae-4298-88f2-3ed5a5893c3e
ACOES,CAIXA FIF ACOES BRASIL IBX-50 RESP LTDA,CAIXA FIF ACOES BRASIL IBX-50 RESP LTDA,18/02/2008,"1,92792400","-0,153","-5,48","1,71","17,16","188,389",RPPS,12/08/2026,12/08/2026,Não,0,Não,RPPS | TODOS,https://www.caixa.gov.br/fundos-investimento/fundos-de-acoes/fi-acoes-brasil-ibx-50,03.737.217/0001-77,5396,Arrojado,0.7,0.01,0.01,0.01,0.01,D+1 (du),D+1 (du),D+03 (du),IBX50,RV - Ações,Aberto para captação,AÇÕES,GERAL,17:00,17h00,Sim · Automatico · 100%,AUTOMATICO,100.0,"[""GOV"", ""RPPS""]","[""GOV"", ""RPPS""]",Não,Não,,Não,CAIXA BRASIL IBX-50 FUNDO DE INVESTIMENTO FINANCEIRO EM AÇÕES - RESPONSABILIDADE LIMITADA,,https://www.caixa.gov.br/downloads/aplicacao-financeira-laminas/LA_5396.pdf,http://www.caixa.gov.br/downloads/aplicacao-financeira-regulamentos/RG_5396.pdf,https://www.caixa.gov.br/Downloads/aplicacao-financeira-inf-com/FIC_5396.pdf,https://www.caixa.gov.br/Downloads/aplicacao-financeira-comunicado-aos-cotistas/FR_5396.pdf,https://www.caixa.gov.br/Downloads/aplicacao-financeira-carta-mensal/CM_5396.pdf,https://www.caixa.gov.br/Downloads/aplicacao-financeira-laminas-comerciais/LAC_5396.pdf,https://www.caixa.gov.br/Downloads/aplicacao-financeira-termos-adesao/TA_5396.pdf,,
ACOES,CAIXA ATENA FIC FIF AÇÕES BRASIL LIVRE QUANT RESP LTDA,CAIXA ATENA FIC FIF ACOES BRASIL LIVRE QUANT RESP LTDA,31/07/2019,"1,81226500","0,151","-7,23","-12,58","3,05","671,982",RPPS,12/08/2026,12/08/2026,Não,0,Não,RPPS,http://www.caixa.gov.br/fundos-investimento/fundos-de-acoes/FIC-FIA-Brasil-Acoes-Livres/Paginas/default.aspx,30.068.169/0001-44,6425,Arrojado,2.0,0.01,0.01,0.01,0.01,D+1 (du),D+13 (du),D+15 (du),NÃO SE APLICA,RV - Ações,Fechado para captação,AÇÕES,GERAL,17:00,17h00,Sim · Automatico · 100%,AUTOMATICO,100.0,"[""GOV"", ""RPPS""]","[""GOV"", ""RPPS""]",Não,Não,,Não,CAIXA ATENA BRASIL AÇÕES LIVRE QUANT FUNDO DE INVESTIMENTO EM COTAS DE CLASSE DE FUNDO DE INVESTIMENTO FINANCEIRO EM AÇÕES - RESPONSABILIDADE LIMITADA,Fundo fechado para novas aplicações a partir de 05/02/2026 inclusive,https://www.caixa.gov.br/downloads/aplicacao-financeira-laminas/LA_6425.pdf,https://www.caixa.gov.br/downloads/aplicacao-financeira-regulamentos/RG_6425.pdf,https://www.caixa.gov.br/Downloads/aplicacao-financeira-inf-com/FIC_6425.pdf,https://www.caixa.gov.br/Downloads/aplicacao-financeira-comunicado-aos-cotistas/FR_6425.pdf,https://www.caixa.gov.br/Downloads/aplicacao-financeira-carta-mensal/CM_6425.pdf,https://www.caixa.gov.br/Downloads/aplicacao-financeira-laminas-comerciais/LAC_6425.pdf,https://www.caixa.gov.br/Downloads/aplicacao-financeira-termos-adesao/TA_6425.pdf,,
ACOES,CAIXA FIC ACOES EXPERT VINCI VALOR DIVIDENDOS RPPS RESP LTDA,CAIXA FIC ACOES EXPERT VINCI VALOR DIVIDENDOS RPPS RESP LTDA,23/08/2012,"3,32009400","-0,293","-5,79","2,05","14,82","1.258,456",RPPS,12/08/2026,12/08/2026,Não,0,Não,RPPS | TODOS,https://www.caixa.gov.br/fundos-investimento/rpps/caixa-fic-acoes-vinci-valor-dividendos-rpps,15.154.441/0001-15,6160,Arrojado,,10000.0,100.0,100.0,1000.0,D+1 (du),D+30 (du),D+32 (du),IBOV,RV - Ações,Aberto para captação,AÇÕES,GERAL,13:00,13h00,Não se aplica,NÃO SE APLICA,,"[""RPPS""]","[""RPPS""]",Não,Não,,Não,CAIXA EXPERT VINCI VALOR DIVIDENDOS RPPS FUNDO DE INVESTIMENTO EM COTAS DE CLASSE DE FUNDO DE INVESTIMENTO FINANCEIRO EM AÇÕES - RESP LIMITADA,"As movimentações devem ser solicitadas por meio do Boleta Fundos: https://caixa.sharepoint.com/sites/5419/SitePages/Boleta-Fundos.aspx. Para orientações, verificar o FI657.",https://www.caixa.gov.br/downloads/aplicacao-financeira-laminas/LA_6160.pdf,https://www.caixa.gov.br/downloads/aplicacao-financeira-regulamentos/RG_6160.pdf,https://www.caixa.gov.br/Downloads/aplicacao-financeira-inf-com/FIC_6160.pdf,https://www.caixa.gov.br/Downloads/aplicacao-financeira-comunicado-aos-cotistas/FR_6160.pdf,https://www.caixa.gov.br/Downloads/aplicacao-financeira-carta-mensal/CM_6160.pdf,https://www.caixa.gov.br/Downloads/aplicacao-financeira-laminas-comerciais/LAC_6160.pdf,https://www.caixa.gov.br/Downloads/aplicacao-financeira-termos-adesao/TA_6160.pdf,,
ACOES,CAIXA FIC ACOES EXPERT VINCI VALOR RPPS RESP LTDA,CAIXA FIC ACOES EXPERT VINCI VALOR RPPS RESP LTDA,12/12/2011,"2,37173100","-0,376","-5,99","0,34","14,61","725,015",RPPS,12/08/2026,12/08/2026,Não,0,Não,RPPS | TODOS,https://www.caixa.gov.br/fundos-investimento/rpps/caixa-fic-acoes-vinci-valor-rpps,14.507.699/0001-95,5563,Arrojado,,10000.0,100.0,100.0,1000.0,D+1 (du),D+21 (du),D+23 (du),IBOV,RV - Ações,Aberto para captação,AÇÕES,GERAL,13:00,13h00,Não se aplica,NÃO SE APLICA,,"[""RPPS""]","[""RPPS""]",Não,Não,,Não,CAIXA EXPERT VINCI VALOR RPPS FUNDO DE INVESTIMENTO EM COTAS DE CLASSE DE FUNDO DE INVESTIMENTO FINANCEIRO EM AÇÕES - RESPONSABILIDADE LIMITADA,"As movimentações devem ser solicitadas por meio do Boleta Fundos: https://caixa.sharepoint.com/sites/5419/SitePages/Boleta-Fundos.aspx. Para orientações, verificar o FI657.",https://www.caixa.gov.br/downloads/aplicacao-financeira-laminas/LA_5563.pdf,https://www.caixa.gov.br/downloads/aplicacao-financeira-regulamentos/RG_5563.pdf,https://www.caixa.gov.br/Downloads/aplicacao-financeira-inf-com/FIC_5563.pdf,https://www.caixa.gov.br/Downloads/aplicacao-financeira-comunicado-aos-cotistas/COM_5563.pdf,https://www.caixa.gov.br/Downloads/aplicacao-financeira-carta-mensal/CM_5563.pdf,https://www.caixa.gov.br/Downloads/aplicacao-financeira-laminas-comerciais/LAC_5563.pdf,https://www.caixa.gov.br/Downloads/aplicacao-financeira-termos-adesao/TA_5563.pdf,,
RENDA FIXA,CAIXA FIC FIF RELACIONAMENTO PERSONAL RF LP RESP LTDA,CAIXA FIC FIF RELACIONAMENTO PERSONAL RF LP RESP LTDA,16/04/2012,"3,56825800","0,056","0,42","8,34","14,21","122,435",TODOS,12/08/2026,12/08/2026,Não,0,Não,TODOS,https://www.caixa.gov.br/fundos-investimento/renda-fixa/fic-relacionamento-personal-rf-longo-prazo,10.577.509/0001-55,5565,Moderado,0.7,0.01,0.01,0.01,0.01,D+0 (du),D+0 (du),D+00 (du),CDI,RF até 49% Crédito Privado,Aberto para captação,LONGO PRAZO,GERAL,17:00,17h00,Sim · Automatico · 90%,AUTOMATICO,90.0,"[""Pessoa Física"", ""Private""]","[""Pessoa Física"", ""Private""]",Não,Não,,Não,CAIXA RELACIONAMENTO PERSONAL FUNDO DE INVESTIMENTO EM COTAS DE CLASSE DE FUNDO DE INVESTIMENTO FINANCEIRO RENDA FIXA LONGO PRAZO - RESP LIMITADA,"Destinado à Pessoas Físicas que possuam conta-salário na CAIXA, inclusive empregados da CAIXA. Este Fundo não está adaptado às normas vigentes para RPPS (Regimes Próprios de Previdência Social).

Fundo disponível para aplicação somente via conta corrente marcada como conta-salário (CS), ou conta-salário empregado CAIXA. 

Caso ocorra desmarcação da conta, o cotista não poderá realizar novas aplicações no fundo, no entanto as condições do produto permanecem válidas enquanto houver recursos aplicados. 

As regras para marcação e desmarcação da conta estão no CO020.",https://www.caixa.gov.br/downloads/aplicacao-financeira-laminas/LA_5565.pdf,https://www.caixa.gov.br/downloads/aplicacao-financeira-regulamentos/RG_5565.pdf,https://www.caixa.gov.br/Downloads/aplicacao-financeira-inf-com/FIC_5565.pdf,https://www.caixa.gov.br/Downloads/aplicacao-financeira-comunicado-aos-cotistas/FR_5565.pdf,https://www.caixa.gov.br/Downloads/aplicacao-financeira-carta-mensal/CM_5565.pdf,https://www.caixa.gov.br/Downloads/aplicacao-financeira-laminas-comerciais/LAC_5565.pdf,https://www.caixa.gov.br/Downloads/aplicacao-financeira-termos-adesao/TA_5565.pdf,,
RENDA FIXA,CAIXA FIC FIF CLÁSSICO RF LP RESP LTDA,CAIXA FIC FIF CLASSICO RF LP RESP LTDA,24/04/1996,"15,27807400","0,053","0,39","7,82","13,29","27,925",TODOS,12/08/2026,12/08/2026,Não,0,Não,TODOS,https://www.caixa.gov.br/fundos-investimento/renda-fixa/fic-classico-rf-longo-prazo,01.165.796/0001-03,85,Moderado,1.4,100.0,50.0,50.0,100.0,D+0 (du),D+0 (du),D+00 (du),CDI,RF até 49% Crédito Privado,Fechado para captação,LONGO PRAZO,GERAL,17:00,17h00,Sim · Automatico · 90%,AUTOMATICO,90.0,"[""Pessoa Física""]","[""Pessoa Física""]",Não,Não,,Não,CAIXA CLÁSSICO FUNDO DE INVESTIMENTO EM COTAS DE CLASSE DE FUNDO DE INVESTIMENTO FINANCEIRO RENDA FIXA LONGO PRAZO - RESPONSABILIDADE LIMITADA,Este Fundo não está adaptado às normas vigentes para RPPS (Regimes Próprios de Previdência Social). Fundo fechado para novas aplicações a partir de 29/07/2020.,https://www.caixa.gov.br/downloads/aplicacao-financeira-laminas/LA_0085.pdf,https://www.caixa.gov.br/downloads/aplicacao-financeira-regulamentos/RG_0085.pdf,https://www.caixa.gov.br/Downloads/aplicacao-financeira-inf-com/FIC_0085.pdf,https://www.caixa.gov.br/Downloads/aplicacao-financeira-comunicado-aos-cotistas/FR_0085.pdf,https://www.caixa.gov.br/Downloads/aplicacao-financeira-carta-mensal/CM_85.pdf,https://www.caixa.gov.br/Downloads/aplicacao-financeira-laminas-comerciais/LAC_85.pdf,https://www.caixa.gov.br/Downloads/aplicacao-financeira-termos-adesao/TA_0085.pdf,,
RENDA FIXA,CAIXA FIC RELACIONAMENTO IDEAL RF LP,CAIXA FIC RELACIONAMENTO IDEAL RF LP,16/04/2012,"3,37927900","0,054","0,40","8,05","13,69","13,006",TODOS,12/08/2026,12/08/2026,Não,0,Não,TODOS,https://www.caixa.gov.br/fundos-investimento/renda-fixa/fic-relacionamento-ideal-rf-longo-prazo,10.577.505/0001-77,5566,Moderado,1.0,1000.0,100.0,100.0,100.0,D+0 (du),D+0 (du),D+00 (du),CDI,RF até 49% Crédito Privado,Fechado para captação,LONGO PRAZO,GERAL,17:00,17h00,Sim · Automatico · 90%,AUTOMATICO,90.0,"[""Pessoa Física""]","[""Pessoa Física""]",Não,Não,,Não,CAIXA RELACIONAMENTO IDEAL FUNDO DE INVESTIMENTO EM COTAS DE CLASSE DE FUNDO DE INVESTIMENTO FINANCEIRO RENDA FIXA LONGO PRAZO - RESP LIMITADA,"Fundo fechaco para novas aplicações a partir de 28/02/2023.

Este Fundo não está adaptado às normas vigentes para RPPS (Regimes Próprios de Previdência Social).

Destinado à Pessoas Físicas que possuam conta-salário na CAIXA, inclusive empregados da CAIXA. Este Fundo não está adaptado às normas vigentes para RPPS (Regimes Próprios de Previdência Social).

Fundo disponível para aplicação somente via conta corrente marcada como conta-salário (CS), ou conta-salário empregado CAIXA. 

Caso ocorra desmarcação da conta, o cotista não poderá realizar novas aplicações no fundo, no entanto as condições do produto permanecem válidas enquanto houver recursos aplicados. 

As regras para marcação e desmarcação da conta estão no CO020.",https://www.caixa.gov.br/downloads/aplicacao-financeira-laminas/LA_5566.pdf,https://www.caixa.gov.br/downloads/aplicacao-financeira-regulamentos/RG_5566.pdf,https://www.caixa.gov.br/Downloads/aplicacao-financeira-inf-com/FIC_5566.pdf,https://www.caixa.gov.br/Downloads/aplicacao-financeira-comunicado-aos-cotistas/FR_5566.pdf,https://www.caixa.gov.br/Downloads/aplicacao-financeira-carta-mensal/CM_5566.pdf,https://www.caixa.gov.br/Downloads/aplicacao-financeira-laminas-comerciais/LAC_5566.pdf,https://www.caixa.gov.br/Downloads/aplicacao-financeira-termos-adesao/TA_5566.pdf,,
RENDA FIXA,CAIXA FIC FIF SELEÇÃO RF RESP LTDA,CAIXA FIC FIF SELECAO RF RESP LTDA,01/10/2003,"29,88086400","0,046","0,37","7,74","28,80","21,393",TODOS,12/08/2026,12/08/2026,Não,0,Não,TODOS,https://www.caixa.gov.br/fundos-investimento/renda-fixa/fic-selecao-rf-longo-prazo,03.737.207/0001-31,5401,Conservador,1.1,30000.0,100.0,100.0,15000.0,D+0 (du),D+0 (du),D+00 (du),CDI,RF até 49% Crédito Privado,Fechado para captação,CURTO PRAZO,GERAL,,17h00,Sim · Automatico · 95%,AUTOMATICO,95.0,,,Não,Não,,Não,CAIXA SELEÇÃO FUNDO DE INVESTIMENTO EM COTAS DE CLASSE DE FUNDO DE INVESTIMENTO FINANCEIRO RENDA FIXA - RESPONSABILIDADE LIMITADA,"Este Fundo não está adaptado às normas vigentes para RPPS (Regimes Próprios de Previdência Social).O Fundo está fechado para novas adesões e aplicações adicionais, por tempo indeterminado.",https://www.caixa.gov.br/downloads/aplicacao-financeira-laminas/LA_5401.pdf,https://www.caixa.gov.br/downloads/aplicacao-financeira-regulamentos/RG_5401.pdf,https://www.caixa.gov.br/Downloads/aplicacao-financeira-inf-com/FIC_5401.pdf,https://www.caixa.gov.br/Downloads/aplicacao-financeira-comunicado-aos-cotistas/FR_5401.pdf,https://www.caixa.gov.br/Downloads/aplicacao-financeira-carta-mensal/CM_5401.pdf,https://www.caixa.gov.br/Downloads/aplicacao-financeira-laminas-comerciais/LAC_5401.pdf,https://www.caixa.gov.br/Downloads/aplicacao-financeira-termos-adesao/TA_5401.pdf,,
RENDA FIXA,CAIXA FIC FIF SUPREMO RF LP RESP LTDA,CAIXA FIC FIF SUPREMO RF LP RESP LTDA,04/07/2006,"6,33343600","0,055","0,41","8,28","14,10","122,308",TODOS,12/08/2026,12/08/2026,Não,0,Não,TODOS,https://www.caixa.gov.br/fundos-investimento/renda-fixa/fic-supremo-rf-longo-prazo,07.986.178/0001-00,5406,Moderado,0.8,70000.0,100.0,100.0,35000.0,D+0 (du),D+0 (du),D+00 (du),CDI,RF até 49% Crédito Privado,Fechado para captação,LONGO PRAZO,GERAL,17:00,17h00,Sim · Automatico · 90%,AUTOMATICO,90.0,"[""GOV"", ""Pessoa Física"", ""Private""]","[""GOV"", ""Pessoa Física"", ""Private""]",Não,Não,,Não,CAIXA SUPREMO FUNDO DE INVESTIMENTO EM COTAS DE CLASSE DE FUNDO DE INVESTIMENTO FINANCEIRO RENDA FIXA LONGO PRAZO - RESPONSABILIDADE LIMITADA,"FUNDO FECHADO PARA APLICAÇÕES A PARTIR DE 08/04/2024, INCLUSIVE

Este Fundo não está adaptado às normas vigentes para RPPS (Regimes Próprios de Previdência Social).",https://www.caixa.gov.br/downloads/aplicacao-financeira-laminas/LA_5406.pdf,https://www.caixa.gov.br/downloads/aplicacao-financeira-regulamentos/RG_5406.pdf,https://www.caixa.gov.br/Downloads/aplicacao-financeira-inf-com/FIC_5406.pdf,https://www.caixa.gov.br/Downloads/aplicacao-financeira-comunicado-aos-cotistas/FR_5406.pdf,https://www.caixa.gov.br/Downloads/aplicacao-financeira-carta-mensal/CM_5406.pdf,https://www.caixa.gov.br/Downloads/aplicacao-financeira-laminas-comerciais/LAC_5406.pdf,https://www.caixa.gov.br/Downloads/aplicacao-financeira-termos-adesao/TA_5406.pdf,,
RENDA FIXA,CAIXA FIF EXTRAMERCADO COMUM IRFM-1 RF RESP LTDA,CAIXA FIF EXTRAMERCADO COMUM IRFM-1 RF RESP LTDA,13/02/2012,"3,84619200","0,066","0,42","8,32","14,28","5.133,199",TODOS,12/08/2026,12/08/2026,Não,0,Não,TODOS,https://www.caixa.gov.br/fundos-investimento/renda-fixa/fi-extramercado-comum-irfm-1-rf/Paginas/default.aspx,14.507.897/0001-59,5487,Conservador,0.1,0.01,0.01,0.01,0.01,D+0 (du),D+0 (du),D+00 (du),CDI,RF 100% TPF,Aberto para captação,CURTO PRAZO,PROFISSIONAL,16:00,16h00,Sim · Automatico · 95%,AUTOMATICO,95.0,,,Não,Não,,Não,CAIXA EXTRAMERCADO COMUM IRFM-1 FUNDO DE INVESTIMENTO FINANCEIRO RENDA FIXA - RESPONSABILIDADE LIMITADA,Condições excepcionais de estorno e movimentação retroativa estão descritas no TE099.,https://www.caixa.gov.br/downloads/aplicacao-financeira-laminas/LA_5487.pdf,https://www.caixa.gov.br/downloads/aplicacao-financeira-regulamentos/RG_5487.pdf,https://www.caixa.gov.br/Downloads/aplicacao-financeira-inf-com/FIC_5487.pdf,https://www.caixa.gov.br/Downloads/aplicacao-financeira-comunicado-aos-cotistas/COM_5487.pdf,https://www.caixa.gov.br/Downloads/aplicacao-financeira-carta-mensal/CM_5487.pdf,https://www.caixa.gov.br/Downloads/aplicacao-financeira-laminas-comerciais/LAC_5487.pdf,https://www.caixa.gov.br/Downloads/aplicacao-financeira-termos-adesao/TA_5487.pdf,,
RENDA FIXA REFERENCIADO,CAIXA FIC FIF BETA RF REF DI LP RESP LTDA,CAIXA FIC FIF BETA RF REF DI LP RESP LTDA,02/10/1995,"30,98257900","0,046","0,37","7,67","13,06","167,024",TODOS,12/08/2026,12/08/2026,Não,0,Não,TODOS,https://www.caixa.gov.br/fundos-investimento/referenciados/fic-beta-ref-di-lp,00.834.072/0001-34,56,Conservador,1.5,0.01,0.01,0.01,0.01,D+0 (du),D+0 (du),D+00 (du),CDI,RF REF DI 100% TPF,Aberto para captação,LONGO PRAZO,GERAL,17:00,17h00,Sim · Automatico · 95%,AUTOMATICO,95.0,"[""Pessoa Física"", ""Private""]","[""Pessoa Física"", ""Private""]",Não,Não,,Não,CAIXA BETA FUNDO DE INVESTIMENTO EM COTAS DE CLASSE DE FUNDO DE INVESTIMENTO FINANCEIRO RENDA FIXA REFERENCIADO DI LONGO PRAZO - RESP LIMITADA,"Este Fundo não está adaptado às normas vigentes para RPPS (Regimes Próprios de Previdência Social). Fundo aberto para novas aplicações a partir de 30/06/2021, para maiores informações consulte o Fato Relevante.",https://www.caixa.gov.br/downloads/aplicacao-financeira-laminas/LA_0056.pdf,https://www.caixa.gov.br/downloads/aplicacao-financeira-regulamentos/RG_0056.pdf,https://www.caixa.gov.br/Downloads/aplicacao-financeira-inf-com/FIC_0056.pdf,https://www.caixa.gov.br/Downloads/aplicacao-financeira-comunicado-aos-cotistas/FR_0056.pdf,https://www.caixa.gov.br/Downloads/aplicacao-financeira-carta-mensal/CM_56.pdf,https://www.caixa.gov.br/Downloads/aplicacao-financeira-laminas-comerciais/LAC_56.pdf,https://www.caixa.gov.br/Downloads/aplicacao-financeira-termos-adesao/TA_0056.pdf,,https://web.microsoftstream.com/video/f0b7478a-7800-4df0-8a43-0113c5248eec?channelId=772517ff-88ae-4298-88f2-3ed5a5893c3e
RENDA FIXA REFERENCIADO,CAIXA FIC FIF GIRO IMEDIATO RF REF DI LP RESP LTDA,CAIXA FIC FIF GIRO IMEDIATO RF REF DI LP RESP LTDA,03/06/2013,"2,86832400","0,045","0,36","7,57","12,89","6.109,081",TODOS,12/08/2026,12/08/2026,Não,0,Não,TODOS,https://www.caixa.gov.br/fundos-investimento/referenciados/fic-giro-imediato-ref-di-longo-prazo,17.502.869/0001-37,5930,Conservador,1.5,1000.0,100.0,0.01,0.02,D+0 (du),D+0 (du),D+00 (du),CDI,RF DI até 49% Crédito Privado,Aberto para captação,LONGO PRAZO,GERAL,18:00,18h00,Não se aplica,NÃO SE APLICA,,"[""Pessoa Física"", ""Private""]","[""Pessoa Física"", ""Private""]",Sim,Não,,Não,CAIXA GIRO IMEDIATO FUNDO DE INVESTIMENTO EM COTAS DE CLASSE DE FUNDO DE INVESTIMENTO FINANCEIRO RENDA FIXA REFERENCIADO DI LP - RESP LIMITADA,"Este Fundo não está adaptado às normas vigentes para RPPS (Regimes Próprios de Previdência Social).

Movimentações: O FUNDO oferece mecanismo resgate automático.

Para ativar a funcionalidade de Resgate Automático, acessar o SIART -> Movimentação Automática -> Marcar

As regras da funcionalidade de Movimentação Automática estão descritas no MN TE099.

**Esse fundo não possui adiantamento de resgate, os resgates efetuados ficarão disponíveis no processamento noturno.",https://www.caixa.gov.br/downloads/aplicacao-financeira-laminas/LA_5930.pdf,https://www.caixa.gov.br/downloads/aplicacao-financeira-regulamentos/RG_5930.pdf,https://www.caixa.gov.br/Downloads/aplicacao-financeira-inf-com/FIC_5930.pdf,https://www.caixa.gov.br/Downloads/aplicacao-financeira-comunicado-aos-cotistas/COM_5930.pdf,https://www.caixa.gov.br/Downloads/aplicacao-financeira-carta-mensal/CM_5930.pdf,https://www.caixa.gov.br/Downloads/aplicacao-financeira-laminas-comerciais/LAC_5930.pdf,https://www.caixa.gov.br/Downloads/aplicacao-financeira-termos-adesao/TA_5930.pdf,,
RENDA FIXA REFERENCIADO,CAIXA FIC FIF PREFERENCIAL REF DI LP RESP LTDA,CAIXA FIC FIF PREFERENCIAL REF DI LP RESP LTDA,01/10/2003,"9,91518900","0,055","0,41","8,40","14,31","826,719",TODOS,12/08/2026,12/08/2026,Não,0,Não,TODOS,https://www.caixa.gov.br/fundos-investimento/referenciados/fic-preferencial-ref-di-longo-prazo,03.737.211/0001-08,5402,Conservador,0.6,30000.0,100.0,100.0,15000.0,D+0 (du),D+0 (du),D+00 (du),CDI,RF DI até 49% Crédito Privado,Fechado para captação,LONGO PRAZO,GERAL,17:00,17h00,Sim · Automatico · 95%,AUTOMATICO,95.0,"[""GOV"", ""Pessoa Física"", ""Private""]","[""GOV"", ""Pessoa Física"", ""Private""]",Não,Não,,Não,CAIXA PREFERENCIAL FUNDO DE INVESTIMENTO EM COTAS DE CLASSE DE FUNDO DE INVESTIMENTO FINANCEIRO RENDA FIXA REFERENCIADO DI LONGO PRAZO - RESP LIMITADA,"FUNDO FECHADO PARA APLICAÇÃO A PARTIR DE 08/04/2024, INCLUSIVE.

Este Fundo não está adaptado às normas vigentes para RPPS (Regimes Próprios de Previdência Social).",https://www.caixa.gov.br/downloads/aplicacao-financeira-laminas/LA_5402.pdf,https://www.caixa.gov.br/downloads/aplicacao-financeira-regulamentos/RG_5402.pdf,https://www.caixa.gov.br/Downloads/aplicacao-financeira-inf-com/FIC_5402.pdf,https://www.caixa.gov.br/Downloads/aplicacao-financeira-comunicado-aos-cotistas/FR_5402.pdf,https://www.caixa.gov.br/Downloads/aplicacao-financeira-carta-mensal/CM_5402.pdf,https://www.caixa.gov.br/Downloads/aplicacao-financeira-laminas-comerciais/LAC_5402.pdf,https://www.caixa.gov.br/Downloads/aplicacao-financeira-termos-adesao/TA_5402.pdf,,https://web.microsoftstream.com/video/ee622bf6-774a-41bd-afd8-1775b6b730b9?channelId=772517ff-88ae-4298-88f2-3ed5a5893c3e
MULTIMERCADO,CAIXA CAPITAL PROTEGIDO IBOVESPA CÍCLICO I FIC FIF MM,CAIXA CAPITAL PROTEGIDO IBOVESPA CICLICO I FIC FIF MM,08/11/2011,-,-,-,-,-,-,TODOS,12/08/2026,12/08/2026,Não,0,Não,TODOS,https://www.caixa.gov.br/fundos-investimento/multimercado/fic-capital-protegido-ibovespa-ciclico-1-multimercado,14.239.659/0001-00,5475,Conservador,1.6,5000.0,500.0,500.0,4000.0,D+0 (du),D+1 (du),D+03 (du),CDI,Capital Protegido,Fechado para captação,LONGO PRAZO,GERAL,17:00,17h00,Sim · Automatico · 100%,AUTOMATICO,100.0,"[""GOV""]","[""GOV""]",Não,Sim,2027-10-01T00:00:00Z,Não,CAIXA CAPITAL PROTEGIDO IBOVESPA CÍCLICO I FUNDO DE INVESTIMENTO EM COTAS DE CLASSE DE FUNDO DE INVESTIMENTO FINANCEIRO MULTIMERCADO - RESPOSANBILIDAD,"Fundo com prazo de carência para aplicação e resgate, conforme Regulamento. Durante a carência, não é permitida a realização de aplicações ou resgates.

Nova operação estruturada com inicio em 02/SET/2025 e termino em 01/OUT/2027. 
 
Fundo Fechado a para aplicações a partir de 02/09/2025 (inclusive)",https://www.caixa.gov.br/downloads/aplicacao-financeira-laminas/LA_5475.pdf,http://www.caixa.gov.br/downloads/aplicacao-financeira-regulamentos/RG_5475.pdf,http://www.caixa.gov.br/Downloads/aplicacao-financeira-inf-com/FIC_5475.pdf,http://www.caixa.gov.br/Downloads/aplicacao-financeira-comunicado-aos-cotistas/FR_5475.pdf,https://www.caixa.gov.br/Downloads/aplicacao-financeira-carta-mensal/CM_5475.pdf,https://www.caixa.gov.br/Downloads/aplicacao-financeira-laminas-comerciais/LAC_5475.pdf,http://www.caixa.gov.br/Downloads/aplicacao-financeira-termos-adesao/TA_5475.pdf,,
FUNDO DE INDICE,CAIXA ETF IBOVESPA FUNDO DE ÍNDICE RESP LTDA,CAIXA ETF IBOVESPA FUNDO DE INDICE RESP LTDA,12/11/2012,"163,80320600","-0,182","-5,68","3,95","21,22","16,381",TODOS,12/08/2026,12/08/2026,Não,0,Não,TODOS,https://www.caixa.gov.br/fundos-investimento/fundos-de-indices/etf-ibovespa-fundo-de-indice/,15.154.236/0001-50,5842,Arrojado,0.5,0.01,0.01,0.01,0.01,D+1 (du),D+1 (du),D+03 (du),IBOV,RV - Ações,Fechado para captação,AÇÕES,GERAL,17:00,17h00,Sim · Automatico · 100%,AUTOMATICO,100.0,"[""GOV"", ""RPPS""]","[""GOV"", ""RPPS""]",Não,Não,,Não,CAIXA BRASIL ETF IBOVESPA FUNDO DE INVESTIMENTO FINANCEIRO EM AÇÕES - RESPONSABILIDADE LIMITADA,"Fundo fechado para novas aplicações, a novos investidores e cotistas atuais a partir de 03/04/2023 (inclusive)",https://www.caixa.gov.br/downloads/aplicacao-financeira-laminas/LA_5842.pdf,http://www.caixa.gov.br/downloads/aplicacao-financeira-regulamentos/RG_5842.pdf,http://www.caixa.gov.br/Downloads/aplicacao-financeira-inf-com/FIC_5842.pdf,http://www.caixa.gov.br/Downloads/aplicacao-financeira-comunicado-aos-cotistas/FR_5842.pdf,https://www.caixa.gov.br/Downloads/aplicacao-financeira-carta-mensal/CM_5842.pdf,https://www.caixa.gov.br/Downloads/aplicacao-financeira-laminas-comerciais/LAC_5842.pdf,http://www.caixa.gov.br/Downloads/aplicacao-financeira-termos-adesao/TA_5842.pdf,,
