Categoria,Fundo,Fundo_norm,Data Inicio,Cota (R$),Variacao Dia (%),Acum. Mes (%),Acum. Ano (%),Acum. 12M (%),PL (milhoes R$),Perfil,Perfis,URL,CNPJ,codfundo,Perfil de Risco,Taxa Adm (%),Aplicacao Minima (R$),Conversao Resgate,Pagamento Resgate,doc_lamina,doc_regulamento,doc_inf_comp,doc_comunicado,doc_carta,doc_boletim
RENDA FIXA SIMPLES,CAIXA FIF E-SIMPLES RENDA FIXA LP RESP LTDA,CAIXA FIF E-SIMPLES RENDA FIXA LP RESP LTDA,15/10/2015,"2,25814600","0,046","0,14","5,08","12,85","408,094",PF,PF | PJ | TODOS,https://www.caixa.gov.br/fundos-investimento/renda-fixa/fi-renda-fixa-simples-lp/,,,,,,,,,,,,,
RENDA FIXA SIMPLES,CAIXA FIC FIF FÁCIL RF SIMPLES RESP LTDA,CAIXA FIC FIF FACIL RF SIMPLES RESP LTDA,24/02/2003,"5,48825000","0,045","0,13","4,99","12,61","6.647,958",PF,PF | PJ | TODOS,https://www.caixa.gov.br/fundos-investimento/fundo-simples/fic-facil-rf-simples,05.114.716/0001-33,88,Conservador,1.7,0.01,D+0 (du),D+00 (du),https://www.caixa.gov.br/downloads/aplicacao-financeira-laminas/LA_0088.pdf,https://www.caixa.gov.br/downloads/aplicacao-financeira-regulamentos/RG_0088.pdf,https://www.caixa.gov.br/Downloads/aplicacao-financeira-inf-com/FIC_0088.pdf,https://www.caixa.gov.br/Downloads/aplicacao-financeira-comunicado-aos-cotistas/COM_88.pdf,https://www.caixa.gov.br/Downloads/aplicacao-financeira-carta-mensal/CM_88.pdf,https://www.caixa.gov.br/Downloads/aplicacao-financeira-laminas-comerciais/LAC_88.pdf
RENDA FIXA SIMPLES,CAIXA FIC FIF MOVIMENTAÇÕES AUTOMÁTICAS RF SIMPLES RESP LTDA,CAIXA FIC FIF MOVIMENTACOES AUTOMATICAS RF SIMPLES RESP LTDA,13/07/2012,"2,77111000","0,045","0,13","4,98","12,60","914,911",PF,PF | PJ,https://www.caixa.gov.br/fundos-investimento/fundo-simples/fic-movimentacoes-automaticas-rf-simples/Paginas/default.aspx,14.508.652/0001-46,5823,Conservador,1.7,10.0,D+0 (du),D+00 (du),https://www.caixa.gov.br/downloads/aplicacao-financeira-laminas/LA_5823.pdf,https://www.caixa.gov.br/downloads/aplicacao-financeira-regulamentos/RG_5823.pdf,https://www.caixa.gov.br/Downloads/aplicacao-financeira-inf-com/FIC_5823.pdf,https://www.caixa.gov.br/Downloads/aplicacao-financeira-comunicado-aos-cotistas/COM_5823.pdf,https://www.caixa.gov.br/Downloads/aplicacao-financeira-carta-mensal/CM_5823.pdf,https://www.caixa.gov.br/Downloads/aplicacao-financeira-laminas-comerciais/LAC_5823.pdf
RENDA FIXA,CAIXA FIC FIF GERAÇÃO JOVEM CRED PRIV RF LP RESP LTDA,CAIXA FIC FIF GERACAO JOVEM CRED PRIV RF LP RESP LTDA,26/04/2012,"3,32503500","0,056","0,15","5,52","14,08","11,619",PF,PF | PJ | TODOS,https://www.caixa.gov.br/fundos-investimento/renda-fixa/fic-geracao-jovem-rf-credito-privado-longo-prazo,10.577.485/0001-34,5570,Moderado,1.0,0.01,D+0 (du),D+00 (du),https://www.caixa.gov.br/downloads/aplicacao-financeira-laminas/LA_5570.pdf,https://www.caixa.gov.br/downloads/aplicacao-financeira-regulamentos/RG_5570.pdf,https://www.caixa.gov.br/Downloads/aplicacao-financeira-inf-com/FIC_5570.pdf,https://www.caixa.gov.br/Downloads/aplicacao-financeira-comunicado-aos-cotistas/COM_5570.pdf,https://www.caixa.gov.br/Downloads/aplicacao-financeira-carta-mensal/CM_5570.pdf,https://www.caixa.gov.br/Downloads/aplicacao-financeira-laminas-comerciais/LAC_5570.pdf
RENDA FIXA,CAIXA FIC FIF RELACIONAMENTO PERSONAL RF LP RESP LTDA,CAIXA FIC FIF RELACIONAMENTO PERSONAL RF LP RESP LTDA,16/04/2012,"3,47879200","0,048","0,14","5,63","14,33","119,676",PF,PF | TODOS,https://www.caixa.gov.br/fundos-investimento/renda-fixa/fic-relacionamento-personal-rf-longo-prazo,10.577.509/0001-55,5565,Moderado,0.7,0.01,D+0 (du),D+00 (du),https://www.caixa.gov.br/downloads/aplicacao-financeira-laminas/LA_5565.pdf,https://www.caixa.gov.br/downloads/aplicacao-financeira-regulamentos/RG_5565.pdf,https://www.caixa.gov.br/Downloads/aplicacao-financeira-inf-com/FIC_5565.pdf,https://www.caixa.gov.br/Downloads/aplicacao-financeira-comunicado-aos-cotistas/FR_5565.pdf,https://www.caixa.gov.br/Downloads/aplicacao-financeira-carta-mensal/CM_5565.pdf,https://www.caixa.gov.br/Downloads/aplicacao-financeira-laminas-comerciais/LAC_5565.pdf
RENDA FIXA,CAIXA MASTER PLUS FIF RF CRED PRIV LP RESP LTDA,CAIXA MASTER PLUS FIF RF CRED PRIV LP RESP LTDA,21/01/2021,"1.831,40541700","0,056","0,16","5,68","14,63","96,725",PF,PF | PJ,https://www.caixa.gov.br/fundos-investimento/renda-fixa/caixa-fic-plus-rf-credito-privado-lp/Paginas/default.aspx,40.194.309/0001-84,6532,Moderado,0.7,0.01,D+14 (du),D+15 (du),https://www.caixa.gov.br/downloads/aplicacao-financeira-laminas/LA_6532.pdf,https://www.caixa.gov.br/downloads/aplicacao-financeira-regulamentos/RG_6532.pdf,https://www.caixa.gov.br/Downloads/aplicacao-financeira-inf-com/FIC_6532.pdf,https://www.caixa.gov.br/Downloads/aplicacao-financeira-comunicado-aos-cotistas/COM_6532.pdf,https://www.caixa.gov.br/Downloads/aplicacao-financeira-carta-mensal/CM_6532.pdf,https://www.caixa.gov.br/Downloads/aplicacao-financeira-laminas-comerciais/LAC_6532.pdf
RENDA FIXA,CAIXA FIC FIF IDEAL RF LP RESP LTDA,CAIXA FIC FIF IDEAL RF LP RESP LTDA,28/10/1992,"9,68389600","0,042","0,13","5,27","13,36","581,053",PF,PF | PJ | TODOS,https://www.caixa.gov.br/fundos-investimento/renda-fixa/fic-ideal-rf-longo-prazo,68.623.479/0001-56,59,Moderado,1.5,0.01,D+0 (du),D+00 (du),https://www.caixa.gov.br/downloads/aplicacao-financeira-laminas/LA_0059.pdf,https://www.caixa.gov.br/downloads/aplicacao-financeira-regulamentos/RG_0059.pdf,https://www.caixa.gov.br/Downloads/aplicacao-financeira-inf-com/FIC_0059.pdf,https://www.caixa.gov.br/Downloads/aplicacao-financeira-comunicado-aos-cotistas/FR_0059.pdf,https://www.caixa.gov.br/Downloads/aplicacao-financeira-carta-mensal/CM_59.pdf,https://www.caixa.gov.br/Downloads/aplicacao-financeira-laminas-comerciais/LAC_59.pdf
RENDA FIXA,CAIXA FIC FIF E-FUNDO RF LP RESP LTDA,CAIXA FIC FIF E-FUNDO RF LP RESP LTDA,05/10/2012,"3,34859400","0,045","0,14","5,61","14,25","61,840",PF,PF | PJ | TODOS,https://www.caixa.gov.br/fundos-investimento/e-fundos/renda-fixa-longo-prazo,15.154.422/0001-99,5834,Moderado,0.7,0.01,D+0 (du),D+00 (du),https://www.caixa.gov.br/downloads/aplicacao-financeira-laminas/LA_5834.pdf,https://www.caixa.gov.br/downloads/aplicacao-financeira-regulamentos/RG_5834.pdf,https://www.caixa.gov.br/Downloads/aplicacao-financeira-inf-com/FIC_5834.pdf,https://www.caixa.gov.br/Downloads/aplicacao-financeira-comunicado-aos-cotistas/FR_5834.pdf,https://www.caixa.gov.br/Downloads/aplicacao-financeira-carta-mensal/CM_5834.pdf,https://www.caixa.gov.br/Downloads/aplicacao-financeira-laminas-comerciais/LAC_5834.pdf
RENDA FIXA,CAIXA FIC FIF EXCLUSIVO FUNC RF CREDITO PRIVADO LP RESP LTDA,CAIXA FIC FIF EXCLUSIVO FUNC RF CREDITO PRIVADO LP RESP LTDA,20/10/2014,"2,98999900","0,053","0,15","5,80","14,82","1.661,853",PF,PF,,15.154.319/0001-49,5972,Moderado,0.4,0.01,D+0 (du),D+00 (du),https://www.caixa.gov.br/downloads/aplicacao-financeira-laminas/LA_5972.pdf,https://www.caixa.gov.br/downloads/aplicacao-financeira-regulamentos/RG_5972.pdf,https://www.caixa.gov.br/Downloads/aplicacao-financeira-inf-com/FIC_5972.pdf,https://www.caixa.gov.br/Downloads/aplicacao-financeira-comunicado-aos-cotistas/COM_5972.pdf,https://www.caixa.gov.br/Downloads/aplicacao-financeira-carta-mensal/CM_5972.pdf,https://www.caixa.gov.br/Downloads/aplicacao-financeira-laminas-comerciais/LAC_5972.pdf
RENDA FIXA,CAIXA FIC FIF ABSOLUTO PRE RF LP RESP LTDA,CAIXA FIC FIF ABSOLUTO PRE RF LP RESP LTDA,03/11/1997,"19,68707100","-0,667","-0,95","2,71","10,90","120,771",PF,PF | PJ | TODOS,https://www.caixa.gov.br/fundos-investimento/renda-fixa/fic-absoluto-pre-rf-longo-prazo,02.201.164/0001-02,86,Moderado,1.1,0.01,D+0 (du),D+00 (du),https://www.caixa.gov.br/downloads/aplicacao-financeira-laminas/LA_0086.pdf,https://www.caixa.gov.br/downloads/aplicacao-financeira-regulamentos/RG_0086.pdf,https://www.caixa.gov.br/Downloads/aplicacao-financeira-inf-com/FIC_0086.pdf,https://www.caixa.gov.br/Downloads/aplicacao-financeira-comunicado-aos-cotistas/COM_86.pdf,https://www.caixa.gov.br/Downloads/aplicacao-financeira-carta-mensal/CM_86.pdf,https://www.caixa.gov.br/Downloads/aplicacao-financeira-laminas-comerciais/LAC_86.pdf
RENDA FIXA,CAIXA FIC FIF CAPITAL IND PREÇOS RF LP RESP LTDA,CAIXA FIC FIF CAPITAL IND PRECOS RF LP RESP LTDA,03/01/2000,"13,42584800","-0,373","-0,51","4,40","9,57","27,893",PF,PF | PJ | TODOS,https://www.caixa.gov.br/fundos-investimento/renda-fixa/fic-capital-indice-de-precos-rf-longo-prazo,03.191.874/0001-61,46,Moderado,0.3,100000.0,D+3 (du),D+03 (du),https://www.caixa.gov.br/downloads/aplicacao-financeira-laminas/LA_0046.pdf,https://www.caixa.gov.br/downloads/aplicacao-financeira-regulamentos/RG_0046.pdf,https://www.caixa.gov.br/Downloads/aplicacao-financeira-inf-com/FIC_0046.pdf,https://www.caixa.gov.br/Downloads/aplicacao-financeira-comunicado-aos-cotistas/COM_46.pdf,https://www.caixa.gov.br/Downloads/aplicacao-financeira-carta-mensal/CM_46.pdf,https://www.caixa.gov.br/Downloads/aplicacao-financeira-laminas-comerciais/LAC_46.pdf
RENDA FIXA,CAIXA FIC FIF EMPREENDER RF LP RESP LTDA,CAIXA FIC FIF EMPREENDER RF LP RESP LTDA,26/05/1994,"46,05640300","0,042","0,13","5,26","13,33","40,437",PF,GOV | PF | PJ | TODOS,https://www.caixa.gov.br/fundos-investimento/renda-fixa/fic-empreender-rf-longo-prazo/,00.068.305/0001-35,54,Moderado,1.5,50.0,D+0 (du),D+00 (du),https://www.caixa.gov.br/downloads/aplicacao-financeira-laminas/LA_0054.pdf,https://www.caixa.gov.br/downloads/aplicacao-financeira-regulamentos/RG_0054.pdf,https://www.caixa.gov.br/Downloads/aplicacao-financeira-inf-com/FIC_0054.pdf,https://www.caixa.gov.br/Downloads/aplicacao-financeira-comunicado-aos-cotistas/FR_0054.pdf,https://www.caixa.gov.br/Downloads/aplicacao-financeira-carta-mensal/CM_54.pdf,https://www.caixa.gov.br/Downloads/aplicacao-financeira-laminas-comerciais/LAC_54.pdf
RENDA FIXA,CAIXA FIC FIF SOBERANO RF LP RESP LTDA,CAIXA FIC FIF SOBERANO RF LP RESP LTDA,11/03/1998,"20,17313400","0,047","0,14","5,17","13,02","64,449",PF,PF | PJ | TODOS,https://www.caixa.gov.br/fundos-investimento/renda-fixa/fic-soberano-rf-longo-prazo,02.323.746/0001-61,57,Conservador,1.5,50.0,D+0 (du),D+00 (du),https://www.caixa.gov.br/downloads/aplicacao-financeira-laminas/LA_0057.pdf,https://www.caixa.gov.br/downloads/aplicacao-financeira-regulamentos/RG_0057.pdf,https://www.caixa.gov.br/Downloads/aplicacao-financeira-inf-com/FIC_0057.pdf,https://www.caixa.gov.br/Downloads/aplicacao-financeira-comunicado-aos-cotistas/FR_0057.pdf,https://www.caixa.gov.br/Downloads/aplicacao-financeira-carta-mensal/CM_57.pdf,https://www.caixa.gov.br/Downloads/aplicacao-financeira-laminas-comerciais/LAC_57.pdf
RENDA FIXA,CAIXA FIC FIF FOCO IND PREÇOS RF LP RESP LTDA,CAIXA FIC FIF FOCO IND PRECOS RF LP RESP LTDA,19/03/2012,"3,12963200","-0,309","-0,40","5,37","10,83","78,563",PF,PF | PJ | TODOS,https://www.caixa.gov.br/fundos-investimento/renda-fixa/fic-foco-indice-precos-rf-longo-prazo,09.548.729/0001-71,5414,Moderado,1.0,100.0,D+3 (du),D+03 (du),https://www.caixa.gov.br/downloads/aplicacao-financeira-laminas/LA_5414.pdf,https://www.caixa.gov.br/downloads/aplicacao-financeira-regulamentos/RG_5414.pdf,https://www.caixa.gov.br/Downloads/aplicacao-financeira-inf-com/FIC_5414.pdf,https://www.caixa.gov.br/Downloads/aplicacao-financeira-comunicado-aos-cotistas/COM_5414.pdf,https://www.caixa.gov.br/Downloads/aplicacao-financeira-carta-mensal/CM_5414.pdf,https://www.caixa.gov.br/Downloads/aplicacao-financeira-laminas-comerciais/LAC_5414.pdf
RENDA FIXA,CAIXA FIC FIF CLÁSSICO RF LP RESP LTDA,CAIXA FIC FIF CLASSICO RF LP RESP LTDA,24/04/1996,"14,92038500","0,043","0,13","5,29","13,42","27,739",PF,PF | TODOS,https://www.caixa.gov.br/fundos-investimento/renda-fixa/fic-classico-rf-longo-prazo,01.165.796/0001-03,85,Moderado,1.4,100.0,D+0 (du),D+00 (du),https://www.caixa.gov.br/downloads/aplicacao-financeira-laminas/LA_0085.pdf,https://www.caixa.gov.br/downloads/aplicacao-financeira-regulamentos/RG_0085.pdf,https://www.caixa.gov.br/Downloads/aplicacao-financeira-inf-com/FIC_0085.pdf,https://www.caixa.gov.br/Downloads/aplicacao-financeira-comunicado-aos-cotistas/FR_0085.pdf,https://www.caixa.gov.br/Downloads/aplicacao-financeira-carta-mensal/CM_85.pdf,https://www.caixa.gov.br/Downloads/aplicacao-financeira-laminas-comerciais/LAC_85.pdf
RENDA FIXA,CAIXA FIC FIF DESENVOLVER RF LP RESP LTDA,CAIXA FIC FIF DESENVOLVER RF LP RESP LTDA,18/12/2012,"2,99331800","0,041","0,13","5,14","13,09","1,624",PF,PF | PJ | TODOS,https://www.caixa.gov.br/fundos-investimento/renda-fixa/fic-desenvolver-rf-longo-prazo/,16.877.609/0001-83,5892,Moderado,1.3,500.0,D+0 (du),D+00 (du),https://www.caixa.gov.br/downloads/aplicacao-financeira-laminas/LA_5892.pdf,https://www.caixa.gov.br/downloads/aplicacao-financeira-regulamentos/RG_5892.pdf,https://www.caixa.gov.br/Downloads/aplicacao-financeira-inf-com/FIC_5892.pdf,https://www.caixa.gov.br/Downloads/aplicacao-financeira-comunicado-aos-cotistas/FR_5892.pdf,https://www.caixa.gov.br/Downloads/aplicacao-financeira-carta-mensal/CM_5892.pdf,https://www.caixa.gov.br/Downloads/aplicacao-financeira-laminas-comerciais/LAC_5892.pdf
RENDA FIXA,CAIXA FIC FIF OBJETIVO PRE RF LP RESP LTDA,CAIXA FIC FIF OBJETIVO PRE RF LP RESP LTDA,27/06/2012,"3,28528800","-0,626","-0,89","3,08","11,45","136,697",PF,PF | PJ,https://www.caixa.gov.br/fundos-investimento/renda-fixa/fic-objetivo-pre-rf-longo-prazo/Paginas/default.aspx,14.120.511/0001-51,5576,Moderado,0.7,1000.0,D+0 (du),D+00 (du),https://www.caixa.gov.br/downloads/aplicacao-financeira-laminas/LA_5576.pdf,https://www.caixa.gov.br/downloads/aplicacao-financeira-regulamentos/RG_5576.pdf,https://www.caixa.gov.br/Downloads/aplicacao-financeira-inf-com/FIC_5576.pdf,https://www.caixa.gov.br/Downloads/aplicacao-financeira-comunicado-aos-cotistas/COM_5576.pdf,https://www.caixa.gov.br/Downloads/aplicacao-financeira-carta-mensal/CM_5576.pdf,https://www.caixa.gov.br/Downloads/aplicacao-financeira-laminas-comerciais/LAC_5576.pdf
RENDA FIXA,CAIXA FIC FIF OAB RF CRÉD PRIV LP RESP LTDA,CAIXA FIC FIF OAB RF CRED PRIV LP RESP LTDA,23/09/2014,"3,03273000","0,057","0,16","5,80","14,77","1.786,191",PF,PF | PJ | TODOS,https://www.caixa.gov.br/fundos-investimento/renda-fixa/fic-oab-rf-credito-privado-longo-prazo,14.120.488/0001-03,5970,Moderado,0.4,1000.0,D+0 (du),D+00 (du),https://www.caixa.gov.br/downloads/aplicacao-financeira-laminas/LA_5970.pdf,https://www.caixa.gov.br/downloads/aplicacao-financeira-regulamentos/RG_5970.pdf,https://www.caixa.gov.br/Downloads/aplicacao-financeira-inf-com/FIC_5970.pdf,https://www.caixa.gov.br/Downloads/aplicacao-financeira-comunicado-aos-cotistas/COM_5970.pdf,https://www.caixa.gov.br/Downloads/aplicacao-financeira-carta-mensal/CM_5970.pdf,https://www.caixa.gov.br/Downloads/aplicacao-financeira-laminas-comerciais/LAC_5970.pdf
RENDA FIXA,CAIXA FIC FIF EXECUTIVO RF LP RESP LTDA,CAIXA FIC FIF EXECUTIVO RF LP RESP LTDA,02/09/1996,"32,71366800","0,044","0,14","5,44","13,81","2.208,200",PF,PF | PJ | TODOS,https://www.caixa.gov.br/fundos-investimento/renda-fixa/fic-executivo-rf-longo-prazo,01.165.781/0001-37,58,Moderado,1.1,1000.0,D+0 (du),D+00 (du),https://www.caixa.gov.br/downloads/aplicacao-financeira-laminas/LA_0058.pdf,https://www.caixa.gov.br/downloads/aplicacao-financeira-regulamentos/RG_0058.pdf,https://www.caixa.gov.br/Downloads/aplicacao-financeira-inf-com/FIC_0058.pdf,https://www.caixa.gov.br/Downloads/aplicacao-financeira-comunicado-aos-cotistas/FR_0058.pdf,https://www.caixa.gov.br/Downloads/aplicacao-financeira-carta-mensal/CM_58.pdf,https://www.caixa.gov.br/Downloads/aplicacao-financeira-laminas-comerciais/LAC_58.pdf
RENDA FIXA,CAIXA FIC RELACIONAMENTO IDEAL RF LP,CAIXA FIC RELACIONAMENTO IDEAL RF LP,16/04/2012,"3,29792400","0,044","0,14","5,45","13,83","13,119",PF,PF | TODOS,https://www.caixa.gov.br/fundos-investimento/renda-fixa/fic-relacionamento-ideal-rf-longo-prazo,10.577.505/0001-77,5566,Moderado,1.0,1000.0,D+0 (du),D+00 (du),https://www.caixa.gov.br/downloads/aplicacao-financeira-laminas/LA_5566.pdf,https://www.caixa.gov.br/downloads/aplicacao-financeira-regulamentos/RG_5566.pdf,https://www.caixa.gov.br/Downloads/aplicacao-financeira-inf-com/FIC_5566.pdf,https://www.caixa.gov.br/Downloads/aplicacao-financeira-comunicado-aos-cotistas/FR_5566.pdf,https://www.caixa.gov.br/Downloads/aplicacao-financeira-carta-mensal/CM_5566.pdf,https://www.caixa.gov.br/Downloads/aplicacao-financeira-laminas-comerciais/LAC_5566.pdf
RENDA FIXA,CAIXA FIC FIF PERFORMANCE IMA-B RF LP RESP LTDA,CAIXA FIC FIF PERFORMANCE IMA-B RF LP RESP LTDA,02/05/2012,"3,30881100","-0,710","-1,18","3,82","9,09","65,634",PF,PF | PJ,https://www.caixa.gov.br/fundos-investimento/renda-fixa/fic-performance-ima-b-renda-fixa-longo-prazo/Paginas/default.aspx,10.577.516/0001-57,5571,Moderado,0.8,1000.0,D+0 (du),D+00 (du),https://www.caixa.gov.br/Downloads/aplicacao-financeira-laminas-comerciais/LAC_5571.pdf,https://www.caixa.gov.br/downloads/aplicacao-financeira-regulamentos/RG_5571.pdf,https://www.caixa.gov.br/Downloads/aplicacao-financeira-inf-com/FIC_5571.pdf,https://www.caixa.gov.br/Downloads/aplicacao-financeira-comunicado-aos-cotistas/COM_5571.pdf,https://www.caixa.gov.br/Downloads/aplicacao-financeira-carta-mensal/CM_5571.pdf,https://www.caixa.gov.br/Downloads/aplicacao-financeira-laminas-comerciais/LAC_5571.pdf
RENDA FIXA,CAIXA FIC FIFINVESTIDOR RF LP RESP LTDA,CAIXA FIC FIFINVESTIDOR RF LP RESP LTDA,01/06/1999,"18,99155600","0,048","0,14","5,57","14,18","950,253",PF,PF | PJ | TODOS,http://www.caixa.gov.br/fundos-investimento/renda-fixa/fic-investidor-rf-longo-prazo,03.164.294/0001-85,89,Moderado,0.85,5000.0,D+0 (du),D+00 (du),https://www.caixa.gov.br/downloads/aplicacao-financeira-laminas/LA_0089.pdf,https://www.caixa.gov.br/downloads/aplicacao-financeira-regulamentos/RG_0089.pdf,https://www.caixa.gov.br/Downloads/aplicacao-financeira-inf-com/FIC_0089.pdf,https://www.caixa.gov.br/Downloads/aplicacao-financeira-comunicado-aos-cotistas/FR_0089.pdf,https://www.caixa.gov.br/Downloads/aplicacao-financeira-carta-mensal/CM_89.pdf,https://www.caixa.gov.br/Downloads/aplicacao-financeira-laminas-comerciais/LAC_89.pdf
RENDA FIXA,CAIXA EXPERT ARX IPCA DEB INCENTIVADAS FIC FIF RF CRED PRIV - RESP LTDA,CAIXA EXPERT ARX IPCA DEB INCENTIVADAS FIC FIF RF CRED PRIV - RESP LTDA,01/07/2025,-,-,-,-,-,-,PF,PF,https://www.caixa.gov.br/fundos-investimento/renda-fixa/debentures-incentivadas/caixa-expert-arx-ipca-deb-incentivadas-rf-cred-priv-lp/Paginas/default.aspx,60.138.811/0001-85,7938,Moderado,0.3,10000.0,D+14 (du),D+16 (du),https://www.caixa.gov.br/Downloads/aplicacao-financeira-laminas-comerciais/LAC_7938.pdf,http://www.caixa.gov.br/downloads/aplicacao-financeira-regulamentos/RG_7938.pdf,http://www.caixa.gov.br/Downloads/aplicacao-financeira-inf-com/FIC_7938.pdf,https://www.caixa.gov.br/Downloads/aplicacao-financeira-comunicado-aos-cotistas/COM_7938.pdf,https://www.caixa.gov.br/Downloads/aplicacao-financeira-carta-mensal/CM_7938.pdf,https://www.caixa.gov.br/Downloads/aplicacao-financeira-laminas-comerciais/LAC_7938.pdf
RENDA FIXA,CAIXA FIF FIC EXPERT SULAMERICA RF CRED PRIV LP - RESP LTDA,CAIXA FIF FIC EXPERT SULAMERICA RF CRED PRIV LP - RESP LTDA,26/11/2024,-,-,-,-,-,-,PF,PF | PJ | RPPS,https://www.caixa.gov.br/fundos-investimento/renda-fixa/debentures-incentivadas/caixa-expert-vinland-debenture-incentivado/Paginas/default.aspx,58.113.332/0001-62,7931,Moderado,0.3,10000.0,D+13 (du),D+15 (du),https://www.caixa.gov.br/Downloads/aplicacao-financeira-laminas-comerciais/LAC_7931.pdf,http://www.caixa.gov.br/downloads/aplicacao-financeira-regulamentos/RG_7931.pdf,http://www.caixa.gov.br/Downloads/aplicacao-financeira-inf-com/FIC_7931.pdf,https://www.caixa.gov.br/Downloads/aplicacao-financeira-comunicado-aos-cotistas/COM_7931.pdf,https://www.caixa.gov.br/Downloads/aplicacao-financeira-carta-mensal/CM_7931.pdf,https://www.caixa.gov.br/Downloads/aplicacao-financeira-laminas-comerciais/LAC_7931.pdf
RENDA FIXA,CAIXA FIC FIF PLUS QUALI RF CREDI PRIV LP RESP LTDA,CAIXA FIC FIF PLUS QUALI RF CREDI PRIV LP RESP LTDA,21/01/2021,"1.827,95187800","0,059","0,16","5,78","14,82","174,588",PF,PF | PJ,https://www.caixa.gov.br/fundos-investimento/renda-fixa/fic-plus-qualificado-rf-credito-privado-longo-prazo/Paginas/default.aspx,40.194.314/0001-97,6533,Moderado,0.55,10000.0,D+14 (du),D+15 (du),https://www.caixa.gov.br/Downloads/aplicacao-financeira-laminas-comerciais/LAC_6533.pdf,https://www.caixa.gov.br/downloads/aplicacao-financeira-regulamentos/RG_6533.pdf,https://www.caixa.gov.br/Downloads/aplicacao-financeira-inf-com/FIC_6533.pdf,https://www.caixa.gov.br/Downloads/aplicacao-financeira-comunicado-aos-cotistas/COM_6533.pdf,https://www.caixa.gov.br/Downloads/aplicacao-financeira-carta-mensal/CM_6533.pdf,https://www.caixa.gov.br/Downloads/aplicacao-financeira-laminas-comerciais/LAC_6533.pdf
RENDA FIXA,CAIXA FIF INFLACAO PRIVATE 2027 RF LONGO PRAZO,CAIXA FIF INFLACAO PRIVATE 2027 RF LONGO PRAZO,15/08/2024,"1,20054500","-0,054","0,04","6,82","13,33","39,887",PF,PF | PJ,https://www.caixa.gov.br/fundos-investimento/renda-fixa/caixa-fif-inflacao-2027/Paginas/default.aspx,56.349.290/0001-38,7887,Moderado,0.2,10000.0,D+0 (du),D+00 (du),http://www.caixa.gov.br/downloads/aplicacao-financeira-laminas/LA_7887.pdf,http://www.caixa.gov.br/downloads/aplicacao-financeira-regulamentos/RG_7887.pdf,http://www.caixa.gov.br/Downloads/aplicacao-financeira-inf-com/FIC_7887.pdf,https://www.caixa.gov.br/Downloads/aplicacao-financeira-comunicado-aos-cotistas/COM_7887.pdf,https://www.caixa.gov.br/Downloads/aplicacao-financeira-carta-mensal/CM_7887.pdf,https://www.caixa.gov.br/Downloads/aplicacao-financeira-laminas-comerciais/LAC_7887.pdf
RENDA FIXA,CAIXA EXPERT VOX DESENV SUSTENTAVEL IS RF CRED PRIV LP - RESP LTDA,CAIXA EXPERT VOX DESENV SUSTENTAVEL IS RF CRED PRIV LP - RESP LTDA,14/11/2025,-,-,-,-,-,-,PF,PF | PJ,,63.455.348/0001-93,7987,Moderado,0.17,1000.0,D+5 (du),D+07 (du),https://www.caixa.gov.br/Downloads/aplicacao-financeira-laminas-comerciais/LAC_7987.pdf,https://www.caixa.gov.br/downloads/aplicacao-financeira-regulamentos/RG_7987.pdf,https://www.caixa.gov.br/Downloads/aplicacao-financeira-inf-com/FIC_7987.pdf,https://www.caixa.gov.br/Downloads/aplicacao-financeira-comunicado-aos-cotistas/COM_7987.pdf,https://www.caixa.gov.br/Downloads/aplicacao-financeira-carta-mensal/CM_7987.pdf,https://www.caixa.gov.br/Downloads/aplicacao-financeira-laminas-comerciais/LAC_7987.pdf
RENDA FIXA,CAIXA EXPERT ABSOLUTE CRETA FIC FIF RF CRED PRIV LP - RESP LTDA,CAIXA EXPERT ABSOLUTE CRETA FIC FIF RF CRED PRIV LP - RESP LTDA,26/03/2025,-,-,-,-,-,-,PF,PF | PJ | RPPS,,59.861.817/0001-05,7940,Moderado,0.29,10000.0,D+22 (du),D+24 (du),https://www.caixa.gov.br/Downloads/aplicacao-financeira-laminas-comerciais/LAC_7940.pdf,http://www.caixa.gov.br/downloads/aplicacao-financeira-regulamentos/RG_7940.pdf,http://www.caixa.gov.br/Downloads/aplicacao-financeira-inf-com/FIC_7940.pdf,https://www.caixa.gov.br/Downloads/aplicacao-financeira-comunicado-aos-cotistas/COM_7940.pdf,https://www.caixa.gov.br/Downloads/aplicacao-financeira-carta-mensal/CM_7940.pdf,https://www.caixa.gov.br/Downloads/aplicacao-financeira-laminas-comerciais/LAC_7940.pdf
RENDA FIXA,CAIXA EXPERT RB ASSET CDI DEB INCENTIVADAS FIC FIF RF CRED PRIV RESP LTDA,CAIXA EXPERT RB ASSET CDI DEB INCENTIVADAS FIC FIF RF CRED PRIV RESP LTDA,15/10/2025,-,-,-,-,-,-,PF,PF,https://www.caixa.gov.br/fundos-investimento/renda-fixa/debentures-incentivadas/caixa-expert-rb-asset-deb-incentivadas-cdi-rf-cred-priv/Paginas/default.aspx,62.890.286/0001-85,7978,Moderado,0.3,10000.0,D+14 (du),D+16 (du),https://www.caixa.gov.br/Downloads/aplicacao-financeira-laminas-comerciais/LAC_7978.pdf,https://www.caixa.gov.br/downloads/aplicacao-financeira-regulamentos/RG_7978.pdf,https://www.caixa.gov.br/Downloads/aplicacao-financeira-inf-com/FIC_7978.pdf,https://www.caixa.gov.br/Downloads/aplicacao-financeira-comunicado-aos-cotistas/COM_7978.pdf,https://www.caixa.gov.br/Downloads/aplicacao-financeira-carta-mensal/CM_7978.pdf,https://www.caixa.gov.br/Downloads/aplicacao-financeira-laminas-comerciais/LAC_7978.pdf
RENDA FIXA,CAIXA EXPERT VINLAND DEB IN INFRA RF CRED PRIV LP RESP LTDA,CAIXA EXPERT VINLAND DEB IN INFRA RF CRED PRIV LP RESP LTDA,08/04/2026,-,-,-,-,-,-,PF,PF,,65.789.297/0001-61,7999,Moderado,,10000.0,D+21 (du),D+23 (du),https://www.caixa.gov.br/Downloads/aplicacao-financeira-laminas-comerciais/LAC_7999.pdf,https://www.caixa.gov.br/downloads/aplicacao-financeira-regulamentos/RG_7999.pdf,https://www.caixa.gov.br/Downloads/aplicacao-financeira-inf-com/FIC_7999.pdf,https://www.caixa.gov.br/Downloads/aplicacao-financeira-comunicado-aos-cotistas/COM_7999.pdf,https://www.caixa.gov.br/Downloads/aplicacao-financeira-carta-mensal/CM_7999.pdf,https://www.caixa.gov.br/Downloads/aplicacao-financeira-laminas-comerciais/LAC_7999.pdf
RENDA FIXA,CAIXA FIF QUALIFICADO RF CRED PRIV LP - RESP LTDA,CAIXA FIF QUALIFICADO RF CRED PRIV LP - RESP LTDA,01/06/2009,"5,12861200","0,055","0,15","5,78","14,82","849,219",PF,PF | PJ,https://www.caixa.gov.br/fundos-investimento/renda-fixa/caixa-fic-plus-qualificado-rf-credito-privado-lp/Paginas/default.aspx,10.551.353/0001-33,5154,Moderado,0.5,20000.0,D+1 (du),D+04 (du),https://www.caixa.gov.br/Downloads/aplicacao-financeira-laminas-comerciais/LAC_5154.pdf,https://www.caixa.gov.br/downloads/aplicacao-financeira-regulamentos/RG_5154.pdf,https://www.caixa.gov.br/Downloads/aplicacao-financeira-inf-com/FIC_5154.pdf,https://www.caixa.gov.br/Downloads/aplicacao-financeira-comunicado-aos-cotistas/COM_5154.pdf,https://www.caixa.gov.br/Downloads/aplicacao-financeira-carta-mensal/CM_5154.pdf,https://www.caixa.gov.br/Downloads/aplicacao-financeira-laminas-comerciais/LAC_5154.pdf
RENDA FIXA,CAIXA FIC FIF EXPERTISE RF CRED PRIV LP RESP LTDA,CAIXA FIC FIF EXPERTISE RF CRED PRIV LP RESP LTDA,02/07/2009,"4,93504500","0,058","0,16","5,79","14,76","3.239,603",PF,PF | PJ | TODOS,https://www.caixa.gov.br/fundos-investimento/renda-fixa/fic-expertise-rf-credito-privado-longo-prazo,10.646.888/0001-98,5156,Moderado,0.5,20000.0,D+0 (du),D+00 (du),https://www.caixa.gov.br/downloads/aplicacao-financeira-laminas/LA_5156.pdf,https://www.caixa.gov.br/downloads/aplicacao-financeira-regulamentos/RG_5156.pdf,https://www.caixa.gov.br/Downloads/aplicacao-financeira-inf-com/FIC_5156.pdf,https://www.caixa.gov.br/Downloads/aplicacao-financeira-comunicado-aos-cotistas/COM_5156.pdf,https://www.caixa.gov.br/Downloads/aplicacao-financeira-carta-mensal/CM_5156.pdf,https://www.caixa.gov.br/Downloads/aplicacao-financeira-laminas-comerciais/LAC_5156.pdf
RENDA FIXA,CAIXA FIC FIF SELEÇÃO RF RESP LTDA,CAIXA FIC FIF SELECAO RF RESP LTDA,01/10/2003,"29,19381600","0,048","0,14","5,27","28,95","21,059",PF,PF | TODOS,https://www.caixa.gov.br/fundos-investimento/renda-fixa/fic-selecao-rf-longo-prazo,03.737.207/0001-31,5401,Conservador,1.1,30000.0,D+0 (du),D+00 (du),https://www.caixa.gov.br/downloads/aplicacao-financeira-laminas/LA_5401.pdf,https://www.caixa.gov.br/downloads/aplicacao-financeira-regulamentos/RG_5401.pdf,https://www.caixa.gov.br/Downloads/aplicacao-financeira-inf-com/FIC_5401.pdf,https://www.caixa.gov.br/Downloads/aplicacao-financeira-comunicado-aos-cotistas/FR_5401.pdf,https://www.caixa.gov.br/Downloads/aplicacao-financeira-carta-mensal/CM_5401.pdf,https://www.caixa.gov.br/Downloads/aplicacao-financeira-laminas-comerciais/LAC_5401.pdf
RENDA FIXA,CAIXA FIC FIF PERSONAL RF LP RESP LTDA,CAIXA FIC FIF PERSONAL RF LP RESP LTDA,03/11/1997,"30,54699800","0,049","0,14","5,68","14,47","3.094,999",PF,GOV | PF | PJ | TODOS,https://www.caixa.gov.br/fundos-investimento/renda-fixa/fic-personal-rf-longo-prazo,02.201.163/0001-68,83,Moderado,0.6,50000.0,D+0 (du),D+00 (du),https://www.caixa.gov.br/downloads/aplicacao-financeira-laminas/LA_0083.pdf,https://www.caixa.gov.br/downloads/aplicacao-financeira-regulamentos/RG_0083.pdf,https://www.caixa.gov.br/Downloads/aplicacao-financeira-inf-com/FIC_0083.pdf,https://www.caixa.gov.br/Downloads/aplicacao-financeira-comunicado-aos-cotistas/FR_0083.pdf,https://www.caixa.gov.br/Downloads/aplicacao-financeira-carta-mensal/CM_83.pdf,https://www.caixa.gov.br/Downloads/aplicacao-financeira-laminas-comerciais/LAC_83.pdf
RENDA FIXA,CAIXA FIC FIF RENDA FIXA ATIVA LP RESP LTDA,CAIXA FIC FIF RENDA FIXA ATIVA LP RESP LTDA,22/04/2020,"1.767,74423400","-0,089","-0,05","4,94","13,48","124,365",PF,PF | PJ,https://www.caixa.gov.br/fundos-investimento/renda-fixa/caixa-fic-renda-fixa-ativa-lp/Paginas/default.aspx,35.536.542/0001-68,6482,Moderado,0.4,50000.0,D+0 (du),D+01 (du),https://www.caixa.gov.br/downloads/aplicacao-financeira-laminas/LA_6482.pdf,https://www.caixa.gov.br/downloads/aplicacao-financeira-regulamentos/RG_6482.pdf,https://www.caixa.gov.br/Downloads/aplicacao-financeira-inf-com/FIC_6482.pdf,https://www.caixa.gov.br/Downloads/aplicacao-financeira-comunicado-aos-cotistas/COM_6482.pdf,https://www.caixa.gov.br/Downloads/aplicacao-financeira-carta-mensal/CM_6482.pdf,https://www.caixa.gov.br/Downloads/aplicacao-financeira-laminas-comerciais/LAC_6482.pdf
RENDA FIXA,CAIXA INDEXA TESOURO SELIC FIC FIF RF LP - RESP LTDA,CAIXA INDEXA TESOURO SELIC FIC FIF RF LP - RESP LTDA,26/12/2013,"3,21617500","0,053","0,16","5,83","14,74","588,128",PF,PF,https://www.caixa.gov.br/fundos-investimento/voce/renda-fixa/pos-fixados/ate-100.000/caixa-fic-indexa-tesouro-selic-renda-fixa-lp,17.687.735/0001-38,5940,Conservador,0.01,50000.0,D+0 (du),D+00 (du),https://www.caixa.gov.br/downloads/aplicacao-financeira-laminas/LA_5940.pdf,https://www.caixa.gov.br/downloads/aplicacao-financeira-regulamentos/RG_5940.pdf,https://www.caixa.gov.br/Downloads/aplicacao-financeira-inf-com/FIC_5940.pdf,https://www.caixa.gov.br/Downloads/aplicacao-financeira-comunicado-aos-cotistas/FR_5940.pdf,https://www.caixa.gov.br/Downloads/aplicacao-financeira-carta-mensal/CM_5940.pdf,https://www.caixa.gov.br/Downloads/aplicacao-financeira-laminas-comerciais/LAC_5940.pdf
RENDA FIXA,CAIXA FIC FIF SUPREMO RF LP RESP LTDA,CAIXA FIC FIF SUPREMO RF LP RESP LTDA,04/07/2006,"6,17583700","0,048","0,14","5,58","14,22","121,657",PF,PF | TODOS,https://www.caixa.gov.br/fundos-investimento/renda-fixa/fic-supremo-rf-longo-prazo,07.986.178/0001-00,5406,Moderado,0.8,70000.0,D+0 (du),D+00 (du),https://www.caixa.gov.br/downloads/aplicacao-financeira-laminas/LA_5406.pdf,https://www.caixa.gov.br/downloads/aplicacao-financeira-regulamentos/RG_5406.pdf,https://www.caixa.gov.br/Downloads/aplicacao-financeira-inf-com/FIC_5406.pdf,https://www.caixa.gov.br/Downloads/aplicacao-financeira-comunicado-aos-cotistas/FR_5406.pdf,https://www.caixa.gov.br/Downloads/aplicacao-financeira-carta-mensal/CM_5406.pdf,https://www.caixa.gov.br/Downloads/aplicacao-financeira-laminas-comerciais/LAC_5406.pdf
RENDA FIXA,CAIXA FIC FIF UNIQUE RF CRED PRIV LP - RL,CAIXA FIC FIF UNIQUE RF CRED PRIV LP - RL,31/07/2024,"1,26668800","0,059","0,16","5,89","15,02","355,362",PF,PF,https://www.caixa.gov.br/fundos-investimento/renda-fixa/caixa-fic-unique-private-cred-priv-lp/Paginas/default.aspx,55.986.292/0001-75,7916,Moderado,0.25,100000.0,D+0 (du),D+00 (du),http://www.caixa.gov.br/downloads/aplicacao-financeira-laminas/LA_7916.pdf,http://www.caixa.gov.br/downloads/aplicacao-financeira-regulamentos/RG_7916.pdf,http://www.caixa.gov.br/Downloads/aplicacao-financeira-inf-com/FIC_7916.pdf,https://www.caixa.gov.br/Downloads/aplicacao-financeira-comunicado-aos-cotistas/COM_7916.pdf,https://www.caixa.gov.br/Downloads/aplicacao-financeira-carta-mensal/CM_7916.pdf,https://www.caixa.gov.br/Downloads/aplicacao-financeira-laminas-comerciais/LAC_7916.pdf
RENDA FIXA,CAIXA FIC FIF ESPECIAL RF LP RESP LTDA,CAIXA FIC FIF ESPECIAL RF LP RESP LTDA,25/08/2003,"10,57217900","0,050","0,14","5,76","14,68","2.363,010",PF,PF | PJ,https://www.caixa.gov.br/fundos-investimento/renda-fixa/fic-especial-rf-longo-prazo/Paginas/default.aspx,03.737.190/0001-12,84,Moderado,0.4,100000.0,D+0 (du),D+00 (du),https://www.caixa.gov.br/downloads/aplicacao-financeira-laminas/LA_0084.pdf,https://www.caixa.gov.br/downloads/aplicacao-financeira-regulamentos/RG_0084.pdf,https://www.caixa.gov.br/Downloads/aplicacao-financeira-inf-com/FIC_0084.pdf,https://www.caixa.gov.br/Downloads/aplicacao-financeira-comunicado-aos-cotistas/FR_0084.pdf,https://www.caixa.gov.br/Downloads/aplicacao-financeira-carta-mensal/CM_84.pdf,https://www.caixa.gov.br/Downloads/aplicacao-financeira-laminas-comerciais/LAC_84.pdf
RENDA FIXA,CAIXA FIF FIDELIDADE PRIVATE RF LP - RESP LTDA,CAIXA FIF FIDELIDADE PRIVATE RF LP - RESP LTDA,02/07/2008,"5,50610100","0,050","0,15","5,86","14,87","552,007",PF,PF,https://www.caixa.gov.br/fundos-investimento/renda-fixa/fi-fidelidade-private-rf-longo-prazo/Paginas/default.aspx,09.181.287/0001-78,5408,Moderado,0.2,200000.0,D+0 (du),D+00 (du),https://www.caixa.gov.br/downloads/aplicacao-financeira-laminas/LA_5408.pdf,https://www.caixa.gov.br/downloads/aplicacao-financeira-regulamentos/RG_5408.pdf,https://www.caixa.gov.br/Downloads/aplicacao-financeira-inf-com/FIC_5408.pdf,https://www.caixa.gov.br/Downloads/aplicacao-financeira-comunicado-aos-cotistas/COM_5408.pdf,https://www.caixa.gov.br/Downloads/aplicacao-financeira-carta-mensal/CM_5408.pdf,https://www.caixa.gov.br/Downloads/aplicacao-financeira-laminas-comerciais/LAC_5408.pdf
RENDA FIXA,CAIXA FIC FIF MAXI RENDA FIXA CRED PRIV LP - RESP LTDA,CAIXA FIC FIF MAXI RENDA FIXA CRED PRIV LP - RESP LTDA,04/03/2013,"3,56097100","0,059","0,16","5,88","15,00","15.455,845",PF,PF | PJ,https://www.caixa.gov.br/fundos-investimento/renda-fixa/fic-maxi-rf-credito-privado-longo-prazo/Paginas/default.aspx,17.322.725/0001-07,5908,Moderado,0.3,200000.0,D+0 (du),D+00 (du),https://www.caixa.gov.br/downloads/aplicacao-financeira-laminas/LA_5908.pdf,https://www.caixa.gov.br/downloads/aplicacao-financeira-regulamentos/RG_5908.pdf,https://www.caixa.gov.br/Downloads/aplicacao-financeira-inf-com/FIC_5908.pdf,https://www.caixa.gov.br/Downloads/aplicacao-financeira-comunicado-aos-cotistas/COM_5908.pdf,https://www.caixa.gov.br/Downloads/aplicacao-financeira-carta-mensal/CM_5908.pdf,https://www.caixa.gov.br/Downloads/aplicacao-financeira-laminas-comerciais/LAC_5908.pdf
RENDA FIXA,CAIXA FIF FIDELIDADE II RF CRÉD PRIV LP,CAIXA FIF FIDELIDADE II RF CRED PRIV LP,03/06/2009,"5,29163600","0,048","0,14","5,92","15,20","1.384,029",PF,PF | PJ,https://www.caixa.gov.br/fundos-investimento/renda-fixa/fi-fidelidade-ii-rf-credito-privado-longo-prazo/Paginas/default.aspx,10.322.668/0001-09,5410,Moderado,0.05,1000000.0,D+0 (du),D+00 (du),https://www.caixa.gov.br/Downloads/aplicacao-financeira-laminas-comerciais/LAC_5410.pdf,https://www.caixa.gov.br/downloads/aplicacao-financeira-regulamentos/RG_5410.pdf,https://www.caixa.gov.br/Downloads/aplicacao-financeira-inf-com/FIC_5410.pdf,https://www.caixa.gov.br/Downloads/aplicacao-financeira-comunicado-aos-cotistas/FR_5410.pdf,https://www.caixa.gov.br/Downloads/aplicacao-financeira-carta-mensal/CM_5410.pdf,https://www.caixa.gov.br/Downloads/aplicacao-financeira-laminas-comerciais/LAC_5410.pdf
RENDA FIXA REFERENCIADO,CAIXA SIGMA FUNCIONARIOS FIC FIF RF REF DI LP - RESP LTDA,CAIXA SIGMA FUNCIONARIOS FIC FIF RF REF DI LP - RESP LTDA,08/04/2026,-,-,-,-,-,-,PF,PF,,66.034.762/0001-17,8500,Conservador,0.2,0.01,D+0 (du),D+00 (du),https://www.caixa.gov.br/Downloads/aplicacao-financeira-laminas-comerciais/LAC_8500.pdf,https://www.caixa.gov.br/downloads/aplicacao-financeira-regulamentos/RG_8500.pdf,https://www.caixa.gov.br/Downloads/aplicacao-financeira-inf-com/FIC_8500.pdf,https://www.caixa.gov.br/Downloads/aplicacao-financeira-comunicado-aos-cotistas/COM_8500.pdf,https://www.caixa.gov.br/Downloads/aplicacao-financeira-carta-mensal/CM_8500.pdf,https://www.caixa.gov.br/Downloads/aplicacao-financeira-laminas-comerciais/LAC_8500.pdf
RENDA FIXA REFERENCIADO,CAIXA FIC FIF BETA RF REF DI LP RESP LTDA,CAIXA FIC FIF BETA RF REF DI LP RESP LTDA,02/10/1995,"30,28108400","0,047","0,14","5,23","13,21","164,182",PF,PF | TODOS,https://www.caixa.gov.br/fundos-investimento/referenciados/fic-beta-ref-di-lp,00.834.072/0001-34,56,Conservador,1.5,0.01,D+0 (du),D+00 (du),https://www.caixa.gov.br/downloads/aplicacao-financeira-laminas/LA_0056.pdf,https://www.caixa.gov.br/downloads/aplicacao-financeira-regulamentos/RG_0056.pdf,https://www.caixa.gov.br/Downloads/aplicacao-financeira-inf-com/FIC_0056.pdf,https://www.caixa.gov.br/Downloads/aplicacao-financeira-comunicado-aos-cotistas/FR_0056.pdf,https://www.caixa.gov.br/Downloads/aplicacao-financeira-carta-mensal/CM_56.pdf,https://www.caixa.gov.br/Downloads/aplicacao-financeira-laminas-comerciais/LAC_56.pdf
RENDA FIXA REFERENCIADO,CAIXA FIC FIF GIRO IMEDIATO RF REF DI LP RESP LTDA,CAIXA FIC FIF GIRO IMEDIATO RF REF DI LP RESP LTDA,03/06/2013,"2,80398700","0,047","0,14","5,15","13,03","5.995,222",PF,PF | TODOS,https://www.caixa.gov.br/fundos-investimento/referenciados/fic-giro-imediato-ref-di-longo-prazo,17.502.869/0001-37,5930,Conservador,1.5,1000.0,D+0 (du),D+00 (du),https://www.caixa.gov.br/downloads/aplicacao-financeira-laminas/LA_5930.pdf,https://www.caixa.gov.br/downloads/aplicacao-financeira-regulamentos/RG_5930.pdf,https://www.caixa.gov.br/Downloads/aplicacao-financeira-inf-com/FIC_5930.pdf,https://www.caixa.gov.br/Downloads/aplicacao-financeira-comunicado-aos-cotistas/COM_5930.pdf,https://www.caixa.gov.br/Downloads/aplicacao-financeira-carta-mensal/CM_5930.pdf,https://www.caixa.gov.br/Downloads/aplicacao-financeira-laminas-comerciais/LAC_5930.pdf
RENDA FIXA REFERENCIADO,CAIXA FIC FIF PLENO REF DI LP RESP LTDA,CAIXA FIC FIF PLENO REF DI LP RESP LTDA,14/06/2010,"3,59813100","0,053","0,15","5,64","14,32","2.176,319",PF,PF | PJ | TODOS,https://www.caixa.gov.br/fundos-investimento/referenciados/fic-pleno-ref-di-longo-prazo,10.740.508/0001-80,5498,Conservador,0.7,1000.0,D+0 (du),D+00 (du),https://www.caixa.gov.br/downloads/aplicacao-financeira-laminas/LA_5498.pdf,https://www.caixa.gov.br/downloads/aplicacao-financeira-regulamentos/RG_5498.pdf,https://www.caixa.gov.br/Downloads/aplicacao-financeira-inf-com/FIC_5498.pdf,https://www.caixa.gov.br/Downloads/aplicacao-financeira-comunicado-aos-cotistas/COM_5498.pdf,https://www.caixa.gov.br/Downloads/aplicacao-financeira-carta-mensal/CM_5498.pdf,https://www.caixa.gov.br/Downloads/aplicacao-financeira-laminas-comerciais/LAC_5498.pdf
RENDA FIXA REFERENCIADO,CAIXA FIC OMEGA REF DI RF LONGO PRAZO,CAIXA FIC OMEGA REF DI RF LONGO PRAZO,13/05/2024,"1,28826500","0,052","0,15","5,80","14,69","63,615",PF,PF,https://www.caixa.gov.br/fundos-investimento/referenciados/fic-omega-ref-di-longo-prazo/Paginas/default.aspx,55.036.101/0001-04,7914,Conservador,0.15,10000.0,D+0 (du),D+00 (du),http://www.caixa.gov.br/downloads/aplicacao-financeira-laminas/LA_7914.pdf,http://www.caixa.gov.br/downloads/aplicacao-financeira-regulamentos/RG_7914.pdf,http://www.caixa.gov.br/Downloads/aplicacao-financeira-inf-com/FIC_7914.pdf,https://www.caixa.gov.br/Downloads/aplicacao-financeira-comunicado-aos-cotistas/COM_7914.pdf,https://www.caixa.gov.br/Downloads/aplicacao-financeira-carta-mensal/CM_7914.pdf,https://www.caixa.gov.br/Downloads/aplicacao-financeira-laminas-comerciais/LAC_7914.pdf
RENDA FIXA REFERENCIADO,CAIXA FIC FIF PREFERENCIAL REF DI LP RESP LTDA,CAIXA FIC FIF PREFERENCIAL REF DI LP RESP LTDA,01/10/2003,"9,66651500","0,053","0,15","5,68","14,43","829,603",PF,PF | TODOS,https://www.caixa.gov.br/fundos-investimento/referenciados/fic-preferencial-ref-di-longo-prazo,03.737.211/0001-08,5402,Conservador,0.6,30000.0,D+0 (du),D+00 (du),https://www.caixa.gov.br/downloads/aplicacao-financeira-laminas/LA_5402.pdf,https://www.caixa.gov.br/downloads/aplicacao-financeira-regulamentos/RG_5402.pdf,https://www.caixa.gov.br/Downloads/aplicacao-financeira-inf-com/FIC_5402.pdf,https://www.caixa.gov.br/Downloads/aplicacao-financeira-comunicado-aos-cotistas/FR_5402.pdf,https://www.caixa.gov.br/Downloads/aplicacao-financeira-carta-mensal/CM_5402.pdf,https://www.caixa.gov.br/Downloads/aplicacao-financeira-laminas-comerciais/LAC_5402.pdf
RENDA FIXA REFERENCIADO,CAIXA FIC FIF SIGMA RF REF DI LP RESP LTDA,CAIXA FIC FIF SIGMA RF REF DI LP RESP LTDA,01/12/2009,"4,44858800","0,052","0,15","5,74","14,53","15.788,429",PF,GOV | PF | PJ | TODOS,https://www.caixa.gov.br/fundos-investimento/referenciados/fic-sigma-ref-di-longo-prazo,10.731.794/0001-17,5171,Conservador,0.35,50000.0,D+0 (du),D+00 (du),https://www.caixa.gov.br/downloads/aplicacao-financeira-laminas/LA_5171.pdf,https://www.caixa.gov.br/downloads/aplicacao-financeira-regulamentos/RG_5171.pdf,https://www.caixa.gov.br/Downloads/aplicacao-financeira-inf-com/FIC_5171.pdf,https://www.caixa.gov.br/Downloads/aplicacao-financeira-comunicado-aos-cotistas/COM_5171.pdf,https://www.caixa.gov.br/Downloads/aplicacao-financeira-carta-mensal/CM_5171.pdf,https://www.caixa.gov.br/Downloads/aplicacao-financeira-laminas-comerciais/LAC_5171.pdf
RENDA FIXA REFERENCIADO,CAIXA FIC FIF RUBI RF REF DI LP RESP LTDA,CAIXA FIC FIF RUBI RF REF DI LP RESP LTDA,15/07/2009,"4,76505800","0,055","0,16","5,81","14,78","9.377,531",PF,GOV | PF | PJ | TODOS,https://www.caixa.gov.br/fundos-investimento/referenciados/fic-rubi-ref-di-longo-prazo/Paginas/default.aspx,10.646.885/0001-54,5157,Conservador,0.3,200000.0,D+0 (du),D+00 (du),https://www.caixa.gov.br/downloads/aplicacao-financeira-laminas/LA_5157.pdf,https://www.caixa.gov.br/downloads/aplicacao-financeira-regulamentos/RG_5157.pdf,https://www.caixa.gov.br/Downloads/aplicacao-financeira-inf-com/FIC_5157.pdf,https://www.caixa.gov.br/Downloads/aplicacao-financeira-comunicado-aos-cotistas/COM_5157.pdf,https://www.caixa.gov.br/Downloads/aplicacao-financeira-carta-mensal/CM_5157.pdf,https://www.caixa.gov.br/Downloads/aplicacao-financeira-laminas-comerciais/LAC_5157.pdf
RENDA FIXA REFERENCIADO,CAIXA FIC FIF MEGA RF REFERENC DI LONGO PRAZO - RESP LTDA,CAIXA FIC FIF MEGA RF REFERENC DI LONGO PRAZO - RESP LTDA,03/02/2009,"5,09190100","0,056","0,16","5,83","14,83","21.000,259",PF,PF | PJ,https://www.caixa.gov.br/fundos-investimento/referenciados/fic-mega-ref-di-longo-prazo/Paginas/default.aspx,10.322.633/0001-70,5411,Conservador,0.25,300000.0,D+0 (du),D+00 (du),https://www.caixa.gov.br/downloads/aplicacao-financeira-laminas/LA_5411.pdf,https://www.caixa.gov.br/downloads/aplicacao-financeira-regulamentos/RG_5411.pdf,https://www.caixa.gov.br/Downloads/aplicacao-financeira-inf-com/FIC_5411.pdf,https://www.caixa.gov.br/Downloads/aplicacao-financeira-comunicado-aos-cotistas/COM_5411.pdf,https://www.caixa.gov.br/Downloads/aplicacao-financeira-carta-mensal/CM_5411.pdf,https://www.caixa.gov.br/Downloads/aplicacao-financeira-laminas-comerciais/LAC_5411.pdf
RENDA FIXA REFERENCIADO,CAIXA FIC FIF TOP PRIVATE RF REF DI LP RESP LTDA,CAIXA FIC FIF TOP PRIVATE RF REF DI LP RESP LTDA,05/05/2014,"3,18033600","0,055","0,16","5,87","14,95","13.405,911",PF,PF | RPPS,https://www.caixa.gov.br/fundos-investimento/referenciados/fic-top-private-ref-di-longo-prazo/Paginas/default.aspx,19.769.018/0001-80,5969,Conservador,0.15,1000000.0,D+0 (du),D+00 (du),https://www.caixa.gov.br/downloads/aplicacao-financeira-laminas/LA_5969.pdf,https://www.caixa.gov.br/downloads/aplicacao-financeira-regulamentos/RG_5969.pdf,https://www.caixa.gov.br/Downloads/aplicacao-financeira-inf-com/FIC_5969.pdf,https://www.caixa.gov.br/Downloads/aplicacao-financeira-comunicado-aos-cotistas/FR_5969.pdf,https://www.caixa.gov.br/Downloads/aplicacao-financeira-carta-mensal/CM_5969.pdf,https://www.caixa.gov.br/Downloads/aplicacao-financeira-laminas-comerciais/LAC_5969.pdf
RENDA FIXA CURTO PRAZO,CAIXA FIC FIF RENDA FIXA CURTO PRAZO RESP LTDA,CAIXA FIC FIF RENDA FIXA CURTO PRAZO RESP LTDA,14/12/2020,"1.726,82669700","0,051","0,15","5,59","14,19","246,935",PF,PF | PJ,https://www.caixa.gov.br/fundos-investimento/curto-prazo/fic-automatico-polis-rf-cp/Paginas/default.aspx,39.594.941/0001-36,6520,Conservador,0.5,10000.0,D+0 (du),D+00 (du),https://www.caixa.gov.br/downloads/aplicacao-financeira-laminas/LA_6520.pdf,https://www.caixa.gov.br/downloads/aplicacao-financeira-regulamentos/RG_6520.pdf,https://www.caixa.gov.br/Downloads/aplicacao-financeira-inf-com/FIC_6520.pdf,https://www.caixa.gov.br/Downloads/aplicacao-financeira-comunicado-aos-cotistas/COM_6520.pdf,https://www.caixa.gov.br/Downloads/aplicacao-financeira-carta-mensal/CM_6520.pdf,https://www.caixa.gov.br/Downloads/aplicacao-financeira-laminas-comerciais/LAC_6520.pdf
MULTIMERCADO,CAIXA FIC FIF FOF SMART CRED PRIV MM LP RESP LTDA,CAIXA FIC FIF FOF SMART CRED PRIV MM LP RESP LTDA,30/08/2023,-,-,-,-,-,-,PF,PF | PJ,https://www.caixa.gov.br/fundos-investimento/multimercado/fic-fof-smart-credito-privado-multimercado-longo-prazo/Paginas/default.aspx,51.943.346/0001-64,7880,Moderado,0.4,0.01,D+46 (du),D+48 (du),https://www.caixa.gov.br/Downloads/aplicacao-financeira-laminas-comerciais/LAC_7880.pdf,http://www.caixa.gov.br/downloads/aplicacao-financeira-regulamentos/RG_7880.pdf,http://www.caixa.gov.br/Downloads/aplicacao-financeira-inf-com/FIC_7880.pdf,https://www.caixa.gov.br/Downloads/aplicacao-financeira-comunicado-aos-cotistas/COM_7880.pdf,https://www.caixa.gov.br/Downloads/aplicacao-financeira-carta-mensal/CM_7880.pdf,https://www.caixa.gov.br/Downloads/aplicacao-financeira-laminas-comerciais/LAC_7880.pdf
MULTIMERCADO,CAIXA FIC MULTIGESTOR GLOBAL EQUITIES IE,CAIXA FIC MULTIGESTOR GLOBAL EQUITIES IE,11/11/2020,-,-,-,-,-,-,PF,PF | PJ | RPPS | TODOS,https://www.caixa.gov.br/fundos-investimento/multimercado/caixa-multigestor-global-equities-invest-ext/Paginas/default.aspx,39.528.038/0001-77,6518,Arrojado,1.0,0.01,D+7 (du),D+12 (du),https://www.caixa.gov.br/Downloads/aplicacao-financeira-laminas-comerciais/LAC_6518.pdf,https://www.caixa.gov.br/downloads/aplicacao-financeira-regulamentos/RG_6518.pdf,https://www.caixa.gov.br/Downloads/aplicacao-financeira-inf-com/FIC_6518.pdf,https://www.caixa.gov.br/Downloads/aplicacao-financeira-comunicado-aos-cotistas/FR_6518.pdf,https://www.caixa.gov.br/Downloads/aplicacao-financeira-carta-mensal/CM_6518.pdf,https://www.caixa.gov.br/Downloads/aplicacao-financeira-laminas-comerciais/LAC_6518.pdf
MULTIMERCADO,CAIXA FIF MULTIMERCADO RV 30 LP RESP LTDA,CAIXA FIF MULTIMERCADO RV 30 LP RESP LTDA,20/06/2000,"12,48257200","-0,821","-0,83","5,15","16,30","323,807",PF,PF | PJ | RPPS | TODOS,https://www.caixa.gov.br/fundos-investimento/multimercado/fi-multimercado-rv30-longo-prazo,,,,,,,,,,,,,
MULTIMERCADO,CAIXA FIC FIF ESTRATÉGIA LIVRE MULTIMERCADO LP RESP LTDA,CAIXA FIC FIF ESTRATEGIA LIVRE MULTIMERCADO LP RESP LTDA,21/10/2019,-,-,-,-,-,-,PF,PF | PJ | TODOS,https://www.caixa.gov.br/fundos-investimento/multimercado/estrategia-livre-mm-lp,34.660.276/0001-18,6439,Moderado,1.5,0.01,D+13 (du),D+15 (du),https://www.caixa.gov.br/downloads/aplicacao-financeira-laminas/LA_6439.pdf,https://www.caixa.gov.br/downloads/aplicacao-financeira-regulamentos/RG_6439.pdf,https://www.caixa.gov.br/Downloads/aplicacao-financeira-inf-com/FIC_6439.pdf,https://www.caixa.gov.br/Downloads/aplicacao-financeira-comunicado-aos-cotistas/COM_6439.pdf,https://www.caixa.gov.br/Downloads/aplicacao-financeira-carta-mensal/CM_6439.pdf,https://www.caixa.gov.br/Downloads/aplicacao-financeira-laminas-comerciais/LAC_6439.pdf
MULTIMERCADO,CAIXA FIF INDEXA SHORT DOLAR MM LP RESP LTDA,CAIXA FIF INDEXA SHORT DOLAR MM LP RESP LTDA,26/10/2020,"2.411,20749100","-1,214","-0,47","17,38","35,65","12,948",PF,GOV | PF | PJ | RPPS,https://www.caixa.gov.br/fundos-investimento/multimercado/caixa-fi-indexa-short-dolar-mult-lp/Paginas/default.aspx,29.157.511/0001-01,6446,Moderado,0.8,0.01,D+1 (du),D+01 (du),https://www.caixa.gov.br/downloads/aplicacao-financeira-laminas/LA_6446.pdf,https://www.caixa.gov.br/downloads/aplicacao-financeira-regulamentos/RG_6446.pdf,https://www.caixa.gov.br/Downloads/aplicacao-financeira-inf-com/FIC_6446.pdf,https://www.caixa.gov.br/Downloads/aplicacao-financeira-comunicado-aos-cotistas/COM_6446.pdf,https://www.caixa.gov.br/Downloads/aplicacao-financeira-carta-mensal/CM_6446.pdf,https://www.caixa.gov.br/Downloads/aplicacao-financeira-laminas-comerciais/LAC_6446.pdf
MULTIMERCADO,CAIXA CARTEIRA QUANT DUO FIC FIF MM LP RESP LTDA,CAIXA CARTEIRA QUANT DUO FIC FIF MM LP RESP LTDA,07/04/2026,-,-,-,-,-,-,PF,PF | PJ,,65.795.043/0001-56,7990,Arrojado,0.8,0.01,D+8 (du),D+10 (du),https://www.caixa.gov.br/Downloads/aplicacao-financeira-laminas-comerciais/LAC_7990.pdf,https://www.caixa.gov.br/downloads/aplicacao-financeira-regulamentos/RG_7990.pdf,https://www.caixa.gov.br/Downloads/aplicacao-financeira-inf-com/FIC_7990.pdf,https://www.caixa.gov.br/Downloads/aplicacao-financeira-comunicado-aos-cotistas/COM_7990.pdf,https://www.caixa.gov.br/Downloads/aplicacao-financeira-carta-mensal/CM_7990.pdf,https://www.caixa.gov.br/Downloads/aplicacao-financeira-laminas-comerciais/LAC_7990.pdf
MULTIMERCADO,CAIXA FIC FIF FOF SMART LONG SHORT LP RESP LTDA,CAIXA FIC FIF FOF SMART LONG SHORT LP RESP LTDA,18/07/2023,-,-,-,-,-,-,PF,PF | PJ,https://www.caixa.gov.br/fundos-investimento/multimercado/caixa-fic-fof-smart-long-short-mm/Paginas/default.aspx,51.408.738/0001-23,7877,Moderado,1.0,0.01,D+24 (du),D+26 (du),https://www.caixa.gov.br/Downloads/aplicacao-financeira-laminas-comerciais/LAC_7877.pdf,http://www.caixa.gov.br/downloads/aplicacao-financeira-regulamentos/RG_7877.pdf,http://www.caixa.gov.br/Downloads/aplicacao-financeira-inf-com/FIC_7877.pdf,https://www.caixa.gov.br/Downloads/aplicacao-financeira-comunicado-aos-cotistas/COM_7877.pdf,https://www.caixa.gov.br/Downloads/aplicacao-financeira-carta-mensal/CM_7877.pdf,https://www.caixa.gov.br/Downloads/aplicacao-financeira-laminas-comerciais/LAC_7877.pdf
MULTIMERCADO,CAIXA FIC LONG BIAS MM,CAIXA FIC LONG BIAS MM,01/04/2024,"1,11854700","-1,570","-1,72","-3,52","10,84","3,388",PF,PF | PJ,https://www.caixa.gov.br/fundos-investimento/multimercado/caixa-fic-fof-smart-long-bias-mm/Paginas/default.aspx,54.439.846/0001-51,6950,Moderado,2.0,0.01,D+13 (du),D+15 (du),http://www.caixa.gov.br/downloads/aplicacao-financeira-laminas/LA_6950.pdf,http://www.caixa.gov.br/downloads/aplicacao-financeira-regulamentos/RG_6950.pdf,http://www.caixa.gov.br/Downloads/aplicacao-financeira-inf-com/FIC_6950.pdf,http://www.caixa.gov.br/Downloads/aplicacao-financeira-comunicado-aos-cotistas/FR_6950.pdf,https://www.caixa.gov.br/Downloads/aplicacao-financeira-carta-mensal/CM_6950.pdf,https://www.caixa.gov.br/Downloads/aplicacao-financeira-laminas-comerciais/LAC_6950.pdf
MULTIMERCADO,CAIXA CARTEIRA QUANT QUALI FIC FIF MM LP RESP LTDA,CAIXA CARTEIRA QUANT QUALI FIC FIF MM LP RESP LTDA,07/04/2026,-,-,-,-,-,-,PF,PF | PJ,,65.795.384/0001-21,7991,Agressivo,0.8,0.01,D+14 (du),D+16 (du),https://www.caixa.gov.br/Downloads/aplicacao-financeira-laminas-comerciais/LAC_7991.pdf,https://www.caixa.gov.br/downloads/aplicacao-financeira-regulamentos/RG_7991.pdf,https://www.caixa.gov.br/Downloads/aplicacao-financeira-inf-com/FIC_7991.pdf,https://www.caixa.gov.br/Downloads/aplicacao-financeira-comunicado-aos-cotistas/COM_7991.pdf,https://www.caixa.gov.br/Downloads/aplicacao-financeira-carta-mensal/CM_7991.pdf,https://www.caixa.gov.br/Downloads/aplicacao-financeira-laminas-comerciais/LAC_7991.pdf
MULTIMERCADO,CAIXA FIC FIF FOF SMART LONG BIAS MM RESP LTDA,CAIXA FIC FIF FOF SMART LONG BIAS MM RESP LTDA,18/07/2023,-,-,-,-,-,-,PF,PF | PJ,https://www.caixa.gov.br/fundos-investimento/multimercado/caixa-fic-fof-smart-long-bias-mm/Paginas/default.aspx,51.408.950/0001-90,7876,Moderado,1.0,0.01,D+24 (du),D+26 (du),https://www.caixa.gov.br/Downloads/aplicacao-financeira-laminas-comerciais/LAC_7876.pdf,http://www.caixa.gov.br/downloads/aplicacao-financeira-regulamentos/RG_7876.pdf,http://www.caixa.gov.br/Downloads/aplicacao-financeira-inf-com/FIC_7876.pdf,https://www.caixa.gov.br/Downloads/aplicacao-financeira-comunicado-aos-cotistas/COM_7876.pdf,https://www.caixa.gov.br/Downloads/aplicacao-financeira-carta-mensal/CM_7876.pdf,https://www.caixa.gov.br/Downloads/aplicacao-financeira-laminas-comerciais/LAC_7876.pdf
MULTIMERCADO,CAIXA CARTEIRA QUANT UNO FIC FIF MM LP RESP LTDA,CAIXA CARTEIRA QUANT UNO FIC FIF MM LP RESP LTDA,07/04/2026,-,-,-,-,-,-,PF,PF | PJ,,65.794.476/0001-97,7992,Moderado,0.8,0.01,D+1 (du),D+03 (du),https://www.caixa.gov.br/Downloads/aplicacao-financeira-laminas-comerciais/LAC_7992.pdf,https://www.caixa.gov.br/downloads/aplicacao-financeira-regulamentos/RG_7992.pdf,https://www.caixa.gov.br/Downloads/aplicacao-financeira-inf-com/FIC_7992.pdf,https://www.caixa.gov.br/Downloads/aplicacao-financeira-comunicado-aos-cotistas/COM_7992.pdf,https://www.caixa.gov.br/Downloads/aplicacao-financeira-carta-mensal/CM_7992.pdf,https://www.caixa.gov.br/Downloads/aplicacao-financeira-laminas-comerciais/LAC_7992.pdf
MULTIMERCADO,CAIXA FIF INDEXA EURO MM LONGO PRAZO RESP LTDA,CAIXA FIF INDEXA EURO MM LONGO PRAZO RESP LTDA,01/04/2024,"1,11229200","1,016","0,16","-7,74","-6,48","3,694",PF,GOV | PF | PJ | RPPS,https://www.caixa.gov.br/fundos-investimento/multimercado/fi-euro-multimercado-longo-prazo/Paginas/default.aspx,54.483.566/0001-40,7910,Arrojado,0.8,0.01,D+1 (du),D+03 (du),http://www.caixa.gov.br/downloads/aplicacao-financeira-laminas/LA_7910.pdf,http://www.caixa.gov.br/downloads/aplicacao-financeira-regulamentos/RG_7910.pdf,http://www.caixa.gov.br/Downloads/aplicacao-financeira-inf-com/FIC_7910.pdf,http://www.caixa.gov.br/Downloads/aplicacao-financeira-comunicado-aos-cotistas/FR_7910.pdf,https://www.caixa.gov.br/Downloads/aplicacao-financeira-carta-mensal/CM_7910.pdf,https://www.caixa.gov.br/Downloads/aplicacao-financeira-laminas-comerciais/LAC_7910.pdf
MULTIMERCADO,CAIXA FIC FIF ESTRATÉGICO MULTIMERCADO LP RESP LTDA,CAIXA FIC FIF ESTRATEGICO MULTIMERCADO LP RESP LTDA,10/04/2006,-,-,-,-,-,-,PF,PF | PJ | TODOS,https://www.caixa.gov.br/fundos-investimento/multimercado/fic-estrategico-multimercado-longo-prazo,03.737.200/0001-10,5490,Moderado,1.2,0.01,D+0 (du),D+01 (du),https://www.caixa.gov.br/downloads/aplicacao-financeira-laminas/LA_5490.pdf,https://www.caixa.gov.br/downloads/aplicacao-financeira-regulamentos/RG_5490.pdf,https://www.caixa.gov.br/Downloads/aplicacao-financeira-inf-com/FIC_5490.pdf,https://www.caixa.gov.br/Downloads/aplicacao-financeira-comunicado-aos-cotistas/FR_5490.pdf,https://www.caixa.gov.br/Downloads/aplicacao-financeira-carta-mensal/CM_5490.pdf,https://www.caixa.gov.br/Downloads/aplicacao-financeira-laminas-comerciais/LAC_5490.pdf
MULTIMERCADO,CAIXA FIF INDEXA OURO MULTIMERCADO LP RESP LTDA,CAIXA FIF INDEXA OURO MULTIMERCADO LP RESP LTDA,15/02/2013,"4,63986700","-1,110","-2,56","4,42","39,43","611,398",PF,PF | RPPS | TODOS,https://www.caixa.gov.br/fundos-investimento/multimercado/fi-ouro-multimercado-longo-prazo,16.916.060/0001-99,5902,Moderado,0.8,0.01,D+1 (du),D+02 (du),https://www.caixa.gov.br/downloads/aplicacao-financeira-laminas/LA_5902.pdf,https://www.caixa.gov.br/downloads/aplicacao-financeira-regulamentos/RG_5902.pdf,https://www.caixa.gov.br/Downloads/aplicacao-financeira-inf-com/FIC_5902.pdf,https://www.caixa.gov.br/Downloads/aplicacao-financeira-comunicado-aos-cotistas/COM_5902.pdf,https://www.caixa.gov.br/Downloads/aplicacao-financeira-carta-mensal/CM_5902.pdf,https://www.caixa.gov.br/Downloads/aplicacao-financeira-laminas-comerciais/LAC_5902.pdf
MULTIMERCADO,CAIXA FIC FIF FOF SMART MULTIESTRATEGIA MM RESP LTDA,CAIXA FIC FIF FOF SMART MULTIESTRATEGIA MM RESP LTDA,09/06/2014,-,-,-,-,-,-,PF,PF | PJ | TODOS,https://www.caixa.gov.br/fundos-investimento/multimercado/fic-multigestor,18.007.710/0001-09,5954,Moderado,1.5,0.01,D+24 (du),D+26 (du),https://www.caixa.gov.br/Downloads/aplicacao-financeira-laminas-comerciais/LAC_5954.pdf,https://www.caixa.gov.br/downloads/aplicacao-financeira-regulamentos/RG_5954.pdf,https://www.caixa.gov.br/Downloads/aplicacao-financeira-inf-com/FIC_5954.pdf,https://www.caixa.gov.br/Downloads/aplicacao-financeira-comunicado-aos-cotistas/FR_5954.pdf,https://www.caixa.gov.br/Downloads/aplicacao-financeira-carta-mensal/CM_5954.pdf,https://www.caixa.gov.br/Downloads/aplicacao-financeira-laminas-comerciais/LAC_5954.pdf
MULTIMERCADO,CAIXA FIC FIF HEDGE MULTIMERCADO LONGO PRAZO RESP LTDA,CAIXA FIC FIF HEDGE MULTIMERCADO LONGO PRAZO RESP LTDA,26/10/2020,"1.675,38826300","0,616","0,69","6,34","12,59","29,119",PF,GOV | PF | PJ | RPPS | TODOS,https://www.caixa.gov.br/fundos-investimento/multimercado/caixa-fic-hedge-multimercado-lp/Paginas/default.aspx,30.068.135/0001-50,6399,Moderado,1.0,0.01,D+1 (du),D+01 (du),https://www.caixa.gov.br/downloads/aplicacao-financeira-laminas/LA_6399.pdf,https://www.caixa.gov.br/downloads/aplicacao-financeira-regulamentos/RG_6399.pdf,https://www.caixa.gov.br/Downloads/aplicacao-financeira-inf-com/FIC_6399.pdf,https://www.caixa.gov.br/Downloads/aplicacao-financeira-comunicado-aos-cotistas/COM_6399.pdf,https://www.caixa.gov.br/Downloads/aplicacao-financeira-carta-mensal/CM_6399.pdf,https://www.caixa.gov.br/Downloads/aplicacao-financeira-laminas-comerciais/LAC_6399.pdf
MULTIMERCADO,CAIXA FIF INDEXA BOLSA AMERICANA MM LP RESP LTDA,CAIXA FIF INDEXA BOLSA AMERICANA MM LP RESP LTDA,16/10/2018,"3,82142400","-0,653","-0,18","13,60","38,00","2.387,381",PF,GOV | PF | PJ | RPPS | TODOS,https://www.caixa.gov.br/fundos-investimento/multimercado/fi-bolsa-americana-multimercado-lp,30.036.235/0001-02,6999,Moderado,0.8,0.01,D+0 (du),D+01 (du),https://www.caixa.gov.br/downloads/aplicacao-financeira-laminas/LA_6999.pdf,https://www.caixa.gov.br/downloads/aplicacao-financeira-regulamentos/RG_6999.pdf,https://www.caixa.gov.br/Downloads/aplicacao-financeira-inf-com/FIC_6999.pdf,https://www.caixa.gov.br/Downloads/aplicacao-financeira-comunicado-aos-cotistas/COM_6999.pdf,https://www.caixa.gov.br/Downloads/aplicacao-financeira-carta-mensal/CM_6999.pdf,https://www.caixa.gov.br/Downloads/aplicacao-financeira-laminas-comerciais/LAC_6999.pdf
MULTIMERCADO,CAIXA FIC FIF JUROS E MOEDAS MM PLUS LP RESP LTDA,CAIXA FIC FIF JUROS E MOEDAS MM PLUS LP RESP LTDA,05/03/2018,"1,90367300","-0,096","-0,05","4,72","12,82","22,026",PF,PF | PJ | TODOS,https://www.caixa.gov.br/fundos-investimento/multimercado/caixa-fic-juros-e-moedas-multimercado-plus-lp/,29.157.485/0001-03,6353,Moderado,1.0,0.01,D+0 (du),D+00 (du),https://www.caixa.gov.br/downloads/aplicacao-financeira-laminas/LA_6353.pdf,https://www.caixa.gov.br/downloads/aplicacao-financeira-regulamentos/RG_6353.pdf,https://www.caixa.gov.br/Downloads/aplicacao-financeira-inf-com/FIC_6353.pdf,https://www.caixa.gov.br/Downloads/aplicacao-financeira-comunicado-aos-cotistas/COM_6353.pdf,https://www.caixa.gov.br/Downloads/aplicacao-financeira-carta-mensal/CM_6353.pdf,https://www.caixa.gov.br/Downloads/aplicacao-financeira-laminas-comerciais/LAC_6353.pdf
MULTIMERCADO,CAIXA FIC FIF FUNCIONARIOS ESTRATEGIA LIVRE MULTIMERCADO LP RESP LTDA,CAIXA FIC FIF FUNCIONARIOS ESTRATEGIA LIVRE MULTIMERCADO LP RESP LTDA,06/07/2020,-,-,-,-,-,-,PF,PF,,35.536.472/0001-48,6479,Moderado,0.6,0.01,D+13 (du),D+15 (du),https://www.caixa.gov.br/downloads/aplicacao-financeira-laminas/LA_6479.pdf,https://www.caixa.gov.br/downloads/aplicacao-financeira-regulamentos/RG_6479.pdf,https://www.caixa.gov.br/Downloads/aplicacao-financeira-inf-com/FIC_6479.pdf,https://www.caixa.gov.br/Downloads/aplicacao-financeira-comunicado-aos-cotistas/COM_6479.pdf,https://www.caixa.gov.br/Downloads/aplicacao-financeira-carta-mensal/CM_6479.pdf,https://www.caixa.gov.br/Downloads/aplicacao-financeira-laminas-comerciais/LAC_6479.pdf
MULTIMERCADO,CAIXA HASHDEX NASDAQ CRYPTO INDEX FIC FIF MM RESP LTDA,CAIXA HASHDEX NASDAQ CRYPTO INDEX FIC FIF MM RESP LTDA,07/10/2025,-,-,-,-,-,-,PF,PF | PJ,https://www.caixa.gov.br/fundos-investimento/multimercado/caixa-hashdex-nasdaq-crypto-fic-fif-mm,62.769.135/0001-73,7980,Agressivo,0.7,100.0,D+3 (du),D+08 (du),https://www.caixa.gov.br/Downloads/aplicacao-financeira-laminas-comerciais/LAC_7980.pdf,https://www.caixa.gov.br/downloads/aplicacao-financeira-regulamentos/RG_7980.pdf,https://www.caixa.gov.br/Downloads/aplicacao-financeira-inf-com/FIC_7980.pdf,https://www.caixa.gov.br/Downloads/aplicacao-financeira-comunicado-aos-cotistas/FR_7980.pdf,https://www.caixa.gov.br/Downloads/aplicacao-financeira-carta-mensal/CM_7980.pdf,https://www.caixa.gov.br/Downloads/aplicacao-financeira-laminas-comerciais/LAC_7980.pdf
MULTIMERCADO,CAIXA CAPITAL PROTEGIDO IBOVESPA CÍCLICO I FIC FIF MM,CAIXA CAPITAL PROTEGIDO IBOVESPA CICLICO I FIC FIF MM,08/11/2011,-,-,-,-,-,-,PF,PF | TODOS,https://www.caixa.gov.br/fundos-investimento/multimercado/fic-capital-protegido-ibovespa-ciclico-1-multimercado,14.239.659/0001-00,5475,Conservador,1.6,5000.0,D+1 (du),D+03 (du),http://www.caixa.gov.br/downloads/aplicacao-financeira-laminas/LA_5475.pdf,http://www.caixa.gov.br/downloads/aplicacao-financeira-regulamentos/RG_5475.pdf,http://www.caixa.gov.br/Downloads/aplicacao-financeira-inf-com/FIC_5475.pdf,http://www.caixa.gov.br/Downloads/aplicacao-financeira-comunicado-aos-cotistas/FR_5475.pdf,https://www.caixa.gov.br/Downloads/aplicacao-financeira-carta-mensal/CM_5475.pdf,https://www.caixa.gov.br/Downloads/aplicacao-financeira-laminas-comerciais/LAC_5475.pdf
MULTIMERCADO,CAIXA CAPITAL PROTEGIDO CÍCLICO III FIC FIF MM LP - RESP LTDA,CAIXA CAPITAL PROTEGIDO CICLICO III FIC FIF MM LP - RESP LTDA,10/01/2022,-,-,-,-,-,-,PF,PF | PJ | RPPS,https://www.caixa.gov.br/fundos-investimento/multimercado/fic-capital-protegido-ciclico-iii-multimercado-lp/Paginas/default.aspx,44.683.343/0001-73,6608,Conservador,0.9,5000.0,D+0 (du),D+02 (du),http://www.caixa.gov.br/downloads/aplicacao-financeira-laminas/LA_6608.pdf,http://www.caixa.gov.br/downloads/aplicacao-financeira-regulamentos/RG_6608.pdf,http://www.caixa.gov.br/Downloads/aplicacao-financeira-inf-com/FIC_6608.pdf,http://www.caixa.gov.br/Downloads/aplicacao-financeira-comunicado-aos-cotistas/FR_6608.pdf,https://www.caixa.gov.br/Downloads/aplicacao-financeira-carta-mensal/CM_6608.pdf,https://www.caixa.gov.br/Downloads/aplicacao-financeira-laminas-comerciais/LAC_6608.pdf
MULTIMERCADO,CAIXA FIC FIF CAPITAL PROTEGIDO CESTA AGRO MM,CAIXA FIC FIF CAPITAL PROTEGIDO CESTA AGRO MM,04/07/2022,-,-,-,-,-,-,PF,GOV | PF | PJ | RPPS,https://www.caixa.gov.br/fundos-investimento/multimercado/caixa_fic_fim_cap_protegido_cesta_agro/Paginas/default.aspx,42.229.068/0001-97,6621,Conservador,0.9,5000.0,D+0 (du),D+02 (du),http://www.caixa.gov.br/downloads/aplicacao-financeira-laminas/LA_6621.pdf,http://www.caixa.gov.br/downloads/aplicacao-financeira-regulamentos/RG_6621.pdf,http://www.caixa.gov.br/Downloads/aplicacao-financeira-inf-com/FIC_6621.pdf,http://www.caixa.gov.br/Downloads/aplicacao-financeira-comunicado-aos-cotistas/FR_6621.pdf,https://www.caixa.gov.br/Downloads/aplicacao-financeira-carta-mensal/CM_6621.pdf,https://www.caixa.gov.br/Downloads/aplicacao-financeira-laminas-comerciais/LAC_6621.pdf
MULTIMERCADO,CAIXA FIC FIM CAPITAL PROTEGIDO CICLICO II LP - RL,CAIXA FIC FIM CAPITAL PROTEGIDO CICLICO II LP - RL,18/07/2022,-,-,-,-,-,-,PF,GOV | PF | PJ | RPPS,https://www.caixa.gov.br/fundos-investimento/multimercado/fic-capital-protegido-ciclico-ii-multimercado-lp/Paginas/default.aspx,45.443.651/0001-94,6623,Conservador,0.9,5000.0,D+0 (du),D+02 (du),http://www.caixa.gov.br/downloads/aplicacao-financeira-laminas/LA_6623.pdf,http://www.caixa.gov.br/downloads/aplicacao-financeira-regulamentos/RG_6623.pdf,http://www.caixa.gov.br/Downloads/aplicacao-financeira-inf-com/FIC_6623.pdf,http://www.caixa.gov.br/Downloads/aplicacao-financeira-comunicado-aos-cotistas/FR_6623.pdf,https://www.caixa.gov.br/Downloads/aplicacao-financeira-carta-mensal/CM_6623.pdf,https://www.caixa.gov.br/Downloads/aplicacao-financeira-laminas-comerciais/LAC_6623.pdf
MULTIMERCADO,CAIXA FIC FIF EXPERT SPX NIMITZ MULTIMERCADO RESP LTDA,CAIXA FIC FIF EXPERT SPX NIMITZ MULTIMERCADO RESP LTDA,04/05/2020,-,-,-,-,-,-,PF,PF | PJ,https://www.caixa.gov.br/fundos-investimento/multimercado/fic-caixa-expert-spxmm/Paginas/default.aspx,34.660.453/0001-66,6475,Moderado,2.0,10000.0,D+22 (du),D+24 (du),https://www.caixa.gov.br/Downloads/aplicacao-financeira-laminas-comerciais/LAC_6475.pdf,https://www.caixa.gov.br/downloads/aplicacao-financeira-regulamentos/RG_6475.pdf,https://www.caixa.gov.br/Downloads/aplicacao-financeira-inf-com/FIC_6475.pdf,https://www.caixa.gov.br/Downloads/aplicacao-financeira-comunicado-aos-cotistas/COM_6475.pdf,https://www.caixa.gov.br/Downloads/aplicacao-financeira-carta-mensal/CM_6475.pdf,https://www.caixa.gov.br/Downloads/aplicacao-financeira-laminas-comerciais/LAC_6475.pdf
MULTIMERCADO,CAIXA FIC FIF ALOCAÇÃO MACRO MM LONGO PRAZO RESP LTDA,CAIXA FIC FIF ALOCACAO MACRO MM LONGO PRAZO RESP LTDA,01/02/2007,"5,59416800","-0,410","-0,34","4,99","14,03","895,059",PF,PF | PJ | RPPS | TODOS,https://www.caixa.gov.br/fundos-investimento/multimercado/fic-alocacao-macro-multimercado-longo-prazo/,08.070.841/0001-87,5492,Moderado,0.5,10000.0,D+1 (du),D+03 (du),https://www.caixa.gov.br/downloads/aplicacao-financeira-laminas/LA_5492.pdf,http://www.caixa.gov.br/downloads/aplicacao-financeira-regulamentos/RG_5492.pdf,https://www.caixa.gov.br/Downloads/aplicacao-financeira-inf-com/FIC_5492.pdf,https://www.caixa.gov.br/Downloads/aplicacao-financeira-comunicado-aos-cotistas/FR_5492.pdf,https://www.caixa.gov.br/Downloads/aplicacao-financeira-carta-mensal/CM_5492.pdf,https://www.caixa.gov.br/Downloads/aplicacao-financeira-laminas-comerciais/LAC_5492.pdf
MULTIMERCADO,CAIXA FIC FIF JUROS E MOEDAS MM LP RESP LTDA,CAIXA FIC FIF JUROS E MOEDAS MM LP RESP LTDA,28/06/2012,"3,64794000","-0,095","-0,05","4,88","13,23","744,192",PF,PF | PJ | RPPS | TODOS,https://www.caixa.gov.br/fundos-investimento/multimercado/fi-juros-moedas-multimercado-longo-prazo,14.120.520/0001-42,5582,Moderado,0.7,10000.0,D+0 (du),D+00 (du),https://www.caixa.gov.br/downloads/aplicacao-financeira-laminas/LA_5582.pdf,https://www.caixa.gov.br/downloads/aplicacao-financeira-regulamentos/RG_5582.pdf,https://www.caixa.gov.br/Downloads/aplicacao-financeira-inf-com/FIC_5582.pdf,https://www.caixa.gov.br/Downloads/aplicacao-financeira-comunicado-aos-cotistas/COM_5582.pdf,https://www.caixa.gov.br/Downloads/aplicacao-financeira-carta-mensal/CM_5582.pdf,https://www.caixa.gov.br/Downloads/aplicacao-financeira-laminas-comerciais/LAC_5582.pdf
MULTIMERCADO,FIC FIF CAIXA EXPERT BTG PACTUAL X10 MM LP RESP LTDA,FIC FIF CAIXA EXPERT BTG PACTUAL X10 MM LP RESP LTDA,21/03/2013,-,-,-,-,-,-,PF,PF | PJ | TODOS,https://www.caixa.gov.br/fundos-investimento/multimercado/btg-pactual-x10-multimercado-longo-prazo/,17.433.039/0001-03,5911,Moderado,1.0,10000.0,D+8 (du),D+10 (du),https://www.caixa.gov.br/Downloads/aplicacao-financeira-laminas-comerciais/LAC_5911.pdf,https://www.caixa.gov.br/downloads/aplicacao-financeira-regulamentos/RG_5911.pdf,https://www.caixa.gov.br/Downloads/aplicacao-financeira-inf-com/FIC_5911.pdf,https://www.caixa.gov.br/Downloads/aplicacao-financeira-comunicado-aos-cotistas/FR_5911.pdf,https://www.caixa.gov.br/Downloads/aplicacao-financeira-carta-mensal/CM_5911.pdf,https://www.caixa.gov.br/Downloads/aplicacao-financeira-laminas-comerciais/LAC_5911.pdf
MULTIMERCADO,CAIXA FIC FIF EXPERT PIMCO INCOME IE MM LP RESP LTDA,CAIXA FIC FIF EXPERT PIMCO INCOME IE MM LP RESP LTDA,21/08/2023,-,-,-,-,-,-,PF,PF | PJ | RPPS,https://www.caixa.gov.br/fundos-investimento/multimercado/caixa-expert-pimco-income-ie-fic-multimercado/Paginas/default.aspx,51.659.921/0001-00,7875,Arrojado,0.93,10000.0,D+3 (du),D+08 (du),https://www.caixa.gov.br/Downloads/aplicacao-financeira-laminas-comerciais/LAC_7875.pdf,http://www.caixa.gov.br/downloads/aplicacao-financeira-regulamentos/RG_7875.pdf,http://www.caixa.gov.br/Downloads/aplicacao-financeira-inf-com/FIC_7875.pdf,https://www.caixa.gov.br/Downloads/aplicacao-financeira-comunicado-aos-cotistas/COM_7875.pdf,https://www.caixa.gov.br/Downloads/aplicacao-financeira-carta-mensal/CM_7875.pdf,https://www.caixa.gov.br/Downloads/aplicacao-financeira-laminas-comerciais/LAC_7875.pdf
MULTIMERCADO,CAIXA EXPERT GIANT ZARATHUSTRA FIC MULTIMERCADO - RESP LTDA,CAIXA EXPERT GIANT ZARATHUSTRA FIC MULTIMERCADO - RESP LTDA,12/02/2021,-,-,-,-,-,-,PF,PF | PJ | TODOS,https://www.caixa.gov.br/fundos-investimento/multimercado/expert-giant-zarathustra-fic-multimercado,40.209.061/0001-88,6535,Moderado,0.4,10000.0,D+22 (du),D+25 (du),https://www.caixa.gov.br/downloads/aplicacao-financeira-laminas/LA_6535.pdf,https://www.caixa.gov.br/downloads/aplicacao-financeira-regulamentos/RG_6535.pdf,https://www.caixa.gov.br/Downloads/aplicacao-financeira-inf-com/FIC_6535.pdf,https://www.caixa.gov.br/Downloads/aplicacao-financeira-comunicado-aos-cotistas/COM_6535.pdf,https://www.caixa.gov.br/Downloads/aplicacao-financeira-carta-mensal/CM_6535.pdf,https://www.caixa.gov.br/Downloads/aplicacao-financeira-laminas-comerciais/LAC_6535.pdf
CAMBIAL,CAIXA FIC FIF INDEXA DOLAR CAMBIAL RESP LTDA,CAIXA FIC FIF INDEXA DOLAR CAMBIAL RESP LTDA,27/06/2005,"3,78644400","1,310","0,75","-5,80","-5,70","97,502",PF,PF | PJ | TODOS,https://www.caixa.gov.br/fundos-investimento/cambiais/fic-cambial-dolar/Paginas/default.aspx,05.114.733/0001-70,5403,Moderado,0.8,0.01,D+1 (du),D+01 (du),https://www.caixa.gov.br/downloads/aplicacao-financeira-laminas/LA_5403.pdf,https://www.caixa.gov.br/downloads/aplicacao-financeira-regulamentos/RG_5403.pdf,https://www.caixa.gov.br/Downloads/aplicacao-financeira-inf-com/FIC_5403.pdf,https://www.caixa.gov.br/Downloads/aplicacao-financeira-comunicado-aos-cotistas/COM_5403.pdf,https://www.caixa.gov.br/Downloads/aplicacao-financeira-carta-mensal/CM_5403.pdf,https://www.caixa.gov.br/Downloads/aplicacao-financeira-laminas-comerciais/LAC_5403.pdf
ACOES,CAIXA FIF AÇÕES DIVIDENDOS RESP LTDA,CAIXA FIF ACOES DIVIDENDOS RESP LTDA,03/10/2003,"6,55035400","-1,422","-1,22","3,27","18,63","336,419",PF,PF | PJ | TODOS,https://www.caixa.gov.br/fundos-investimento/fundos-de-acoes/fi-acoes-dividendos,05.900.798/0001-41,5390,Arrojado,1.5,0.01,D+1 (du),D+03 (du),https://www.caixa.gov.br/downloads/aplicacao-financeira-laminas/LA_5390.pdf,https://www.caixa.gov.br/downloads/aplicacao-financeira-regulamentos/RG_5390.pdf,https://www.caixa.gov.br/Downloads/aplicacao-financeira-inf-com/FIC_5390.pdf,https://www.caixa.gov.br/Downloads/aplicacao-financeira-comunicado-aos-cotistas/COM_5390.pdf,https://www.caixa.gov.br/Downloads/aplicacao-financeira-carta-mensal/CM_5390.pdf,https://www.caixa.gov.br/Downloads/aplicacao-financeira-laminas-comerciais/LAC_5390.pdf
ACOES,CAIXA FIC FIF AÇÕES E-FUNDOS IBOVESPA RESP LTDA,CAIXA FIC FIF ACOES E-FUNDOS IBOVESPA RESP LTDA,05/10/2012,"2,53501200","-2,193","-1,93","5,36","22,81","13,158",PF,GOV | PF | PJ,https://www.caixa.gov.br/fundos-investimento/fundos-de-acoes/fi-acoes-brasil-etf-bovespa/Paginas/default.aspx,01.525.057/0001-77,53,Arrojado,2.0,0.01,D+1 (du),D+03 (du),https://www.caixa.gov.br/downloads/aplicacao-financeira-laminas/LA_0053.pdf,https://www.caixa.gov.br/downloads/aplicacao-financeira-regulamentos/RG_0053.pdf,https://www.caixa.gov.br/Downloads/aplicacao-financeira-inf-com/FIC_0053.pdf,https://www.caixa.gov.br/Downloads/aplicacao-financeira-comunicado-aos-cotistas/FR_0053.pdf,https://www.caixa.gov.br/Downloads/aplicacao-financeira-carta-mensal/CM_53.pdf,https://www.caixa.gov.br/Downloads/aplicacao-financeira-laminas-comerciais/LAC_53.pdf
ACOES,CAIXA ATENA FIC FIF AÇÕES FUNCIONÁRIOS LIVRE QUANT RESP LTDA,CAIXA ATENA FIC FIF ACOES FUNCIONARIOS LIVRE QUANT RESP LTDA,06/07/2020,"1.864,02397700","-2,883","-3,41","-6,10","8,94","9,919",PF,PF,,35.536.497/0001-41,6478,Arrojado,0.8,0.01,D+13 (du),D+15 (du),https://www.caixa.gov.br/downloads/aplicacao-financeira-laminas/LA_6478.pdf,https://www.caixa.gov.br/downloads/aplicacao-financeira-regulamentos/RG_6478.pdf,https://www.caixa.gov.br/Downloads/aplicacao-financeira-inf-com/FIC_6478.pdf,https://www.caixa.gov.br/Downloads/aplicacao-financeira-comunicado-aos-cotistas/FR_6478.pdf,https://www.caixa.gov.br/Downloads/aplicacao-financeira-carta-mensal/CM_6478.pdf,https://www.caixa.gov.br/Downloads/aplicacao-financeira-laminas-comerciais/LAC_6478.pdf
ACOES,CAIXA FIF AÇÕES BDR NÍVEL I RESP LTDA,CAIXA FIF ACOES BDR NIVEL I RESP LTDA,24/06/2013,"10,28348100","0,242","0,28","3,85","22,96","285,322",PF,PF | PJ | TODOS,https://www.caixa.gov.br/fundos-investimento/fundos-de-acoes/fi-acoes-bdr-nivel-1,17.503.172/0001-80,5928,Arrojado,1.5,0.01,D+1 (du),D+03 (du),https://www.caixa.gov.br/downloads/aplicacao-financeira-laminas/LA_5928.pdf,https://www.caixa.gov.br/downloads/aplicacao-financeira-regulamentos/RG_5928.pdf,https://www.caixa.gov.br/Downloads/aplicacao-financeira-inf-com/FIC_5928.pdf,https://www.caixa.gov.br/Downloads/aplicacao-financeira-comunicado-aos-cotistas/COM_5928.pdf,https://www.caixa.gov.br/Downloads/aplicacao-financeira-carta-mensal/CM_5928.pdf,https://www.caixa.gov.br/Downloads/aplicacao-financeira-laminas-comerciais/LAC_5928.pdf
ACOES,CAIXA FIF AÇÕES SMALL CAPS ATIVO RESP LTDA,CAIXA FIF ACOES SMALL CAPS ATIVO RESP LTDA,01/11/2012,"1,42497300","-3,354","-3,16","-6,52","-3,43","432,318",PF,PF | PJ | TODOS,https://www.caixa.gov.br/fundos-investimento/fundos-de-acoes/fi-acoes-small-caps-ativo,15.154.220/0001-47,5841,Arrojado,1.5,0.01,D+1 (du),D+03 (du),https://www.caixa.gov.br/downloads/aplicacao-financeira-laminas/LA_5841.pdf,https://www.caixa.gov.br/downloads/aplicacao-financeira-regulamentos/RG_5841.pdf,https://www.caixa.gov.br/Downloads/aplicacao-financeira-inf-com/FIC_5841.pdf,https://www.caixa.gov.br/Downloads/aplicacao-financeira-comunicado-aos-cotistas/FR_5841.pdf,https://www.caixa.gov.br/Downloads/aplicacao-financeira-carta-mensal/CM_5841.pdf,https://www.caixa.gov.br/Downloads/aplicacao-financeira-laminas-comerciais/LAC_5841.pdf
ACOES,CAIXA FIF AÇÕES CONSUMO RESP LTDA,CAIXA FIF ACOES CONSUMO RESP LTDA,26/04/2012,"1,07150400","-3,248","-3,31","-7,94","-6,27","55,112",PF,PF | PJ | TODOS,https://www.caixa.gov.br/fundos-investimento/fundos-de-acoes/fi-acoes-consumo,10.577.512/0001-79,5567,Arrojado,1.6,0.01,D+1 (du),D+03 (du),https://www.caixa.gov.br/downloads/aplicacao-financeira-laminas/LA_5567.pdf,https://www.caixa.gov.br/downloads/aplicacao-financeira-regulamentos/RG_5567.pdf,https://www.caixa.gov.br/Downloads/aplicacao-financeira-inf-com/FIC_5567.pdf,https://www.caixa.gov.br/Downloads/aplicacao-financeira-comunicado-aos-cotistas/COM_5567.pdf,https://www.caixa.gov.br/Downloads/aplicacao-financeira-carta-mensal/CM_5567.pdf,https://www.caixa.gov.br/Downloads/aplicacao-financeira-laminas-comerciais/LAC_5567.pdf
ACOES,CAIXA FIF ACOES SUSTENTABILIDADE EMPRESARIAL ISE - IS RESP LTDA,CAIXA FIF ACOES SUSTENTABILIDADE EMPRESARIAL ISE - IS RESP LTDA,05/11/2007,"1,67818900","-1,897","-1,78","-1,54","6,27","2,087",PF,PF | PJ | TODOS,https://www.caixa.gov.br/fundos-investimento/fundos-de-acoes/fi-acoes-ise,08.070.838/0001-63,5395,Arrojado,0.8,0.01,D+1 (du),D+03 (du),https://www.caixa.gov.br/downloads/aplicacao-financeira-laminas/LA_5395.pdf,https://www.caixa.gov.br/downloads/aplicacao-financeira-regulamentos/RG_5395.pdf,https://www.caixa.gov.br/Downloads/aplicacao-financeira-inf-com/FIC_5395.pdf,https://www.caixa.gov.br/Downloads/aplicacao-financeira-comunicado-aos-cotistas/FR_5395.pdf,https://www.caixa.gov.br/Downloads/aplicacao-financeira-carta-mensal/CM_5395.pdf,https://www.caixa.gov.br/Downloads/aplicacao-financeira-laminas-comerciais/LAC_5395.pdf
ACOES,CAIXA FIF ACOES PETROBRAS PLUS RESP LTDA,CAIXA FIF ACOES PETROBRAS PLUS RESP LTDA,28/06/2019,"4,50346300","-1,099","-0,18","43,00","49,64","76,304",PF,PF | PJ | TODOS,https://www.caixa.gov.br/fundos-investimento/fundos-de-acoes/fia-caixa-petrobras-plus/Paginas/default.aspx,30.068.205/0001-70,6420,Arrojado,1.5,0.01,D+1 (du),D+03 (du),https://www.caixa.gov.br/downloads/aplicacao-financeira-laminas/LA_6420.pdf,https://www.caixa.gov.br/downloads/aplicacao-financeira-regulamentos/RG_6420.pdf,https://www.caixa.gov.br/Downloads/aplicacao-financeira-inf-com/FIC_6420.pdf,https://www.caixa.gov.br/Downloads/aplicacao-financeira-comunicado-aos-cotistas/FR_6420.pdf,https://www.caixa.gov.br/Downloads/aplicacao-financeira-carta-mensal/CM_6420.pdf,https://www.caixa.gov.br/Downloads/aplicacao-financeira-laminas-comerciais/LAC_6420.pdf
ACOES,CAIXA FIC FIF AÇÕES IBOVESPA RESP LTDA,CAIXA FIC FIF ACOES IBOVESPA RESP LTDA,15/01/1997,"8,49389300","-2,199","-1,95","4,90","21,50","88,678",PF,PF | PJ | TODOS,https://www.caixa.gov.br/fundos-investimento/fundos-de-acoes/fi-acoes-ibovespa,01.525.057/0001-77,53,Arrojado,2.0,0.01,D+1 (du),D+03 (du),https://www.caixa.gov.br/downloads/aplicacao-financeira-laminas/LA_0053.pdf,https://www.caixa.gov.br/downloads/aplicacao-financeira-regulamentos/RG_0053.pdf,https://www.caixa.gov.br/Downloads/aplicacao-financeira-inf-com/FIC_0053.pdf,https://www.caixa.gov.br/Downloads/aplicacao-financeira-comunicado-aos-cotistas/FR_0053.pdf,https://www.caixa.gov.br/Downloads/aplicacao-financeira-carta-mensal/CM_53.pdf,https://www.caixa.gov.br/Downloads/aplicacao-financeira-laminas-comerciais/LAC_53.pdf
ACOES,CAIXA FIC FIF AÇÕES MULTIGESTOR RESP LTDA,CAIXA FIC FIF ACOES MULTIGESTOR RESP LTDA,25/06/2019,-,-,-,-,-,-,PF,PF | PJ | RPPS | TODOS,https://www.caixa.gov.br/fundos-investimento/fundos-de-acoes/fic-fia-multigestor/Paginas/default.aspx,30.068.224/0001-04,6421,Arrojado,1.5,0.01,D+23 (du),D+25 (du),https://www.caixa.gov.br/downloads/aplicacao-financeira-laminas/LA_6421.pdf,https://www.caixa.gov.br/downloads/aplicacao-financeira-regulamentos/RG_6421.pdf,https://www.caixa.gov.br/Downloads/aplicacao-financeira-inf-com/FIC_6421.pdf,https://www.caixa.gov.br/Downloads/aplicacao-financeira-comunicado-aos-cotistas/COM_6421.pdf,https://www.caixa.gov.br/Downloads/aplicacao-financeira-carta-mensal/CM_6421.pdf,https://www.caixa.gov.br/Downloads/aplicacao-financeira-laminas-comerciais/LAC_6421.pdf
ACOES,CAIXA FIF AÇÕES CONSTRUÇÃO CIVIL RESP LTDA,CAIXA FIF ACOES CONSTRUCAO CIVIL RESP LTDA,22/06/2009,"1,77104400","-5,081","-4,86","-6,85","9,56","108,615",PF,PF | PJ | TODOS,https://www.caixa.gov.br/fundos-investimento/fundos-de-acoes/fi-acoes-construcao-civil,10.551.375/0001-01,5397,Arrojado,2.0,0.01,D+1 (du),D+03 (du),https://www.caixa.gov.br/downloads/aplicacao-financeira-laminas/LA_5397.pdf,https://www.caixa.gov.br/downloads/aplicacao-financeira-regulamentos/RG_5397.pdf,https://www.caixa.gov.br/Downloads/aplicacao-financeira-inf-com/FIC_5397.pdf,https://www.caixa.gov.br/Downloads/aplicacao-financeira-comunicado-aos-cotistas/COM_5397.pdf,https://www.caixa.gov.br/Downloads/aplicacao-financeira-carta-mensal/CM_5397.pdf,https://www.caixa.gov.br/Downloads/aplicacao-financeira-laminas-comerciais/LAC_5397.pdf
ACOES,CAIXA FIF AÇÕES INFRAESTRUTURA RESP LTDA,CAIXA FIF ACOES INFRAESTRUTURA RESP LTDA,19/04/2010,"2,87409900","-1,178","-0,65","5,45","16,04","125,891",PF,PF | PJ | TODOS,https://www.caixa.gov.br/fundos-investimento/fundos-de-acoes/fi-acoes-infraestrutura,10.551.382/0001-03,5398,Arrojado,2.0,0.01,D+1 (du),D+03 (du),https://www.caixa.gov.br/downloads/aplicacao-financeira-laminas/LA_5398.pdf,https://www.caixa.gov.br/downloads/aplicacao-financeira-regulamentos/RG_5398.pdf,https://www.caixa.gov.br/Downloads/aplicacao-financeira-inf-com/FIC_5398.pdf,https://www.caixa.gov.br/Downloads/aplicacao-financeira-comunicado-aos-cotistas/FR_5398.pdf,https://www.caixa.gov.br/Downloads/aplicacao-financeira-carta-mensal/CM_5398.pdf,https://www.caixa.gov.br/Downloads/aplicacao-financeira-laminas-comerciais/LAC_5398.pdf
ACOES,CAIXA ATENA FIC FIF AÇÕES LIVRE QUANT RESP LTDA,CAIXA ATENA FIC FIF ACOES LIVRE QUANT RESP LTDA,31/07/2019,"1,81137600","-2,886","-3,42","-6,51","7,72","47,652",PF,PF | PJ,http://www.caixa.gov.br/fundos-investimento/fundos-de-acoes/FIC-FIA-acoes-livres/Paginas/default.aspx,22.791.154/0001-81,5978,Arrojado,2.0,0.01,D+13 (du),D+15 (du),https://www.caixa.gov.br/downloads/aplicacao-financeira-laminas/LA_5978.pdf,https://www.caixa.gov.br/downloads/aplicacao-financeira-regulamentos/RG_5978.pdf,https://www.caixa.gov.br/Downloads/aplicacao-financeira-inf-com/FIC_5978.pdf,https://www.caixa.gov.br/Downloads/aplicacao-financeira-comunicado-aos-cotistas/FR_5978.pdf,https://www.caixa.gov.br/Downloads/aplicacao-financeira-carta-mensal/CM_5978.pdf,https://www.caixa.gov.br/Downloads/aplicacao-financeira-laminas-comerciais/LAC_5978.pdf
ACOES,CAIXA FIF AÇÕES PETROBRAS PRÉ-SAL RESP LTDA,CAIXA FIF ACOES PETROBRAS PRE-SAL RESP LTDA,28/09/2010,"6,41147000","-0,750","-0,12","36,69","46,22","119,009",PF,PF | PJ | TODOS,https://www.caixa.gov.br/fundos-investimento/fundos-de-acoes/fi-acoes-petrobras-pre-sal,11.060.594/0001-42,5420,Arrojado,0.5,0.01,D+1 (du),D+03 (du),https://www.caixa.gov.br/downloads/aplicacao-financeira-laminas/LA_5420.pdf,https://www.caixa.gov.br/downloads/aplicacao-financeira-regulamentos/RG_5420.pdf,https://www.caixa.gov.br/Downloads/aplicacao-financeira-inf-com/FIC_5420.pdf,https://www.caixa.gov.br/Downloads/aplicacao-financeira-comunicado-aos-cotistas/FR_5420.pdf,https://www.caixa.gov.br/Downloads/aplicacao-financeira-carta-mensal/CM_5420.pdf,https://www.caixa.gov.br/Downloads/aplicacao-financeira-laminas-comerciais/LAC_5420.pdf
ACOES,CAIXA FIF ACOES BANCO DO BRASIL PLUS RESP LTDA,CAIXA FIF ACOES BANCO DO BRASIL PLUS RESP LTDA,23/10/2019,"1.233,48628600","-1,795","-3,10","-9,76","-14,08","39,772",PF,PF | PJ | RPPS,https://www.caixa.gov.br/fundos-investimento/fundos-de-acoes/Caixa-FI-Acoes-Banco-do-Brasil-Plus/Paginas/default.aspx,30.068.271/0001-40,6447,Arrojado,1.5,0.01,D+1 (du),D+03 (du),https://www.caixa.gov.br/downloads/aplicacao-financeira-laminas/LA_6447.pdf,https://www.caixa.gov.br/downloads/aplicacao-financeira-regulamentos/RG_6447.pdf,https://www.caixa.gov.br/Downloads/aplicacao-financeira-inf-com/FIC_6447.pdf,https://www.caixa.gov.br/Downloads/aplicacao-financeira-comunicado-aos-cotistas/COM_6447.pdf,https://www.caixa.gov.br/Downloads/aplicacao-financeira-carta-mensal/CM_6447.pdf,https://www.caixa.gov.br/Downloads/aplicacao-financeira-laminas-comerciais/LAC_6447.pdf
ACOES,CAIXA FIF AÇÕES VALE DO RIO DOCE RESP LTDA,CAIXA FIF ACOES VALE DO RIO DOCE RESP LTDA,20/02/2002,"38,70513600","-3,779","-1,26","12,03","64,59","661,852",PF,PF | PJ | TODOS,https://www.caixa.gov.br/fundos-investimento/fundos-de-acoes/fi-acoes-vale-rio-doce,04.885.820/0001-69,5301,Arrojado,2.0,0.01,D+1 (du),D+03 (du),https://www.caixa.gov.br/downloads/aplicacao-financeira-laminas/LA_5301.pdf,http://www.caixa.gov.br/downloads/aplicacao-financeira-regulamentos/RG_5301.pdf,https://www.caixa.gov.br/Downloads/aplicacao-financeira-inf-com/FIC_5301.pdf,https://www.caixa.gov.br/Downloads/aplicacao-financeira-comunicado-aos-cotistas/FR_5301.pdf,https://www.caixa.gov.br/Downloads/aplicacao-financeira-carta-mensal/CM_5301.pdf,https://www.caixa.gov.br/Downloads/aplicacao-financeira-laminas-comerciais/LAC_5301.pdf
ACOES,CAIXA FIF ACOES SEGURIDADE RESP LTDA,CAIXA FIF ACOES SEGURIDADE RESP LTDA,03/05/2021,"2,64485300","-1,742","-1,46","9,18","29,53","439,560",PF,GOV | PF | PJ,https://www.caixa.gov.br/fundos-investimento/fundos-de-acoes/fia-caixa-seguridade/Paginas/default.aspx,30.068.049/0001-47,6499,Arrojado,0.2,0.01,D+1 (du),D+03 (du),https://www.caixa.gov.br/downloads/aplicacao-financeira-laminas/LA_6499.pdf,https://www.caixa.gov.br/downloads/aplicacao-financeira-regulamentos/RG_6499.pdf,https://www.caixa.gov.br/Downloads/aplicacao-financeira-inf-com/FIC_6499.pdf,https://www.caixa.gov.br/Downloads/aplicacao-financeira-comunicado-aos-cotistas/COM_6499.pdf,https://www.caixa.gov.br/Downloads/aplicacao-financeira-carta-mensal/CM_6499.pdf,https://www.caixa.gov.br/Downloads/aplicacao-financeira-laminas-comerciais/LAC_6499.pdf
ACOES,CAIXA FIF AÇÕES IBRX ATIVO RESP LTDA,CAIXA FIF ACOES IBRX ATIVO RESP LTDA,12/09/2005,"4,66828400","-2,594","-2,94","4,02","22,28","22,577",PF,PF | PJ | TODOS,https://www.caixa.gov.br/fundos-investimento/fundos-de-acoes/fi-acoes-ibrx-ativo,05.164.370/0001-88,5392,Arrojado,1.5,0.01,D+1 (du),D+03 (du),https://www.caixa.gov.br/downloads/aplicacao-financeira-laminas/LA_5392.pdf,https://www.caixa.gov.br/downloads/aplicacao-financeira-regulamentos/RG_5392.pdf,https://www.caixa.gov.br/Downloads/aplicacao-financeira-inf-com/FIC_5392.pdf,https://www.caixa.gov.br/Downloads/aplicacao-financeira-comunicado-aos-cotistas/FR_5392.pdf,https://www.caixa.gov.br/Downloads/aplicacao-financeira-carta-mensal/CM_5392.pdf,https://www.caixa.gov.br/Downloads/aplicacao-financeira-laminas-comerciais/LAC_5392.pdf
ACOES,CAIXA FIF ACOES INDEXA SETOR FINANCEIRO RESP LTDA,CAIXA FIF ACOES INDEXA SETOR FINANCEIRO RESP LTDA,26/01/2021,"1.451,78743500","-2,759","-3,46","-0,24","11,39","28,805",PF,GOV | PF | PJ | RPPS | TODOS,https://www.caixa.gov.br/fundos-investimento/fundos-de-acoes/caixa-fia-indexa-setor-financeiro/Paginas/default.aspx,40.209.029/0001-00,6530,Arrojado,0.8,0.01,D+1 (du),D+03 (du),https://www.caixa.gov.br/downloads/aplicacao-financeira-laminas/LA_6530.pdf,https://www.caixa.gov.br/downloads/aplicacao-financeira-regulamentos/RG_6530.pdf,https://www.caixa.gov.br/Downloads/aplicacao-financeira-inf-com/FIC_6530.pdf,https://www.caixa.gov.br/Downloads/aplicacao-financeira-comunicado-aos-cotistas/COM_6530.pdf,https://www.caixa.gov.br/Downloads/aplicacao-financeira-carta-mensal/CM_6530.pdf,https://www.caixa.gov.br/Downloads/aplicacao-financeira-laminas-comerciais/LAC_6530.pdf
ACOES,CAIXA FIC FIF ACOES DIVIDENDOS QUANTITATIVO RESP LTDA,CAIXA FIC FIF ACOES DIVIDENDOS QUANTITATIVO RESP LTDA,02/09/2021,"1,90090600","-2,296","-1,84","-6,56","5,37","1,729",PF,PF | PJ,https://www.caixa.gov.br/fundos-investimento/fundos-de-acoes/fic-fia-dividendos-quantitativo/Paginas/default.aspx,42.120.405/0001-03,6591,Arrojado,2.0,0.01,D+13 (du),D+15 (du),https://www.caixa.gov.br/downloads/aplicacao-financeira-laminas/LA_6591.pdf,https://www.caixa.gov.br/downloads/aplicacao-financeira-regulamentos/RG_6591.pdf,https://www.caixa.gov.br/Downloads/aplicacao-financeira-inf-com/FIC_6591.pdf,https://www.caixa.gov.br/Downloads/aplicacao-financeira-comunicado-aos-cotistas/COM_6591.pdf,https://www.caixa.gov.br/Downloads/aplicacao-financeira-carta-mensal/CM_6591.pdf,https://www.caixa.gov.br/Downloads/aplicacao-financeira-laminas-comerciais/LAC_6591.pdf
ACOES,CAIXA FIF ACOES INDEXA PIBB IBRX 50 RESP LTDA,CAIXA FIF ACOES INDEXA PIBB IBRX 50 RESP LTDA,12/09/2005,"5,73246700","-2,185","-2,26","6,56","24,85","42,205",PF,PF | PJ | TODOS,https://www.caixa.gov.br/fundos-investimento/fundos-de-acoes/fi-acoes-pibb-sem-opcao-de-venda,05.164.361/0001-97,5393,Arrojado,0.8,0.01,D+1 (du),D+03 (du),https://www.caixa.gov.br/downloads/aplicacao-financeira-laminas/LA_5393.pdf,https://www.caixa.gov.br/downloads/aplicacao-financeira-regulamentos/RG_5393.pdf,https://www.caixa.gov.br/Downloads/aplicacao-financeira-inf-com/FIC_5393.pdf,https://www.caixa.gov.br/Downloads/aplicacao-financeira-comunicado-aos-cotistas/COM_5393.pdf,https://www.caixa.gov.br/Downloads/aplicacao-financeira-carta-mensal/CM_5393.pdf,https://www.caixa.gov.br/Downloads/aplicacao-financeira-laminas-comerciais/LAC_5393.pdf
ACOES,CAIXA FIF ACOES IBOVESPA ATIVO RESP LTDA,CAIXA FIF ACOES IBOVESPA ATIVO RESP LTDA,01/02/2007,"2,16646300","-1,974","-2,07","3,25","21,02","34,785",PF,PF | PJ | TODOS,https://www.caixa.gov.br/fundos-investimento/fundos-de-acoes/fi-acoes-ibovespa-ativo,08.046.355/0001-23,5394,Arrojado,2.0,0.01,D+1 (du),D+03 (du),https://www.caixa.gov.br/downloads/aplicacao-financeira-laminas/LA_5394.pdf,https://www.caixa.gov.br/downloads/aplicacao-financeira-regulamentos/RG_5394.pdf,https://www.caixa.gov.br/Downloads/aplicacao-financeira-inf-com/FIC_5394.pdf,https://www.caixa.gov.br/Downloads/aplicacao-financeira-comunicado-aos-cotistas/FR_5394.pdf,https://www.caixa.gov.br/Downloads/aplicacao-financeira-carta-mensal/CM_5394.pdf,https://www.caixa.gov.br/Downloads/aplicacao-financeira-laminas-comerciais/LAC_5394.pdf
ACOES,CAIXA FIF AÇÕES PETROBRÁS RESP LTDA,CAIXA FIF ACOES PETROBRAS RESP LTDA,10/07/2000,"41,76826900","-1,097","-0,18","43,06","49,76","831,680",PF,PF | PJ | TODOS,https://www.caixa.gov.br/fundos-investimento/fundos-de-acoes/fi-acoes-petrobras,03.914.671/0001-56,48,Arrojado,1.5,0.01,D+1 (du),D+03 (du),https://www.caixa.gov.br/downloads/aplicacao-financeira-laminas/LA_0048.pdf,https://www.caixa.gov.br/downloads/aplicacao-financeira-regulamentos/RG_0048.pdf,https://www.caixa.gov.br/Downloads/aplicacao-financeira-inf-com/FIC_0048.pdf,https://www.caixa.gov.br/Downloads/aplicacao-financeira-comunicado-aos-cotistas/FR_0048.pdf,https://www.caixa.gov.br/Downloads/aplicacao-financeira-carta-mensal/CM_48.pdf,https://www.caixa.gov.br/Downloads/aplicacao-financeira-laminas-comerciais/LAC_48.pdf
ACOES,CAIXA FIF ACOES INDEXA IAGRO RESP LTDA,CAIXA FIF ACOES INDEXA IAGRO RESP LTDA,14/06/2022,"0,84186100","-1,837","-2,05","-12,54","-21,50","2,858",PF,PF | PJ | RPPS,https://www.caixa.gov.br/fundos-investimento/fundos-de-acoes/fia-caixa-indexa-iagro/Paginas/default.aspx,45.443.601/0001-07,6620,Arrojado,0.8,0.01,D+1 (du),D+03 (du),https://www.caixa.gov.br/downloads/aplicacao-financeira-laminas/LA_6620.pdf,https://www.caixa.gov.br/downloads/aplicacao-financeira-regulamentos/RG_6620.pdf,https://www.caixa.gov.br/Downloads/aplicacao-financeira-inf-com/FIC_6620.pdf,https://www.caixa.gov.br/Downloads/aplicacao-financeira-comunicado-aos-cotistas/COM_6620.pdf,https://www.caixa.gov.br/Downloads/aplicacao-financeira-carta-mensal/CM_6620.pdf,https://www.caixa.gov.br/Downloads/aplicacao-financeira-laminas-comerciais/LAC_6620.pdf
ACOES,CAIXA FIC FIF ACOES COMPROMISSO BDR NIVEL I RESP LTDA,CAIXA FIC FIF ACOES COMPROMISSO BDR NIVEL I RESP LTDA,05/11/2021,"1,17753300","-0,861","-1,45","-2,69","11,54","3,787",PF,PF | PJ | RPPS,http://www.caixa.gov.br/fundos-investimento/fundos-de-acoes/FIA-Institucional-BDR-nivel-I/Paginas/default.aspx,43.760.251/0001-87,6593,Arrojado,1.0,0.01,D+1 (du),D+03 (du),https://www.caixa.gov.br/downloads/aplicacao-financeira-laminas/LA_6593.pdf,https://www.caixa.gov.br/downloads/aplicacao-financeira-regulamentos/RG_6593.pdf,https://www.caixa.gov.br/Downloads/aplicacao-financeira-inf-com/FIC_6593.pdf,https://www.caixa.gov.br/Downloads/aplicacao-financeira-comunicado-aos-cotistas/COM_6593.pdf,https://www.caixa.gov.br/Downloads/aplicacao-financeira-carta-mensal/CM_6593.pdf,https://www.caixa.gov.br/Downloads/aplicacao-financeira-laminas-comerciais/LAC_6593.pdf
ACOES,CAIXA SEGURIDADE II FIF ACOES - RESP LTDA,CAIXA SEGURIDADE II FIF ACOES - RESP LTDA,24/03/2025,"1,30660100","-1,742","-1,46","9,11","29,34","19,409",PF,PF | PJ,https://www.caixa.gov.br/fundos-investimento/fundos-de-acoes/fia-caixa-seguridade/Paginas/default.aspx,59.815.671/0001-53,7971,Arrojado,0.2,0.01,D+1 (du),D+03 (du),https://www.caixa.gov.br/Downloads/aplicacao-financeira-laminas-comerciais/LAC_7971.pdf,http://www.caixa.gov.br/downloads/aplicacao-financeira-regulamentos/RG_7971.pdf,http://www.caixa.gov.br/Downloads/aplicacao-financeira-inf-com/FIC_7971.pdf,http://www.caixa.gov.br/Downloads/aplicacao-financeira-comunicado-aos-cotistas/FR_7971.pdf,https://www.caixa.gov.br/Downloads/aplicacao-financeira-carta-mensal/CM_7971.pdf,https://www.caixa.gov.br/Downloads/aplicacao-financeira-laminas-comerciais/LAC_7971.pdf
ACOES,CAIXA FIF ACOES ELETROBRAS RESP LTDA,CAIXA FIF ACOES ELETROBRAS RESP LTDA,30/05/2022,"1,71993600","-3,045","-3,15","0,05","62,70","262,525",PF,PF | PJ | RPPS,https://www.caixa.gov.br/fundos-investimento/fundos-de-acoes/fia-caixa-eletrobras/Paginas/default.aspx,45.443.475/0001-90,6602,Arrojado,0.45,0.01,D+1 (du),D+03 (du),https://www.caixa.gov.br/downloads/aplicacao-financeira-laminas/LA_6602.pdf,https://www.caixa.gov.br/downloads/aplicacao-financeira-regulamentos/RG_6602.pdf,https://www.caixa.gov.br/Downloads/aplicacao-financeira-inf-com/FIC_6602.pdf,https://www.caixa.gov.br/Downloads/aplicacao-financeira-comunicado-aos-cotistas/COM_6602.pdf,https://www.caixa.gov.br/Downloads/aplicacao-financeira-carta-mensal/CM_6602.pdf,https://www.caixa.gov.br/Downloads/aplicacao-financeira-laminas-comerciais/LAC_6602.pdf
ACOES,CAIXA FIC ACOES EXPERT VERDE AM LONG BIAS - RESP LTDA,CAIXA FIC ACOES EXPERT VERDE AM LONG BIAS - RESP LTDA,05/10/2020,-,-,-,-,-,-,PF,PF | PJ | TODOS,https://www.caixa.gov.br/fundos-investimento/fundos-de-acoes/CAIXA-Expert-Verde-Am-Long-Bias-FIC-Acoes/Paginas/default.aspx,30.068.071/0001-97,6994,Arrojado,0.7,10000.0,D+22 (du),D+24 (du),https://www.caixa.gov.br/downloads/aplicacao-financeira-laminas/LA_6994.pdf,https://www.caixa.gov.br/downloads/aplicacao-financeira-regulamentos/RG_6994.pdf,https://www.caixa.gov.br/Downloads/aplicacao-financeira-inf-com/FIC_6994.pdf,https://www.caixa.gov.br/Downloads/aplicacao-financeira-comunicado-aos-cotistas/FR_6994.pdf,https://www.caixa.gov.br/Downloads/aplicacao-financeira-carta-mensal/CM_6994.pdf,https://www.caixa.gov.br/Downloads/aplicacao-financeira-laminas-comerciais/LAC_6994.pdf
ACOES,CAIXA EXPERT CLARITAS VALOR FIC FIF AÇÕES - RESP LTDA,CAIXA EXPERT CLARITAS VALOR FIC FIF ACOES - RESP LTDA,19/10/2020,-,-,-,-,-,-,PF,GOV | PF | PJ | RPPS | TODOS,https://www.caixa.gov.br/fundos-investimento/fundos-de-acoes/caixa-expert-claritas-valor-fic-acoes/Paginas/default.aspx,30.068.060/0001-07,6397,Arrojado,0.6,10000.0,D+23 (du),D+25 (du),https://www.caixa.gov.br/downloads/aplicacao-financeira-laminas/LA_6397.pdf,https://www.caixa.gov.br/downloads/aplicacao-financeira-regulamentos/RG_6397.pdf,https://www.caixa.gov.br/Downloads/aplicacao-financeira-inf-com/FIC_6397.pdf,https://www.caixa.gov.br/Downloads/aplicacao-financeira-comunicado-aos-cotistas/COM_6397.pdf,https://www.caixa.gov.br/Downloads/aplicacao-financeira-carta-mensal/CM_6397.pdf,https://www.caixa.gov.br/Downloads/aplicacao-financeira-laminas-comerciais/LAC_6397.pdf
FUNDO DE INDICE,CAIXA ETF IBOVESPA FUNDO DE ÍNDICE RESP LTDA,CAIXA ETF IBOVESPA FUNDO DE INDICE RESP LTDA,12/11/2012,"166,32637200","-2,174","-1,90","5,55","23,36","41,583",PF,PF | TODOS,https://www.caixa.gov.br/fundos-investimento/fundos-de-indices/etf-ibovespa-fundo-de-indice/,15.154.236/0001-50,5842,Arrojado,0.5,0.01,D+1 (du),D+03 (du),http://www.caixa.gov.br/downloads/aplicacao-financeira-laminas/LA_5842.pdf,http://www.caixa.gov.br/downloads/aplicacao-financeira-regulamentos/RG_5842.pdf,http://www.caixa.gov.br/Downloads/aplicacao-financeira-inf-com/FIC_5842.pdf,http://www.caixa.gov.br/Downloads/aplicacao-financeira-comunicado-aos-cotistas/FR_5842.pdf,https://www.caixa.gov.br/Downloads/aplicacao-financeira-carta-mensal/CM_5842.pdf,https://www.caixa.gov.br/Downloads/aplicacao-financeira-laminas-comerciais/LAC_5842.pdf
FUNDOS MUTUOS DE PRIVATIZACAO,CAIXA FMP-FGTS ELETROBRAS MIGRACAO,CAIXA FMP-FGTS ELETROBRAS MIGRACAO,09/06/2022,"1,75759700","-3,048","-3,17","0,10","62,98","4,808",PF,PF,https://www.caixa.gov.br/fundos-investimento/mutuos-privatizacao/fmp-fgts-eletrobras-migracao,45.443.366/0001-73,6601,Arrojado,0.2,200.0,D+1 (du),D+05 (du),https://www.caixa.gov.br/Downloads/aplicacao-financeira-laminas-comerciais/LAC_6601.pdf,https://www.caixa.gov.br/downloads/aplicacao-financeira-regulamentos/RG_6601.pdf,https://www.caixa.gov.br/Downloads/aplicacao-financeira-inf-com/FIC_6601.pdf,https://www.caixa.gov.br/Downloads/aplicacao-financeira-comunicado-aos-cotistas/COM_6601.pdf,https://www.caixa.gov.br/Downloads/aplicacao-financeira-carta-mensal/CM_6601.pdf,https://www.caixa.gov.br/Downloads/aplicacao-financeira-laminas-comerciais/LAC_6601.pdf
FUNDOS MUTUOS DE PRIVATIZACAO,CAIXA FMP-FGTS ELETROBRAS RESP LTDA,CAIXA FMP-FGTS ELETROBRAS RESP LTDA,14/06/2022,"1,71341400","-3,071","-3,20","0,08","62,98","1.562,344",PF,PF,https://www.caixa.gov.br/fundos-investimento/mutuos-privatizacao/fmp-fgts-eletrobras,45.160.183/0001-40,6600,Arrojado,0.2,200.0,D+1 (du),D+05 (du),https://www.caixa.gov.br/Downloads/aplicacao-financeira-laminas-comerciais/LAC_6600.pdf,https://www.caixa.gov.br/downloads/aplicacao-financeira-regulamentos/RG_6600.pdf,https://www.caixa.gov.br/Downloads/aplicacao-financeira-inf-com/FIC_6600.pdf,https://www.caixa.gov.br/Downloads/aplicacao-financeira-comunicado-aos-cotistas/COM_6600.pdf,https://www.caixa.gov.br/Downloads/aplicacao-financeira-carta-mensal/CM_6600.pdf,https://www.caixa.gov.br/Downloads/aplicacao-financeira-laminas-comerciais/LAC_6600.pdf
FUNDOS MUTUOS DE PRIVATIZACAO,CAIXA FMP-FGTS PETROBRÁS IV RESP LTDA,CAIXA FMP-FGTS PETROBRAS IV RESP LTDA,17/08/2000,"46,46741400","-1,097","-0,17","43,47","50,63","671,740",PF,PF,https://www.caixa.gov.br/fundos-investimento/mutuos-privatizacao/fmp-fgts-petrobas-4,03.555.959/0001-81,5204,Arrojado,0.95,300.0,D+1 (du),D+05 (du),https://www.caixa.gov.br/Downloads/aplicacao-financeira-laminas-comerciais/LAC_5204.pdf,https://www.caixa.gov.br/downloads/aplicacao-financeira-regulamentos/RG_5204.pdf,https://www.caixa.gov.br/Downloads/aplicacao-financeira-inf-com/FIC_5204.pdf,https://www.caixa.gov.br/Downloads/aplicacao-financeira-comunicado-aos-cotistas/COM_5204.pdf,https://www.caixa.gov.br/Downloads/aplicacao-financeira-carta-mensal/CM_5204.pdf,https://www.caixa.gov.br/Downloads/aplicacao-financeira-laminas-comerciais/LAC_5204.pdf
FUNDOS MUTUOS DE PRIVATIZACAO,CAIXA FMP-FGTS VALE RIO DOCE II RESP LTDA,CAIXA FMP-FGTS VALE RIO DOCE II RESP LTDA,27/03/2002,"42,88446700","-3,772","-1,26","12,27","65,48","774,386",PF,PF,http://www.caixa.gov.br/fundos-investimento/mutuos-privatizacao/fmp-fgts-vale-do-rio-doce-2,04.885.824/0001-47,5206,Arrojado,1.4,10000.0,D+1 (du),D+05 (du),https://www.caixa.gov.br/Downloads/aplicacao-financeira-laminas-comerciais/LAC_5206.pdf,https://www.caixa.gov.br/downloads/aplicacao-financeira-regulamentos/RG_5206.pdf,https://www.caixa.gov.br/Downloads/aplicacao-financeira-inf-com/FIC_5206.pdf,https://www.caixa.gov.br/Downloads/aplicacao-financeira-comunicado-aos-cotistas/FR_5206.pdf,https://www.caixa.gov.br/Downloads/aplicacao-financeira-carta-mensal/CM_5206.pdf,https://www.caixa.gov.br/Downloads/aplicacao-financeira-laminas-comerciais/LAC_5206.pdf
FUNDOS MUTUOS DE PRIVATIZACAO,CAIXA FMP-FGTS CL ABSOLUTO RESP LTDA,CAIXA FMP-FGTS CL ABSOLUTO RESP LTDA,24/08/2001,"15,96297600","-2,751","-2,96","-5,35","10,17","110,141",PF,PF,https://www.caixa.gov.br/fundos-investimento/mutuos-privatizacao/fmp-fgts-cl-absoluto,04.602.186/0001-00,5251,Arrojado,1.9,0.01,D+1 (du),D+05 (du),https://www.caixa.gov.br/Downloads/aplicacao-financeira-laminas-comerciais/LAC_5251.pdf,https://www.caixa.gov.br/downloads/aplicacao-financeira-regulamentos/RG_5251.pdf,https://www.caixa.gov.br/Downloads/aplicacao-financeira-inf-com/FIC_5251.pdf,https://www.caixa.gov.br/Downloads/aplicacao-financeira-comunicado-aos-cotistas/COM_5251.pdf,https://www.caixa.gov.br/Downloads/aplicacao-financeira-carta-mensal/CM_5251.pdf,https://www.caixa.gov.br/Downloads/aplicacao-financeira-laminas-comerciais/LAC_5251.pdf
FUNDOS MUTUOS DE PRIVATIZACAO,CAIXA FMP-FGTS VALE RIO DOCE MIGRAÇÃO RESP LTDA,CAIXA FMP-FGTS VALE RIO DOCE MIGRACAO RESP LTDA,26/02/2002,"35,95643500","-3,769","-1,26","12,05","64,32","11,752",PF,PF,http://www.caixa.gov.br/fundos-investimento/mutuos-privatizacao/fmp-fgts-vale-do-rio-doce-migracao,04.885.832/0001-93,5253,Arrojado,1.9,0.01,D+1 (du),D+05 (du),https://www.caixa.gov.br/Downloads/aplicacao-financeira-laminas-comerciais/LAC_5253.pdf,https://www.caixa.gov.br/downloads/aplicacao-financeira-regulamentos/RG_5253.pdf,https://www.caixa.gov.br/Downloads/aplicacao-financeira-inf-com/FIC_5253.pdf,https://www.caixa.gov.br/Downloads/aplicacao-financeira-comunicado-aos-cotistas/FR_5253.pdf,https://www.caixa.gov.br/Downloads/aplicacao-financeira-carta-mensal/CM_5253.pdf,https://www.caixa.gov.br/Downloads/aplicacao-financeira-laminas-comerciais/LAC_5253.pdf
FUNDOS MUTUOS DE PRIVATIZACAO,CAIXA FMP-FGTS PETROBRÁS II RESP LTDA,CAIXA FMP-FGTS PETROBRAS II RESP LTDA,17/08/2000,"41,05430400","-1,098","-0,18","43,19","49,93","580,231",PF,PF,http://www.caixa.gov.br/fundos-investimento/mutuos-privatizacao/fmp-fgts-petrobas-2,03.915.910/0001-92,5202,Arrojado,1.4,0.01,D+1 (du),D+05 (du),https://www.caixa.gov.br/Downloads/aplicacao-financeira-laminas-comerciais/LAC_5202.pdf,https://www.caixa.gov.br/downloads/aplicacao-financeira-regulamentos/RG_5202.pdf,https://www.caixa.gov.br/Downloads/aplicacao-financeira-inf-com/FIC_5202.pdf,https://www.caixa.gov.br/Downloads/aplicacao-financeira-comunicado-aos-cotistas/COM_5202.pdf,https://www.caixa.gov.br/Downloads/aplicacao-financeira-carta-mensal/CM_5202.pdf,https://www.caixa.gov.br/Downloads/aplicacao-financeira-laminas-comerciais/LAC_5202.pdf
FUNDOS MUTUOS DE PRIVATIZACAO,CAIXA FMP-FGTS VALE RIO DOCE I RESP LTDA,CAIXA FMP-FGTS VALE RIO DOCE I RESP LTDA,27/03/2002,"36,92389700","-3,776","-1,26","12,05","64,62","464,587",PF,PF,http://www.caixa.gov.br/fundos-investimento/mutuos-privatizacao/fmp-fgts-vale-do-rio-doce-2,04.885.824/0001-47,5206,Arrojado,1.4,10000.0,D+1 (du),D+05 (du),https://www.caixa.gov.br/Downloads/aplicacao-financeira-laminas-comerciais/LAC_5206.pdf,https://www.caixa.gov.br/downloads/aplicacao-financeira-regulamentos/RG_5206.pdf,https://www.caixa.gov.br/Downloads/aplicacao-financeira-inf-com/FIC_5206.pdf,https://www.caixa.gov.br/Downloads/aplicacao-financeira-comunicado-aos-cotistas/FR_5206.pdf,https://www.caixa.gov.br/Downloads/aplicacao-financeira-carta-mensal/CM_5206.pdf,https://www.caixa.gov.br/Downloads/aplicacao-financeira-laminas-comerciais/LAC_5206.pdf
FUNDOS MUTUOS DE PRIVATIZACAO,CAIXA FMP-FGTS PETROBRÁS III RESP LTDA,CAIXA FMP-FGTS PETROBRAS III RESP LTDA,17/08/2000,"43,65459200","-1,097","-0,18","43,35","50,28","667,964",PF,PF,http://www.caixa.gov.br/fundos-investimento/mutuos-privatizacao/fmp-fgts-petrobas-3,03.915.903/0001-90,5203,Arrojado,1.2,10000.0,D+1 (du),D+05 (du),https://www.caixa.gov.br/Downloads/aplicacao-financeira-laminas-comerciais/LAC_5203.pdf,https://www.caixa.gov.br/downloads/aplicacao-financeira-regulamentos/RG_5203.pdf,https://www.caixa.gov.br/Downloads/aplicacao-financeira-inf-com/FIC_5203.pdf,https://www.caixa.gov.br/Downloads/aplicacao-financeira-comunicado-aos-cotistas/COM_5203.pdf,https://www.caixa.gov.br/Downloads/aplicacao-financeira-carta-mensal/CM_5203.pdf,https://www.caixa.gov.br/Downloads/aplicacao-financeira-laminas-comerciais/LAC_5203.pdf
RENDA FIXA SIMPLES,CAIXA AZULZINHA FIC FIF RF SIMPLES - RESP LTDA,CAIXA AZULZINHA FIC FIF RF SIMPLES - RESP LTDA,13/06/2025,"1,12444300","0,047","0,14","5,09","0,00","57,576",PJ,PJ,http://site.extra.caixa.gov.br/fundos-investimento/fundo-simples/fic-azulzinha-rf-simples/Paginas/default.aspx,61.160.298/0001-91,7972,Conservador,1.3,0.01,D+0 (du),D+00 (du),https://www.caixa.gov.br/Downloads/aplicacao-financeira-laminas-comerciais/LAC_7972.pdf,http://www.caixa.gov.br/downloads/aplicacao-financeira-regulamentos/RG_7972.pdf,http://www.caixa.gov.br/Downloads/aplicacao-financeira-inf-com/FIC_7972.pdf,https://www.caixa.gov.br/Downloads/aplicacao-financeira-comunicado-aos-cotistas/COM_7972.pdf,https://www.caixa.gov.br/Downloads/aplicacao-financeira-carta-mensal/CM_7972.pdf,https://www.caixa.gov.br/Downloads/aplicacao-financeira-laminas-comerciais/LAC_7972.pdf
RENDA FIXA SIMPLES,CAIXA FIC FIF AMETISTA CORP RF SIMPLES RESP LTDA,CAIXA FIC FIF AMETISTA CORP RF SIMPLES RESP LTDA,12/07/2023,"1,35702400","0,047","0,14","5,14","13,03","213,740",PJ,PJ,https://www.caixa.gov.br/fundos-investimento/fundo-simples/fic-ametista-corporativo-rf-simples/Paginas/default.aspx,51.255.391/0001-26,7861,Conservador,1.3,1000.0,D+0 (du),D+00 (du),https://www.caixa.gov.br/downloads/aplicacao-financeira-laminas/LA_7861.pdf,https://www.caixa.gov.br/downloads/aplicacao-financeira-regulamentos/RG_7861.pdf,https://www.caixa.gov.br/Downloads/aplicacao-financeira-inf-com/FIC_7861.pdf,https://www.caixa.gov.br/Downloads/aplicacao-financeira-comunicado-aos-cotistas/COM_7861.pdf,https://www.caixa.gov.br/Downloads/aplicacao-financeira-carta-mensal/CM_7861.pdf,https://www.caixa.gov.br/Downloads/aplicacao-financeira-laminas-comerciais/LAC_7861.pdf
RENDA FIXA,CAIXA FIC FIF EQUILIBRIO MPE RF LP RESP LTDA,CAIXA FIC FIF EQUILIBRIO MPE RF LP RESP LTDA,05/07/2006,"5,88442700","0,047","0,14","5,49","13,96","41,073",PJ,PJ | TODOS,https://www.caixa.gov.br/fundos-investimento/renda-fixa/caixa-equilibrio-mpe-rf-lp/,07.986.172/0001-25,5405,Moderado,1.0,1000.0,D+0 (du),D+00 (du),https://www.caixa.gov.br/downloads/aplicacao-financeira-laminas/LA_5405.pdf,https://www.caixa.gov.br/downloads/aplicacao-financeira-regulamentos/RG_5405.pdf,https://www.caixa.gov.br/Downloads/aplicacao-financeira-inf-com/FIC_5405.pdf,https://www.caixa.gov.br/Downloads/aplicacao-financeira-comunicado-aos-cotistas/FR_5405.pdf,https://www.caixa.gov.br/Downloads/aplicacao-financeira-carta-mensal/CM_5405.pdf,https://www.caixa.gov.br/Downloads/aplicacao-financeira-laminas-comerciais/LAC_5405.pdf
RENDA FIXA,CAIXA FIF SAUDE SUPLEMENTAR ANS RF LP - RESP LTDA,CAIXA FIF SAUDE SUPLEMENTAR ANS RF LP - RESP LTDA,15/07/2008,"5,12224100","0,052","0,15","5,74","14,51","785,972",PJ,PJ | TODOS,https://www.caixa.gov.br/fundos-investimento/renda-fixa/fi-saude-suplementar-anf-rf,09.181.268/0001-41,5080,Conservador,0.35,1000.0,D+0 (du),D+00 (du),https://www.caixa.gov.br/downloads/aplicacao-financeira-laminas/LA_5080.pdf,https://www.caixa.gov.br/downloads/aplicacao-financeira-regulamentos/RG_5080.pdf,https://www.caixa.gov.br/Downloads/aplicacao-financeira-inf-com/FIC_5080.pdf,https://www.caixa.gov.br/Downloads/aplicacao-financeira-comunicado-aos-cotistas/COM_5080.pdf,https://www.caixa.gov.br/Downloads/aplicacao-financeira-carta-mensal/CM_5080.pdf,https://www.caixa.gov.br/Downloads/aplicacao-financeira-laminas-comerciais/LAC_5080.pdf
RENDA FIXA,CAIXA FIC FIF TITULO PUBLICO MPE RF LP RESP LTDA,CAIXA FIC FIF TITULO PUBLICO MPE RF LP RESP LTDA,05/10/2012,"3,21784200","0,051","0,15","5,58","13,85","18,315",PJ,PJ | TODOS,https://www.caixa.gov.br/fundos-investimento/renda-fixa/caixa-fic-tp-mpe-rf-lp/,15.154.429/0001-00,5833,Conservador,0.5,1000.0,D+0 (du),D+00 (du),https://www.caixa.gov.br/downloads/aplicacao-financeira-laminas/LA_5833.pdf,https://www.caixa.gov.br/downloads/aplicacao-financeira-regulamentos/RG_5833.pdf,https://www.caixa.gov.br/Downloads/aplicacao-financeira-inf-com/FIC_5833.pdf,https://www.caixa.gov.br/Downloads/aplicacao-financeira-comunicado-aos-cotistas/FR_5833.pdf,https://www.caixa.gov.br/Downloads/aplicacao-financeira-carta-mensal/CM_5833.pdf,https://www.caixa.gov.br/Downloads/aplicacao-financeira-laminas-comerciais/LAC_5833.pdf
RENDA FIXA,CAIXA FIC FIF PATRIMONIO IND.DE PRECOS RF LP RESP LTDA,CAIXA FIC FIF PATRIMONIO IND.DE PRECOS RF LP RESP LTDA,03/01/2000,"23,65876400","-0,307","-0,39","5,67","11,60","93,979",PJ,PJ | TODOS,https://www.caixa.gov.br/fundos-investimento/renda-fixa/fic-patrimonio-indice-precos-rf-longo-prazo,03.191.874/0001-61,46,Moderado,0.3,100000.0,D+3 (du),D+03 (du),https://www.caixa.gov.br/downloads/aplicacao-financeira-laminas/LA_0046.pdf,https://www.caixa.gov.br/downloads/aplicacao-financeira-regulamentos/RG_0046.pdf,https://www.caixa.gov.br/Downloads/aplicacao-financeira-inf-com/FIC_0046.pdf,https://www.caixa.gov.br/Downloads/aplicacao-financeira-comunicado-aos-cotistas/COM_46.pdf,https://www.caixa.gov.br/Downloads/aplicacao-financeira-carta-mensal/CM_46.pdf,https://www.caixa.gov.br/Downloads/aplicacao-financeira-laminas-comerciais/LAC_46.pdf
RENDA FIXA,CAIXA GIRO EMPRESAS FIC FIF RF REF DI LP RESP LTDA,CAIXA GIRO EMPRESAS FIC FIF RF REF DI LP RESP LTDA,27/03/2013,"3,27251000","0,051","0,15","5,63","14,27","7.923,929",PJ,PJ,https://www.caixa.gov.br/fundos-investimento/referenciados/fic-giro-empresas-ref-di-longo-prazo/Paginas/default.aspx,16.916.063/0001-22,5901,Conservador,0.4,500000.0,D+0 (du),D+00 (du),https://www.caixa.gov.br/downloads/aplicacao-financeira-laminas/LA_5901.pdf,https://www.caixa.gov.br/downloads/aplicacao-financeira-regulamentos/RG_5901.pdf,https://www.caixa.gov.br/Downloads/aplicacao-financeira-inf-com/FIC_5901.pdf,https://www.caixa.gov.br/Downloads/aplicacao-financeira-comunicado-aos-cotistas/COM_5901.pdf,https://www.caixa.gov.br/Downloads/aplicacao-financeira-carta-mensal/CM_5901.pdf,https://www.caixa.gov.br/Downloads/aplicacao-financeira-laminas-comerciais/LAC_5901.pdf
RENDA FIXA,CAIXA FIF DIAMANTE CORP RF CRED PRIV LP - RESP LTDA,CAIXA FIF DIAMANTE CORP RF CRED PRIV LP - RESP LTDA,06/11/2019,"1.885,73937300","0,055","0,16","5,93","15,13","15.974,883",PJ,PJ | TODOS,https://www.caixa.gov.br/fundos-investimento/empresa/renda-fixa/credito-privado/caixa-fi-diamante-corporativo-rf-cred-priv-lp,29.157.520/0001-94,6445,Conservador,0.12,3000000.0,D+0 (du),D+00 (du),https://www.caixa.gov.br/Downloads/aplicacao-financeira-laminas-comerciais/LAC_6445.pdf,https://www.caixa.gov.br/downloads/aplicacao-financeira-regulamentos/RG_6445.pdf,https://www.caixa.gov.br/Downloads/aplicacao-financeira-inf-com/FIC_6445.pdf,https://www.caixa.gov.br/Downloads/aplicacao-financeira-comunicado-aos-cotistas/COM_6445.pdf,https://www.caixa.gov.br/Downloads/aplicacao-financeira-carta-mensal/CM_6445.pdf,https://www.caixa.gov.br/Downloads/aplicacao-financeira-laminas-comerciais/LAC_6445.pdf
RENDA FIXA,CAIXA FIF SAFIRA CORPORATIVO RF LP - RESP LTDA,CAIXA FIF SAFIRA CORPORATIVO RF LP - RESP LTDA,11/05/2009,"4,87788700","0,035","0,13","5,79","14,73","3.048,420",PJ,PJ,https://www.caixa.gov.br/fundos-investimento/renda-fixa/referenciados/fi-safira-corporativo-rf-lp,10.384.413/0001-70,5148,Conservador,0.1,3000000.0,D+0 (du),D+00 (du),https://www.caixa.gov.br/downloads/aplicacao-financeira-laminas/LA_5148.pdf,https://www.caixa.gov.br/downloads/aplicacao-financeira-regulamentos/RG_5148.pdf,https://www.caixa.gov.br/Downloads/aplicacao-financeira-inf-com/FIC_5148.pdf,https://www.caixa.gov.br/Downloads/aplicacao-financeira-comunicado-aos-cotistas/COM_5148.pdf,https://www.caixa.gov.br/Downloads/aplicacao-financeira-carta-mensal/CM_5148.pdf,https://www.caixa.gov.br/Downloads/aplicacao-financeira-laminas-comerciais/LAC_5148.pdf
RENDA FIXA,CAIXA FIC INST SOBERANO PLUS RF,CAIXA FIC INST SOBERANO PLUS RF,21/10/2022,"1,54900400","0,052","0,15","5,81","14,75","353,765",PJ,PJ,https://www.caixa.gov.br/fundos-investimento/renda-fixa/fic-institucional-soberano-plus-rf-lp/Paginas/default.aspx,42.196.029/0001-30,6606,Moderado,0.1,5000000.0,D+0 (du),D+00 (du),https://www.caixa.gov.br/downloads/aplicacao-financeira-laminas/LA_6606.pdf,https://www.caixa.gov.br/downloads/aplicacao-financeira-regulamentos/RG_6606.pdf,https://www.caixa.gov.br/Downloads/aplicacao-financeira-inf-com/FIC_6606.pdf,https://www.caixa.gov.br/Downloads/aplicacao-financeira-comunicado-aos-cotistas/COM_6606.pdf,https://www.caixa.gov.br/Downloads/aplicacao-financeira-carta-mensal/CM_6606.pdf,https://www.caixa.gov.br/Downloads/aplicacao-financeira-laminas-comerciais/LAC_6606.pdf
RENDA FIXA,CAIXA FIF SAUDE SUPLEMENTAR ANS II RF LP - RESP LTDA,CAIXA FIF SAUDE SUPLEMENTAR ANS II RF LP - RESP LTDA,04/12/2008,"5,12397800","0,052","0,15","5,84","14,79","284,833",PJ,PJ | TODOS,https://www.caixa.gov.br/fundos-investimento/renda-fixa/fi-saude-suplementar-ans-ii-rf-longo-prazo,09.548.725/0001-93,5132,Conservador,0.07,10000000.0,D+0 (du),D+00 (du),https://www.caixa.gov.br/Downloads/aplicacao-financeira-laminas-comerciais/LAC_5132.pdf,https://www.caixa.gov.br/downloads/aplicacao-financeira-regulamentos/RG_5132.pdf,https://www.caixa.gov.br/Downloads/aplicacao-financeira-inf-com/FIC_5132.pdf,https://www.caixa.gov.br/Downloads/aplicacao-financeira-comunicado-aos-cotistas/COM_5132.pdf,https://www.caixa.gov.br/Downloads/aplicacao-financeira-carta-mensal/CM_5132.pdf,https://www.caixa.gov.br/Downloads/aplicacao-financeira-laminas-comerciais/LAC_5132.pdf
RENDA FIXA,CAIXA FIF CNI RF LP - RESP LTDA,CAIXA FIF CNI RF LP - RESP LTDA,26/01/2005,"8,70799000","0,033","0,12","5,74","14,69","4.012,747",PJ,PJ | TODOS,https://www.caixa.gov.br/fundos-investimento/empresa/renda-fixa/fi-cni-rf-longo-prazo/Paginas/default.aspx,05.164.366/0001-10,5066,Moderado,0.07,1.0,D+0 (du),D+00 (du),https://www.caixa.gov.br/Downloads/aplicacao-financeira-laminas-comerciais/LAC_5066.pdf,https://www.caixa.gov.br/downloads/aplicacao-financeira-regulamentos/RG_5066.pdf,https://www.caixa.gov.br/Downloads/aplicacao-financeira-inf-com/FIC_5066.pdf,https://www.caixa.gov.br/Downloads/aplicacao-financeira-comunicado-aos-cotistas/COM_5066.pdf,https://www.caixa.gov.br/Downloads/aplicacao-financeira-carta-mensal/CM_5066.pdf,https://www.caixa.gov.br/Downloads/aplicacao-financeira-laminas-comerciais/LAC_5066.pdf
RENDA FIXA,CAIXA FIF SEBRAE RF LP RESP LTDA,CAIXA FIF SEBRAE RF LP RESP LTDA,22/12/2000,"17,91205200","0,036","0,13","5,80","14,78","4.765,462",PJ,PJ | TODOS,https://www.caixa.gov.br/fundos-investimento/empresa/renda-fixa/fi-sebrae-rf-longo-prazo/Paginas/default.aspx,03.737.227/0001-02,5053,Moderado,,0.01,D+0 (du),D+01 (du),https://www.caixa.gov.br/downloads/aplicacao-financeira-laminas/LA_5053.pdf,https://www.caixa.gov.br/downloads/aplicacao-financeira-regulamentos/RG_5053.pdf,https://www.caixa.gov.br/Downloads/aplicacao-financeira-inf-com/FIC_5053.pdf,https://www.caixa.gov.br/Downloads/aplicacao-financeira-comunicado-aos-cotistas/COM_5053.pdf,https://www.caixa.gov.br/Downloads/aplicacao-financeira-carta-mensal/CM_5053.pdf,https://www.caixa.gov.br/Downloads/aplicacao-financeira-laminas-comerciais/LAC_5053.pdf
RENDA FIXA REFERENCIADO,CAIXA FIC FIF GIRO MPE REF DI LP RESP LTDA,CAIXA FIC FIF GIRO MPE REF DI LP RESP LTDA,09/09/2013,"2,82482300","0,047","0,14","5,24","13,25","13.707,443",PJ,PJ,https://www.caixa.gov.br/fundos-investimento/referenciados/fic-giro-mpe-ref-di-longo-prazo/Paginas/default.aspx,10.551.370/0001-70,5948,Conservador,1.3,1000.0,D+0 (du),D+00 (du),https://www.caixa.gov.br/downloads/aplicacao-financeira-laminas/LA_5948.pdf,https://www.caixa.gov.br/downloads/aplicacao-financeira-regulamentos/RG_5948.pdf,https://www.caixa.gov.br/Downloads/aplicacao-financeira-inf-com/FIC_5948.pdf,https://www.caixa.gov.br/Downloads/aplicacao-financeira-comunicado-aos-cotistas/COM_5948.pdf,https://www.caixa.gov.br/Downloads/aplicacao-financeira-carta-mensal/CM_5948.pdf,https://www.caixa.gov.br/Downloads/aplicacao-financeira-laminas-comerciais/LAC_5948.pdf
RENDA FIXA REFERENCIADO,CAIXA FIF TOPAZIO CORP RF REFERENC DI - RESP LTDA,CAIXA FIF TOPAZIO CORP RF REFERENC DI - RESP LTDA,22/06/2010,"4,42841400","0,053","0,16","5,86","14,84","12.815,048",PJ,GOV | PJ | RPPS,https://www.caixa.gov.br/fundos-investimento/renda-fixa/referenciados/fic-topazio-rf-ref-di-lp/Paginas/default.aspx,11.061.230/0001-87,5189,Conservador,0.1,3000000.0,D+0 (du),D+00 (du),https://www.caixa.gov.br/downloads/aplicacao-financeira-laminas/LA_5189.pdf,https://www.caixa.gov.br/downloads/aplicacao-financeira-regulamentos/RG_5189.pdf,https://www.caixa.gov.br/Downloads/aplicacao-financeira-inf-com/FIC_5189.pdf,https://www.caixa.gov.br/Downloads/aplicacao-financeira-comunicado-aos-cotistas/COM_5189.pdf,https://www.caixa.gov.br/Downloads/aplicacao-financeira-carta-mensal/CM_5189.pdf,https://www.caixa.gov.br/Downloads/aplicacao-financeira-laminas-comerciais/LAC_5189.pdf
RENDA FIXA REFERENCIADO,CAIXA FIC ESMERALDA CORP RF REF DI CRED PRIV LP - RESP LTDA,CAIXA FIC ESMERALDA CORP RF REF DI CRED PRIV LP - RESP LTDA,03/11/2023,"1,37406400","0,053","0,16","5,92","15,06","3.499,499",PJ,PJ,https://www.caixa.gov.br/fundos-investimento/referenciados/fic-esmeralda-corp-ref-di/Paginas/default.aspx,52.699.555/0001-77,6996,Conservador,0.12,3000000.0,D+0 (du),D+00 (du),https://www.caixa.gov.br/downloads/aplicacao-financeira-laminas/LA_6996.pdf,https://www.caixa.gov.br/downloads/aplicacao-financeira-regulamentos/RG_6996.pdf,https://www.caixa.gov.br/Downloads/aplicacao-financeira-inf-com/FIC_6996.pdf,https://www.caixa.gov.br/Downloads/aplicacao-financeira-comunicado-aos-cotistas/COM_6996.pdf,https://www.caixa.gov.br/Downloads/aplicacao-financeira-carta-mensal/CM_6996.pdf,https://www.caixa.gov.br/Downloads/aplicacao-financeira-laminas-comerciais/LAC_6996.pdf
RENDA FIXA CURTO PRAZO,CAIXA FIC FIF TURQUESA CORPORATIVO RF CP RESP LTDA,CAIXA FIC FIF TURQUESA CORPORATIVO RF CP RESP LTDA,01/10/2020,"1.772,37476800","0,052","0,15","5,76","14,64","1.438,501",PJ,PJ | TODOS,https://www.caixa.gov.br/fundos-investimento/voce/renda-fixa/fic-turquesa-corporativo-curto-prazo,30.068.141/0001-07,5946,Conservador,0.1,3000000.0,D+0 (du),D+00 (du),https://www.caixa.gov.br/downloads/aplicacao-financeira-laminas/LA_5946.pdf,https://www.caixa.gov.br/downloads/aplicacao-financeira-regulamentos/RG_5946.pdf,https://www.caixa.gov.br/Downloads/aplicacao-financeira-inf-com/FIC_5946.pdf,https://www.caixa.gov.br/Downloads/aplicacao-financeira-comunicado-aos-cotistas/COM_5946.pdf,https://www.caixa.gov.br/Downloads/aplicacao-financeira-carta-mensal/CM_5946.pdf,https://www.caixa.gov.br/Downloads/aplicacao-financeira-laminas-comerciais/LAC_5946.pdf
RENDA FIXA CURTO PRAZO,CAIXA FIC FIF AUTOMATICO POLIS RF CURTO PRAZO RESP LTDA,CAIXA FIC FIF AUTOMATICO POLIS RF CURTO PRAZO RESP LTDA,13/06/2023,"1,30796400","0,043","0,13","4,71","11,63","31.577,913",GOV,GOV,https://www.caixa.gov.br/fundos-investimento/curto-prazo/fic-automatico-polis-rf-cp/Paginas/default.aspx,50.803.936/0001-29,7869,Conservador,1.7,0.01,D+0 (du),D+00 (du),https://www.caixa.gov.br/downloads/aplicacao-financeira-laminas/LA_7869.pdf,https://www.caixa.gov.br/downloads/aplicacao-financeira-regulamentos/RG_7869.pdf,https://www.caixa.gov.br/Downloads/aplicacao-financeira-inf-com/FIC_7869.pdf,https://www.caixa.gov.br/Downloads/aplicacao-financeira-comunicado-aos-cotistas/COM_7869.pdf,https://www.caixa.gov.br/Downloads/aplicacao-financeira-carta-mensal/CM_7869.pdf,https://www.caixa.gov.br/Downloads/aplicacao-financeira-laminas-comerciais/LAC_7869.pdf
RENDA FIXA CURTO PRAZO,CAIXA FIC FIF PRÁTICO RF CURTO PRAZO RESP LTDA,CAIXA FIC FIF PRATICO RF CURTO PRAZO RESP LTDA,02/10/1995,"9,40334800","0,046","0,13","5,05","12,52","2.799,657",GOV,GOV | TODOS,https://www.caixa.gov.br/fundos-investimento/curto-prazo/fic-pratico-curto-prazo,00.834.074/0001-23,55,Conservador,1.7,0.01,D+0 (du),D+00 (du),https://www.caixa.gov.br/downloads/aplicacao-financeira-laminas/LA_0055.pdf,https://www.caixa.gov.br/downloads/aplicacao-financeira-regulamentos/RG_0055.pdf,https://www.caixa.gov.br/Downloads/aplicacao-financeira-inf-com/FIC_0055.pdf,https://www.caixa.gov.br/Downloads/aplicacao-financeira-comunicado-aos-cotistas/FR_0055.pdf,https://www.caixa.gov.br/Downloads/aplicacao-financeira-carta-mensal/CM_55.pdf,https://www.caixa.gov.br/Downloads/aplicacao-financeira-laminas-comerciais/LAC_55.pdf
RENDA FIXA CURTO PRAZO,CAIXA FIC FIF TRANSFERÊNCIA VOLUNTÁRIA RF CP RESP LTDA,CAIXA FIC FIF TRANSFERENCIA VOLUNTARIA RF CP RESP LTDA,16/10/2012,"2,47640300","0,046","0,13","5,05","12,52","16.589,724",GOV,GOV | TODOS,https://www.caixa.gov.br/fundos-investimento/curto-prazo/fic-transferencias-voluntarias-curto-prazo,10.740.552/0001-90,5413,Conservador,1.7,0.01,D+0 (du),D+00 (du),https://www.caixa.gov.br/downloads/aplicacao-financeira-laminas/LA_5413.pdf,https://www.caixa.gov.br/downloads/aplicacao-financeira-regulamentos/RG_5413.pdf,https://www.caixa.gov.br/Downloads/aplicacao-financeira-inf-com/FIC_5413.pdf,https://www.caixa.gov.br/Downloads/aplicacao-financeira-comunicado-aos-cotistas/COM_5413.pdf,https://www.caixa.gov.br/Downloads/aplicacao-financeira-carta-mensal/CM_5413.pdf,https://www.caixa.gov.br/Downloads/aplicacao-financeira-laminas-comerciais/LAC_5413.pdf
RENDA FIXA,CAIXA FIF BRASIL MATRIZ RF RESP LTDA,CAIXA FIF BRASIL MATRIZ RF RESP LTDA,17/12/2015,"2,60624400","0,045","0,14","5,82","14,80","9.194,046",RPPS,RPPS,https://www.caixa.gov.br/fundos-investimento/renda-fixa/fi-brasil-matriz-rf/Paginas/default.aspx,23.215.008/0001-70,5982,Conservador,0.2,0.01,D+0 (du),D+00 (du),https://www.caixa.gov.br/downloads/aplicacao-financeira-laminas/LA_5982.pdf,https://www.caixa.gov.br/downloads/aplicacao-financeira-regulamentos/RG_5982.pdf,https://www.caixa.gov.br/Downloads/aplicacao-financeira-inf-com/FIC_5982.pdf,https://www.caixa.gov.br/Downloads/aplicacao-financeira-comunicado-aos-cotistas/COM_5982.pdf,https://www.caixa.gov.br/Downloads/aplicacao-financeira-carta-mensal/CM_5982.pdf,https://www.caixa.gov.br/Downloads/aplicacao-financeira-laminas-comerciais/LAC_5982.pdf
RENDA FIXA,CAIXA FIC FIF BRASIL GESTÃO ESTRATÉGICA RF RESP LTDA,CAIXA FIC FIF BRASIL GESTAO ESTRATEGICA RF RESP LTDA,04/11/2016,"2,39143500","-0,449","-0,62","3,83","12,08","3.612,831",RPPS,RPPS | TODOS,https://www.caixa.gov.br/fundos-investimento/renda-fixa/caixa-fic-brasil-gestao-estrategica-rf,23.215.097/0001-55,5993,Moderado,0.4,0.01,D+0 (du),D+00 (du),https://www.caixa.gov.br/downloads/aplicacao-financeira-laminas/LA_5993.pdf,https://www.caixa.gov.br/downloads/aplicacao-financeira-regulamentos/RG_5993.pdf,https://www.caixa.gov.br/Downloads/aplicacao-financeira-inf-com/FIC_5993.pdf,https://www.caixa.gov.br/Downloads/aplicacao-financeira-comunicado-aos-cotistas/COM_5993.pdf,https://www.caixa.gov.br/Downloads/aplicacao-financeira-carta-mensal/CM_5993.pdf,https://www.caixa.gov.br/Downloads/aplicacao-financeira-laminas-comerciais/LAC_5993.pdf
RENDA FIXA,CAIXA BRASIL INFLAÇÃO ATIVA FIF RF CRED PRIV RESP LTDA,CAIXA BRASIL INFLACAO ATIVA FIF RF CRED PRIV RESP LTDA,17/04/2015,"2,97118900","-0,370","-0,50","5,36","11,44","40,142",RPPS,RPPS | TODOS,https://www.caixa.gov.br/fundos-investimento/renda-fixa/brasil-IPCA,21.918.896/0001-62,5975,Moderado,0.2,0.01,D+0 (du),D+00 (du),https://www.caixa.gov.br/downloads/aplicacao-financeira-laminas/LA_5975.pdf,https://www.caixa.gov.br/downloads/aplicacao-financeira-regulamentos/RG_5975.pdf,https://www.caixa.gov.br/Downloads/aplicacao-financeira-inf-com/FIC_5975.pdf,https://www.caixa.gov.br/Downloads/aplicacao-financeira-comunicado-aos-cotistas/FR_5975.pdf,https://www.caixa.gov.br/Downloads/aplicacao-financeira-carta-mensal/CM_5975.pdf,https://www.caixa.gov.br/Downloads/aplicacao-financeira-laminas-comerciais/LAC_5975.pdf
RENDA FIXA,CAIXA FIC FIF BRASIL RENDA FIXA ATIVA LP RESP LTDA,CAIXA FIC FIF BRASIL RENDA FIXA ATIVA LP RESP LTDA,15/04/2020,"1.638,49077200","-0,174","-0,19","4,40","11,56","459,623",RPPS,RPPS,https://www.caixa.gov.br/fundos-investimento/renda-fixa/brasil-IPCA/Paginas/default.aspx,35.536.532/0001-22,6481,Moderado,0.4,0.01,D+0 (du),D+01 (du),https://www.caixa.gov.br/downloads/aplicacao-financeira-laminas/LA_6481.pdf,https://www.caixa.gov.br/downloads/aplicacao-financeira-regulamentos/RG_6481.pdf,https://www.caixa.gov.br/Downloads/aplicacao-financeira-inf-com/FIC_6481.pdf,https://www.caixa.gov.br/Downloads/aplicacao-financeira-comunicado-aos-cotistas/COM_6481.pdf,https://www.caixa.gov.br/Downloads/aplicacao-financeira-carta-mensal/CM_6481.pdf,https://www.caixa.gov.br/Downloads/aplicacao-financeira-laminas-comerciais/LAC_6481.pdf
RENDA FIXA,CAIXA FI BRASIL IRF-M 1 TP RF,CAIXA FI BRASIL IRF-M 1 TP RF,28/05/2010,"4,47413400","0,007","0,08","5,44","14,17","10.780,280",RPPS,RPPS | TODOS,https://www.caixa.gov.br/fundos-investimento/renda-fixa/fi-brasil-irfm-1-titulos-publicos-rf,10.740.670/0001-06,5464,Conservador,0.2,0.01,D+0 (du),D+00 (du),https://www.caixa.gov.br/downloads/aplicacao-financeira-laminas/LA_5464.pdf,https://www.caixa.gov.br/downloads/aplicacao-financeira-regulamentos/RG_5464.pdf,https://www.caixa.gov.br/Downloads/aplicacao-financeira-inf-com/FIC_5464.pdf,https://www.caixa.gov.br/Downloads/aplicacao-financeira-comunicado-aos-cotistas/COM_5464.pdf,https://www.caixa.gov.br/Downloads/aplicacao-financeira-carta-mensal/CM_5464.pdf,https://www.caixa.gov.br/Downloads/aplicacao-financeira-laminas-comerciais/LAC_5464.pdf
RENDA FIXA,CAIXA FIF BRASIL IDKA IPCA 2A TIT PUB RF LP RESP LTDA,CAIXA FIF BRASIL IDKA IPCA 2A TIT PUB RF LP RESP LTDA,16/08/2012,"3,80724100","-0,301","-0,31","5,76","12,05","2.983,699",RPPS,RPPS | TODOS,https://www.caixa.gov.br/fundos-investimento/renda-fixa/fi-brasil-idka-ipca-2a-rf-longo-prazo,14.386.926/0001-71,5825,Moderado,0.2,0.01,D+0 (du),D+00 (du),https://www.caixa.gov.br/downloads/aplicacao-financeira-laminas/LA_5825.pdf,https://www.caixa.gov.br/downloads/aplicacao-financeira-regulamentos/RG_5825.pdf,https://www.caixa.gov.br/Downloads/aplicacao-financeira-inf-com/FIC_5825.pdf,https://www.caixa.gov.br/Downloads/aplicacao-financeira-comunicado-aos-cotistas/COM_5825.pdf,https://www.caixa.gov.br/Downloads/aplicacao-financeira-carta-mensal/CM_5825.pdf,https://www.caixa.gov.br/Downloads/aplicacao-financeira-laminas-comerciais/LAC_5825.pdf
RENDA FIXA,CAIXA FIF BRASIL IRF-M TP RF LP - RESP LTDA,CAIXA FIF BRASIL IRF-M TP RF LP - RESP LTDA,16/08/2012,"3,60511000","-0,622","-0,88","3,27","12,00","1.729,322",RPPS,RPPS | TODOS,https://www.caixa.gov.br/fundos-investimento/renda-fixa/brasil-irf-m-titulos-publicos-renda-fixa-longo-prazo,10.740.670/0001-06,5464,Conservador,0.2,0.01,D+0 (du),D+00 (du),https://www.caixa.gov.br/downloads/aplicacao-financeira-laminas/LA_5464.pdf,https://www.caixa.gov.br/downloads/aplicacao-financeira-regulamentos/RG_5464.pdf,https://www.caixa.gov.br/Downloads/aplicacao-financeira-inf-com/FIC_5464.pdf,https://www.caixa.gov.br/Downloads/aplicacao-financeira-comunicado-aos-cotistas/COM_5464.pdf,https://www.caixa.gov.br/Downloads/aplicacao-financeira-carta-mensal/CM_5464.pdf,https://www.caixa.gov.br/Downloads/aplicacao-financeira-laminas-comerciais/LAC_5464.pdf
RENDA FIXA,CAIXA FI BRASIL IMA-B TP RF LP,CAIXA FI BRASIL IMA-B TP RF LP,08/03/2010,"5,10998100","-0,653","-1,09","3,92","9,55","2.559,434",RPPS,RPPS | TODOS,https://www.caixa.gov.br/fundos-investimento/renda-fixa/fi-brasil-ima-b-titulos-rf-longo-prazo,10.740.658/0001-93,5184,Moderado,0.2,0.01,D+0 (du),D+00 (du),https://www.caixa.gov.br/downloads/aplicacao-financeira-laminas/LA_5184.pdf,https://www.caixa.gov.br/downloads/aplicacao-financeira-regulamentos/RG_5184.pdf,https://www.caixa.gov.br/Downloads/aplicacao-financeira-inf-com/FIC_5184.pdf,https://www.caixa.gov.br/Downloads/aplicacao-financeira-comunicado-aos-cotistas/COM_5184.pdf,https://www.caixa.gov.br/Downloads/aplicacao-financeira-carta-mensal/CM_5184.pdf,https://www.caixa.gov.br/Downloads/aplicacao-financeira-laminas-comerciais/LAC_5184.pdf
RENDA FIXA,CAIXA FIF BRASIL IMA-B 5 TP RF LP - RESP LTDA,CAIXA FIF BRASIL IMA-B 5 TP RF LP - RESP LTDA,09/07/2010,"5,16184100","-0,300","-0,38","5,73","11,77","5.542,757",RPPS,RPPS | TODOS,https://www.caixa.gov.br/fundos-investimento/renda-fixa/fi-brasil-ima-b-5-titulos-publicos-rf-longo-prazo,10.740.658/0001-93,5184,Moderado,0.2,0.01,D+0 (du),D+00 (du),https://www.caixa.gov.br/downloads/aplicacao-financeira-laminas/LA_5184.pdf,https://www.caixa.gov.br/downloads/aplicacao-financeira-regulamentos/RG_5184.pdf,https://www.caixa.gov.br/Downloads/aplicacao-financeira-inf-com/FIC_5184.pdf,https://www.caixa.gov.br/Downloads/aplicacao-financeira-comunicado-aos-cotistas/COM_5184.pdf,https://www.caixa.gov.br/Downloads/aplicacao-financeira-carta-mensal/CM_5184.pdf,https://www.caixa.gov.br/Downloads/aplicacao-financeira-laminas-comerciais/LAC_5184.pdf
RENDA FIXA,CAIXA FIF BRASIL IMA GERAL TP RF LP - RESP LTDA,CAIXA FIF BRASIL IMA GERAL TP RF LP - RESP LTDA,08/07/2010,"4,73005800","-0,270","-0,38","4,79","12,87","511,793",RPPS,RPPS | TODOS,https://www.caixa.gov.br/fundos-investimento/renda-fixa/fi-brasil-ima-geral-tp-rf-longo-prazo,11.061.217/0001-28,5188,Moderado,0.2,0.01,D+0 (du),D+00 (du),https://www.caixa.gov.br/downloads/aplicacao-financeira-laminas/LA_5188.pdf,https://www.caixa.gov.br/downloads/aplicacao-financeira-regulamentos/RG_5188.pdf,https://www.caixa.gov.br/Downloads/aplicacao-financeira-inf-com/FIC_5188.pdf,https://www.caixa.gov.br/Downloads/aplicacao-financeira-comunicado-aos-cotistas/COM_5188.pdf,https://www.caixa.gov.br/Downloads/aplicacao-financeira-carta-mensal/CM_5188.pdf,https://www.caixa.gov.br/Downloads/aplicacao-financeira-laminas-comerciais/LAC_5188.pdf
RENDA FIXA,CAIXA FIF RS TITULOS PUBLICOS RF LP - RESP LTDA,CAIXA FIF RS TITULOS PUBLICOS RF LP - RESP LTDA,18/07/2005,"7,94513400","0,032","0,12","5,74","14,57","172,170",RPPS,RPPS | TODOS,https://www.caixa.gov.br/fundos-investimento/renda-fixa/fi-rs-titulos-publicos-rf-longo-prazo,,,,,,,,,,,,,
RENDA FIXA,CAIXA FIF BRASIL IMA-B 5+ TP RF LP - RESP LTDA,CAIXA FIF BRASIL IMA-B 5+ TP RF LP - RESP LTDA,18/04/2012,"3,41896700","-0,948","-1,66","2,47","7,80","763,797",RPPS,RPPS | TODOS,https://www.caixa.gov.br/fundos-investimento/renda-fixa/fi-brasil-ima-b-5_mais-titulos-publicos-rf-lp/Paginas/default.aspx,10.740.658/0001-93,5184,Moderado,0.2,0.01,D+0 (du),D+00 (du),https://www.caixa.gov.br/downloads/aplicacao-financeira-laminas/LA_5184.pdf,https://www.caixa.gov.br/downloads/aplicacao-financeira-regulamentos/RG_5184.pdf,https://www.caixa.gov.br/Downloads/aplicacao-financeira-inf-com/FIC_5184.pdf,https://www.caixa.gov.br/Downloads/aplicacao-financeira-comunicado-aos-cotistas/COM_5184.pdf,https://www.caixa.gov.br/Downloads/aplicacao-financeira-carta-mensal/CM_5184.pdf,https://www.caixa.gov.br/Downloads/aplicacao-financeira-laminas-comerciais/LAC_5184.pdf
RENDA FIXA,CAIXA FI BRASIL IRF-M 1+ TP RF LP,CAIXA FI BRASIL IRF-M 1+ TP RF LP,11/05/2012,"3,72634800","-0,869","-1,25","2,47","11,16","711,974",RPPS,RPPS | TODOS,https://www.caixa.gov.br/fundos-investimento/renda-fixa/fi-brasil-irfm-1-titulos-publicos-rf-longo-prazo/,10.740.670/0001-06,5464,Conservador,0.2,0.01,D+0 (du),D+00 (du),https://www.caixa.gov.br/downloads/aplicacao-financeira-laminas/LA_5464.pdf,https://www.caixa.gov.br/downloads/aplicacao-financeira-regulamentos/RG_5464.pdf,https://www.caixa.gov.br/Downloads/aplicacao-financeira-inf-com/FIC_5464.pdf,https://www.caixa.gov.br/Downloads/aplicacao-financeira-comunicado-aos-cotistas/COM_5464.pdf,https://www.caixa.gov.br/Downloads/aplicacao-financeira-carta-mensal/CM_5464.pdf,https://www.caixa.gov.br/Downloads/aplicacao-financeira-laminas-comerciais/LAC_5464.pdf
RENDA FIXA,CAIXA FIF BRASIL TITULOS PUBLICOS RF LP - RESP LTDA,CAIXA FIF BRASIL TITULOS PUBLICOS RF LP - RESP LTDA,10/02/2006,"7,17137200","0,038","0,13","5,77","14,66","12.622,037",RPPS,RPPS | TODOS,https://www.caixa.gov.br/fundos-investimento/renda-fixa/fi-brasil-titulos-publicos-rf-longo-prazo,05.164.356/0001-84,5462,Conservador,0.2,0.01,D+0 (du),D+00 (du),https://www.caixa.gov.br/downloads/aplicacao-financeira-laminas/LA_5462.pdf,https://www.caixa.gov.br/downloads/aplicacao-financeira-regulamentos/RG_5462.pdf,https://www.caixa.gov.br/Downloads/aplicacao-financeira-inf-com/FIC_5462.pdf,https://www.caixa.gov.br/Downloads/aplicacao-financeira-comunicado-aos-cotistas/COM_5462.pdf,https://www.caixa.gov.br/Downloads/aplicacao-financeira-carta-mensal/CM_5462.pdf,https://www.caixa.gov.br/Downloads/aplicacao-financeira-laminas-comerciais/LAC_5462.pdf
RENDA FIXA,CAIXA FIF ALIANÇA TP RF CURTO PRAZO - RESP LTDA,CAIXA FIF ALIANCA TP RF CURTO PRAZO - RESP LTDA,01/11/2005,"7,49062000","0,052","0,15","5,73","14,54","4.064,727",RPPS,RPPS | TODOS,https://www.caixa.gov.br/fundos-investimento/renda-fixa/fic-alianca-rf,05.164.358/0001-73,5461,Conservador,0.2,0.01,D+0 (du),D+00 (du),https://www.caixa.gov.br/downloads/aplicacao-financeira-laminas/LA_5461.pdf,https://www.caixa.gov.br/downloads/aplicacao-financeira-regulamentos/RG_5461.pdf,https://www.caixa.gov.br/Downloads/aplicacao-financeira-inf-com/FIC_5461.pdf,https://www.caixa.gov.br/Downloads/aplicacao-financeira-comunicado-aos-cotistas/COM_5461.pdf,https://www.caixa.gov.br/Downloads/aplicacao-financeira-carta-mensal/CM_5461.pdf,https://www.caixa.gov.br/Downloads/aplicacao-financeira-laminas-comerciais/LAC_5461.pdf
RENDA FIXA,CAIXA FIC FIF BRASIL IDKA PRE 2A RF LP RESP LTDA,CAIXA FIC FIF BRASIL IDKA PRE 2A RF LP RESP LTDA,21/09/2022,"1,43565300","-0,546","-0,78","2,96","11,59","171,627",RPPS,RPPS,https://www.caixa.gov.br/fundos-investimento/renda-fixa/fic-caixa-brasil-idka-pre2a-rf-lp/Paginas/default.aspx,45.163.710/0001-70,6634,Moderado,0.2,0.01,D+0 (du),D+00 (du),https://www.caixa.gov.br/downloads/aplicacao-financeira-laminas/LA_6634.pdf,https://www.caixa.gov.br/downloads/aplicacao-financeira-regulamentos/RG_6634.pdf,https://www.caixa.gov.br/Downloads/aplicacao-financeira-inf-com/FIC_6634.pdf,https://www.caixa.gov.br/Downloads/aplicacao-financeira-comunicado-aos-cotistas/COM_6634.pdf,https://www.caixa.gov.br/Downloads/aplicacao-financeira-carta-mensal/CM_6634.pdf,https://www.caixa.gov.br/Downloads/aplicacao-financeira-laminas-comerciais/LAC_6634.pdf
RENDA FIXA,CAIXA FIC FIF BRASIL DISPONIBILIDADES SIMPLES RF RESP LTDA,CAIXA FIC FIF BRASIL DISPONIBILIDADES SIMPLES RF RESP LTDA,30/08/2012,"3,13871400","0,050","0,15","5,43","13,67","1.430,215",RPPS,RPPS | TODOS,https://www.caixa.gov.br/fundos-investimento/renda-fixa/brasil-disponibilidades,14.508.643/0001-55,5826,Conservador,0.8,100.0,D+0 (du),D+00 (du),https://www.caixa.gov.br/downloads/aplicacao-financeira-laminas/LA_5826.pdf,https://www.caixa.gov.br/downloads/aplicacao-financeira-regulamentos/RG_5826.pdf,https://www.caixa.gov.br/Downloads/aplicacao-financeira-inf-com/FIC_5826.pdf,https://www.caixa.gov.br/Downloads/aplicacao-financeira-comunicado-aos-cotistas/COM_5826.pdf,https://www.caixa.gov.br/Downloads/aplicacao-financeira-carta-mensal/CM_5826.pdf,https://www.caixa.gov.br/Downloads/aplicacao-financeira-laminas-comerciais/LAC_5826.pdf
RENDA FIXA REFERENCIADO,CAIXA FIC FIF BRASIL RF REFER DI LONGO PRAZO RESP LTDA,CAIXA FIC FIF BRASIL RF REFER DI LONGO PRAZO RESP LTDA,05/07/2006,"6,71791200","0,055","0,16","5,85","14,85","23.629,247",RPPS,RPPS | TODOS,https://www.caixa.gov.br/fundos-investimento/referenciados/fi-brasil-ref-di-longo-prazo,,,,,,,,,,,,,
RENDA FIXA REFERENCIADO,CAIXA FIC FIF NOVO BRASIL RF IMA-B LP RESP LTDA,CAIXA FIC FIF NOVO BRASIL RF IMA-B LP RESP LTDA,27/10/2009,"5,47126100","-0,707","-1,17","4,09","9,77","589,457",RPPS,RPPS | TODOS,https://www.caixa.gov.br/fundos-investimento/renda-fixa/fic-novo-brasil-ima-b-rf-longo-prazo,10.646.895/0001-90,5168,Moderado,0.2,0.01,D+0 (du),D+00 (du),https://www.caixa.gov.br/downloads/aplicacao-financeira-laminas/LA_5168.pdf,https://www.caixa.gov.br/downloads/aplicacao-financeira-regulamentos/RG_5168.pdf,https://www.caixa.gov.br/Downloads/aplicacao-financeira-inf-com/FIC_5168.pdf,https://www.caixa.gov.br/Downloads/aplicacao-financeira-comunicado-aos-cotistas/COM_5168.pdf,https://www.caixa.gov.br/Downloads/aplicacao-financeira-carta-mensal/CM_5168.pdf,https://www.caixa.gov.br/Downloads/aplicacao-financeira-laminas-comerciais/LAC_5168.pdf
MULTIMERCADO,CAIXA FIC FIF BRASIL ESTRATÉGIA LIVRE MM LP RESP LTDA,CAIXA FIC FIF BRASIL ESTRATEGIA LIVRE MM LP RESP LTDA,21/10/2019,-,-,-,-,-,-,RPPS,RPPS,https://www.caixa.gov.br/fundos-investimento/multimercado/estrategia-livre-mm-lp/Paginas/default.aspx,34.660.276/0001-18,6439,Moderado,1.5,0.01,D+13 (du),D+15 (du),https://www.caixa.gov.br/downloads/aplicacao-financeira-laminas/LA_6439.pdf,https://www.caixa.gov.br/downloads/aplicacao-financeira-regulamentos/RG_6439.pdf,https://www.caixa.gov.br/Downloads/aplicacao-financeira-inf-com/FIC_6439.pdf,https://www.caixa.gov.br/Downloads/aplicacao-financeira-comunicado-aos-cotistas/COM_6439.pdf,https://www.caixa.gov.br/Downloads/aplicacao-financeira-carta-mensal/CM_6439.pdf,https://www.caixa.gov.br/Downloads/aplicacao-financeira-laminas-comerciais/LAC_6439.pdf
ACOES,CAIXA FIF AÇOES BRASIL IBOVESPA RESP LTDA,CAIXA FIF ACOES BRASIL IBOVESPA RESP LTDA,29/07/2011,"3,82213800","-2,202","-1,94","5,56","23,40","288,548",RPPS,RPPS | TODOS,https://www.caixa.gov.br/fundos-investimento/fundos-de-acoes/fi-acoes-brasil-ibovespa/Paginas/default.aspx,13.058.816/0001-18,5445,Arrojado,0.5,0.01,D+1 (du),D+03 (du),https://www.caixa.gov.br/downloads/aplicacao-financeira-laminas/LA_5445.pdf,http://www.caixa.gov.br/downloads/aplicacao-financeira-regulamentos/RG_5445.pdf,https://www.caixa.gov.br/Downloads/aplicacao-financeira-inf-com/FIC_5445.pdf,https://www.caixa.gov.br/Downloads/aplicacao-financeira-comunicado-aos-cotistas/FR_5445.pdf,https://www.caixa.gov.br/Downloads/aplicacao-financeira-carta-mensal/CM_5445.pdf,https://www.caixa.gov.br/Downloads/aplicacao-financeira-laminas-comerciais/LAC_5445.pdf
ACOES,CAIXA FIF AÇÕES BRASIL ETF IBOVESPA RESP LTDA,CAIXA FIF ACOES BRASIL ETF IBOVESPA RESP LTDA,27/11/2012,"3,51574500","-2,151","-1,86","5,44","22,98","8,896",RPPS,RPPS | TODOS,https://www.caixa.gov.br/fundos-investimento/fundos-de-acoes/fi-acoes-brasil-etf-bovespa,15.154.236/0001-50,5842,Arrojado,0.5,0.01,D+1 (du),D+03 (du),http://www.caixa.gov.br/downloads/aplicacao-financeira-laminas/LA_5842.pdf,http://www.caixa.gov.br/downloads/aplicacao-financeira-regulamentos/RG_5842.pdf,http://www.caixa.gov.br/Downloads/aplicacao-financeira-inf-com/FIC_5842.pdf,http://www.caixa.gov.br/Downloads/aplicacao-financeira-comunicado-aos-cotistas/FR_5842.pdf,https://www.caixa.gov.br/Downloads/aplicacao-financeira-carta-mensal/CM_5842.pdf,https://www.caixa.gov.br/Downloads/aplicacao-financeira-laminas-comerciais/LAC_5842.pdf
ACOES,CAIXA FIF AÇÕES INSTITUCIONAL BDR NIVEL I RESP LTDA,CAIXA FIF ACOES INSTITUCIONAL BDR NIVEL I RESP LTDA,24/06/2013,"11,52868200","0,245","0,29","4,17","23,98","2.380,064",RPPS,RPPS | TODOS,https://www.caixa.gov.br/fundos-investimento/fundos-de-acoes/FIA-Institucional-BDR-nivel-I/Paginas/default.aspx,17.502.937/0001-68,5929,Arrojado,0.7,0.01,D+1 (du),D+03 (du),https://www.caixa.gov.br/downloads/aplicacao-financeira-laminas/LA_5929.pdf,https://www.caixa.gov.br/downloads/aplicacao-financeira-regulamentos/RG_5929.pdf,https://www.caixa.gov.br/Downloads/aplicacao-financeira-inf-com/FIC_5929.pdf,https://www.caixa.gov.br/Downloads/aplicacao-financeira-comunicado-aos-cotistas/COM_5929.pdf,https://www.caixa.gov.br/Downloads/aplicacao-financeira-carta-mensal/CM_5929.pdf,https://www.caixa.gov.br/Downloads/aplicacao-financeira-laminas-comerciais/LAC_5929.pdf
ACOES,CAIXA FIF ACOES BRASIL IBX-50 RESP LTDA,CAIXA FIF ACOES BRASIL IBX-50 RESP LTDA,18/02/2008,"1,96188500","-2,236","-2,09","3,50","20,03","193,664",RPPS,RPPS | TODOS,https://www.caixa.gov.br/fundos-investimento/fundos-de-acoes/fi-acoes-brasil-ibx-50,03.737.217/0001-77,5396,Arrojado,0.7,0.01,D+1 (du),D+03 (du),https://www.caixa.gov.br/downloads/aplicacao-financeira-laminas/LA_5396.pdf,http://www.caixa.gov.br/downloads/aplicacao-financeira-regulamentos/RG_5396.pdf,https://www.caixa.gov.br/Downloads/aplicacao-financeira-inf-com/FIC_5396.pdf,https://www.caixa.gov.br/Downloads/aplicacao-financeira-comunicado-aos-cotistas/FR_5396.pdf,https://www.caixa.gov.br/Downloads/aplicacao-financeira-carta-mensal/CM_5396.pdf,https://www.caixa.gov.br/Downloads/aplicacao-financeira-laminas-comerciais/LAC_5396.pdf
ACOES,CAIXA ATENA FIC FIF AÇÕES BRASIL LIVRE QUANT RESP LTDA,CAIXA ATENA FIC FIF ACOES BRASIL LIVRE QUANT RESP LTDA,31/07/2019,"1,93838100","-2,888","-3,42","-6,50","7,83","732,282",RPPS,RPPS,http://www.caixa.gov.br/fundos-investimento/fundos-de-acoes/FIC-FIA-Brasil-Acoes-Livres/Paginas/default.aspx,30.068.169/0001-44,6425,Arrojado,2.0,0.01,D+13 (du),D+15 (du),https://www.caixa.gov.br/downloads/aplicacao-financeira-laminas/LA_6425.pdf,https://www.caixa.gov.br/downloads/aplicacao-financeira-regulamentos/RG_6425.pdf,https://www.caixa.gov.br/Downloads/aplicacao-financeira-inf-com/FIC_6425.pdf,https://www.caixa.gov.br/Downloads/aplicacao-financeira-comunicado-aos-cotistas/FR_6425.pdf,https://www.caixa.gov.br/Downloads/aplicacao-financeira-carta-mensal/CM_6425.pdf,https://www.caixa.gov.br/Downloads/aplicacao-financeira-laminas-comerciais/LAC_6425.pdf
ACOES,CAIXA FIC ACOES EXPERT VINCI VALOR DIVIDENDOS RPPS RESP LTDA,CAIXA FIC ACOES EXPERT VINCI VALOR DIVIDENDOS RPPS RESP LTDA,23/08/2012,"3,35139200","-1,878","-1,82","3,01","17,26","1.285,182",RPPS,RPPS | TODOS,https://www.caixa.gov.br/fundos-investimento/rpps/caixa-fic-acoes-vinci-valor-dividendos-rpps,15.154.441/0001-15,6160,Arrojado,,10000.0,D+30 (du),D+32 (du),https://www.caixa.gov.br/downloads/aplicacao-financeira-laminas/LA_6160.pdf,https://www.caixa.gov.br/downloads/aplicacao-financeira-regulamentos/RG_6160.pdf,https://www.caixa.gov.br/Downloads/aplicacao-financeira-inf-com/FIC_6160.pdf,https://www.caixa.gov.br/Downloads/aplicacao-financeira-comunicado-aos-cotistas/FR_6160.pdf,https://www.caixa.gov.br/Downloads/aplicacao-financeira-carta-mensal/CM_6160.pdf,https://www.caixa.gov.br/Downloads/aplicacao-financeira-laminas-comerciais/LAC_6160.pdf
ACOES,CAIXA FIC ACOES EXPERT VINCI VALOR RPPS RESP LTDA,CAIXA FIC ACOES EXPERT VINCI VALOR RPPS RESP LTDA,12/12/2011,"2,43292500","-2,260","-2,25","2,93","18,51","744,714",RPPS,RPPS | TODOS,https://www.caixa.gov.br/fundos-investimento/rpps/caixa-fic-acoes-vinci-valor-rpps,14.507.699/0001-95,5563,Arrojado,,10000.0,D+21 (du),D+23 (du),https://www.caixa.gov.br/downloads/aplicacao-financeira-laminas/LA_5563.pdf,https://www.caixa.gov.br/downloads/aplicacao-financeira-regulamentos/RG_5563.pdf,https://www.caixa.gov.br/Downloads/aplicacao-financeira-inf-com/FIC_5563.pdf,https://www.caixa.gov.br/Downloads/aplicacao-financeira-comunicado-aos-cotistas/COM_5563.pdf,https://www.caixa.gov.br/Downloads/aplicacao-financeira-carta-mensal/CM_5563.pdf,https://www.caixa.gov.br/Downloads/aplicacao-financeira-laminas-comerciais/LAC_5563.pdf
RENDA FIXA,CAIXA FIF EXTRAMERCADO COMUM IRFM-1 RF RESP LTDA,CAIXA FIF EXTRAMERCADO COMUM IRFM-1 RF RESP LTDA,13/02/2012,"3,74314200","-0,004","0,06","5,41","14,21","5.018,208",TODOS,TODOS,https://www.caixa.gov.br/fundos-investimento/renda-fixa/fi-extramercado-comum-irfm-1-rf/Paginas/default.aspx,14.507.897/0001-59,5487,Conservador,0.1,0.01,D+0 (du),D+00 (du),https://www.caixa.gov.br/Downloads/aplicacao-financeira-laminas-comerciais/LAC_5487.pdf,https://www.caixa.gov.br/downloads/aplicacao-financeira-regulamentos/RG_5487.pdf,https://www.caixa.gov.br/Downloads/aplicacao-financeira-inf-com/FIC_5487.pdf,https://www.caixa.gov.br/Downloads/aplicacao-financeira-comunicado-aos-cotistas/COM_5487.pdf,https://www.caixa.gov.br/Downloads/aplicacao-financeira-carta-mensal/CM_5487.pdf,https://www.caixa.gov.br/Downloads/aplicacao-financeira-laminas-comerciais/LAC_5487.pdf
