Categoria,Fundo,Fundo_norm,Data Inicio,Cota (R$),Variacao Dia (%),Acum. Mes (%),Acum. Ano (%),Acum. 12M (%),PL (milhoes R$),Perfil,Perfis,URL,CNPJ,codfundo,Perfil de Risco,Taxa Adm (%),Aplicacao Minima (R$),Aplicacao Adicional Minima (R$),Resgate Minimo (R$),Saldo Minimo (R$),Conversao Aplicacao,Conversao Resgate,Pagamento Resgate,Benchmark Oficial,Estratégia,Status de Captação,Classificação Tributária,Classificação Investidor,Horário Limite Aplicação,Horário Limite Resgate,Adiantamento de Resgate,Modalidade Adiantamento,Percentual Adiantamento (%),Público Alvo,Segmentos,Movimentação Automática,Carência,Fim Carência,ASG,Razão Social,Observação Operacional,doc_lamina,doc_regulamento,doc_inf_comp,doc_comunicado,doc_carta,doc_boletim,doc_termo,doc_sumario,doc_raio_x
RENDA FIXA SIMPLES,CAIXA FIC FIF FÁCIL RF SIMPLES RESP LTDA,CAIXA FIC FIF FACIL RF SIMPLES RESP LTDA,24/02/2003,"5,54066200","0,044","0,13","5,99","12,57","6.659,795",TODOS,TODOS,https://www.caixa.gov.br/fundos-investimento/fundo-simples/fic-facil-rf-simples,05.114.716/0001-33,88,Conservador,1.7,0.01,0.01,0.01,0.02,D+0 (du),D+0 (du),D+00 (du),SELIC,RF Simples 100% TPF,Aberto para captação,CURTO PRAZO,GERAL,18:00,18h00,Não se aplica,NÃO SE APLICA,,"[""Institucional"", ""Pessoa Física"", ""PJ Atacado"", ""PJ Varejo"", ""Private""]","[""Institucional"", ""Pessoa Física"", ""PJ Atacado"", ""PJ Varejo"", ""Private""]",Sim,Não,,Não,CAIXA FÁCIL FUNDO DE INVESTIMENTO EM COTAS DE CLASSE DE FUNDO DE INVESTIMENTO FINANCEIRO RENDA FIXA SIMPLES - RESPONSABILIDADE LIMITADA,"Movimentação exclusiva pela plataforma e/ou IBC/APP.

Movimentações: O FUNDO oferece mecanismo resgate automático.

Para ativar a funcionalidade de Resgate Automático, acessar o SIART -> Movimentação Automática -> Marcar

As regras da funcionalidade de Movimentação Automática estão descritas no MN TE099.

**Esse fundo não possui adiantamento de resgate, os resgates efetuados ficarão disponíveis no processamento noturno.",https://www.caixa.gov.br/downloads/aplicacao-financeira-laminas/LA_0088.pdf,https://www.caixa.gov.br/downloads/aplicacao-financeira-regulamentos/RG_0088.pdf,https://www.caixa.gov.br/Downloads/aplicacao-financeira-inf-com/FIC_0088.pdf,https://www.caixa.gov.br/Downloads/aplicacao-financeira-comunicado-aos-cotistas/COM_88.pdf,https://www.caixa.gov.br/Downloads/aplicacao-financeira-carta-mensal/CM_88.pdf,https://www.caixa.gov.br/Downloads/aplicacao-financeira-laminas-comerciais/LAC_88.pdf,https://www.caixa.gov.br/Downloads/aplicacao-financeira-termos-adesao/TA_0088.pdf,,
RENDA FIXA SIMPLES,CAIXA FIF E-SIMPLES RENDA FIXA LP RESP LTDA,CAIXA FIF E-SIMPLES RENDA FIXA LP RESP LTDA,15/10/2015,"2,28009200","0,046","0,14","6,11","12,81","405,441",TODOS,TODOS,https://www.caixa.gov.br/fundos-investimento/renda-fixa/fi-renda-fixa-simples-lp/,22.791.329/0001-50,5980,Conservador,1.5,0.01,0.01,0.01,0.02,D+0 (du),D+0 (du),D+00 (du),SELIC,RF Simples até 49% Crédito Privado,Aberto para captação,LONGO PRAZO,GERAL,17:00,17h00,Não se aplica,NÃO SE APLICA,,"[""Institucional"", ""Pessoa Física"", ""PJ Atacado"", ""PJ Varejo"", ""Private""]","[""Institucional"", ""Pessoa Física"", ""PJ Atacado"", ""PJ Varejo"", ""Private""]",Sim,Não,,Não,CAIXA E-SIMPLES FUNDO DE INVESTIMENTO FINANCEIRO RENDA FIXA LONGO PRAZO - RESPONSABILIDADE LIMITADA,"Fundo com movimentação exclusiva pelo IBC/APP.

Movimentações: O FUNDO oferece mecanismo resgate automático.

Para ativar a funcionalidade de Resgate Automático, acessar o SIART -> Movimentação Automática -> Marcar

As regras da funcionalidade de Movimentação Automática estão descritas no MN TE099.

**Esse fundo não possui adiantamento de resgate, os resgates efetuados ficarão disponíveis no processamento noturno.",https://www.caixa.gov.br/downloads/aplicacao-financeira-laminas/LA_5980.pdf,https://www.caixa.gov.br/downloads/aplicacao-financeira-regulamentos/RG_5980.pdf,https://www.caixa.gov.br/Downloads/aplicacao-financeira-inf-com/FIC_5980.pdf,https://www.caixa.gov.br/Downloads/aplicacao-financeira-comunicado-aos-cotistas/COM_5980.pdf,https://www.caixa.gov.br/Downloads/aplicacao-financeira-carta-mensal/CM_5980.pdf,https://www.caixa.gov.br/Downloads/aplicacao-financeira-laminas-comerciais/LAC_5980.pdf,https://www.caixa.gov.br/Downloads/aplicacao-financeira-termos-adesao/TA_5980.pdf,,
RENDA FIXA,CAIXA FIF BRASIL IDKA IPCA 2A TIT PUB RF LP RESP LTDA,CAIXA FIF BRASIL IDKA IPCA 2A TIT PUB RF LP RESP LTDA,16/08/2012,"3,82080500","0,219","0,15","6,14","11,77","3.009,067",TODOS,TODOS,https://www.caixa.gov.br/fundos-investimento/renda-fixa/fi-brasil-idka-ipca-2a-rf-longo-prazo,14.386.926/0001-71,5825,Moderado,0.2,0.01,0.01,0.01,0.01,D+0 (du),D+0 (du),D+00 (du),IDKA2,RF Prefixados,Aberto para captação,LONGO PRAZO,GERAL,16:00,16h00,Sim · Automatico · 90%,AUTOMATICO,90.0,"[""GOV"", ""RPPS""]","[""GOV"", ""RPPS""]",Não,Não,,Não,CAIXA BRASIL IDKA IPCA 2A TÍTULOS PÚBLICOS FUNDO DE INVESTIMENTO FINANCEIRO RENDA FIXA LONGO PRAZO - RESPONSABILIDADE LIMITADA,"1. O Fundo tem como parâmetro de rentabilidade o Índice de Duração Constante ANBIMA – segmento IPCA 2A (IDkA IPCA 2A).
2. Para aplicação por meio de conta operação 1292, é necessário o cadastramento prévio de cotistas, conforme descrito no item Adesão, do FI612.
3. O procedimento de inclusão da conta deverá ser realizado sempre que houver qualquer aplicação por meio de conta operação 1292, mesmo para os clientes que já realizaram o cadastramento anteriormente.
¹Condições excepcionais de estorno e movimentação retroativa estão descritas no TE099.",https://www.caixa.gov.br/downloads/aplicacao-financeira-laminas/LA_5825.pdf,https://www.caixa.gov.br/downloads/aplicacao-financeira-regulamentos/RG_5825.pdf,https://www.caixa.gov.br/Downloads/aplicacao-financeira-inf-com/FIC_5825.pdf,https://www.caixa.gov.br/Downloads/aplicacao-financeira-comunicado-aos-cotistas/COM_5825.pdf,https://www.caixa.gov.br/Downloads/aplicacao-financeira-carta-mensal/CM_5825.pdf,https://www.caixa.gov.br/Downloads/aplicacao-financeira-laminas-comerciais/LAC_5825.pdf,https://www.caixa.gov.br/Downloads/aplicacao-financeira-termos-adesao/TA_5825.pdf,,
RENDA FIXA,CAIXA FIC FIF BRASIL GESTÃO ESTRATÉGICA RF RESP LTDA,CAIXA FIC FIF BRASIL GESTAO ESTRATEGICA RF RESP LTDA,04/11/2016,"2,41564800","0,150","0,01","4,88","11,92","3.402,534",TODOS,TODOS,https://www.caixa.gov.br/fundos-investimento/renda-fixa/caixa-fic-brasil-gestao-estrategica-rf,23.215.097/0001-55,5993,Moderado,0.4,0.01,0.01,0.01,0.01,D+0 (du),D+0 (du),D+00 (du),IPCA,RF Ativo,Aberto para captação,LONGO PRAZO,GERAL,16:00,16h00,Sim · Automatico · 90%,AUTOMATICO,90.0,"[""GOV"", ""RPPS""]","[""GOV"", ""RPPS""]",Não,Não,,Não,CAIXA BRASIL GESTÃO ESTRATÉGICA FUNDO DE INVESTIMENTO EM COTAS DE CLASSE DE FUNDO DE INVESTIMENTO FINANCEIRO RENDA FIXA - RESPONSABILIDADE LIMITADA,"1. Para aplicação por meio de conta operação 1292, é necessário o cadastramento prévio de cotistas, conforme descrito no item Adesão, do FI612.
2. O procedimento de inclusão da conta deverá ser realizado sempre que houver qualquer aplicação por meio de conta operação 1292, mesmo para os clientes que já realizaram o cadastramento anteriormente.",https://www.caixa.gov.br/downloads/aplicacao-financeira-laminas/LA_5993.pdf,https://www.caixa.gov.br/downloads/aplicacao-financeira-regulamentos/RG_5993.pdf,https://www.caixa.gov.br/Downloads/aplicacao-financeira-inf-com/FIC_5993.pdf,https://www.caixa.gov.br/Downloads/aplicacao-financeira-comunicado-aos-cotistas/COM_5993.pdf,https://www.caixa.gov.br/Downloads/aplicacao-financeira-carta-mensal/CM_5993.pdf,https://www.caixa.gov.br/Downloads/aplicacao-financeira-laminas-comerciais/LAC_5993.pdf,https://www.caixa.gov.br/Downloads/aplicacao-financeira-termos-adesao/TA_5993.pdf,,https://web.microsoftstream.com/video/95da0d56-cc06-4781-a262-9d91a3e9b48d?channelId=772517ff-88ae-4298-88f2-3ed5a5893c3e
RENDA FIXA,CAIXA BRASIL INFLAÇÃO ATIVA FIF RF CRED PRIV RESP LTDA,CAIXA BRASIL INFLACAO ATIVA FIF RF CRED PRIV RESP LTDA,17/04/2015,"2,98798600","0,189","0,10","5,95","11,09","36,240",TODOS,TODOS,https://www.caixa.gov.br/fundos-investimento/renda-fixa/brasil-IPCA,21.918.896/0001-62,5975,Moderado,0.2,0.01,0.01,0.01,0.01,D+0 (du),D+0 (du),D+00 (du),IPCA+6%,RF Índice de Preços,Aberto para captação,LONGO PRAZO,GERAL,17:00,17h00,Sim · Automatico · 90%,AUTOMATICO,90.0,"[""GOV"", ""RPPS""]","[""GOV"", ""RPPS""]",Não,Não,,Não,CAIXA BRASIL INFLAÇÃO ATIVA FUNDO DE INVESTIMENTO FINANCEIRO RENDA FIXA CRÉDITO PRIVADO - RESPONSABILIDADE LIMITADA,,https://www.caixa.gov.br/downloads/aplicacao-financeira-laminas/LA_5975.pdf,https://www.caixa.gov.br/downloads/aplicacao-financeira-regulamentos/RG_5975.pdf,https://www.caixa.gov.br/Downloads/aplicacao-financeira-inf-com/FIC_5975.pdf,https://www.caixa.gov.br/Downloads/aplicacao-financeira-comunicado-aos-cotistas/FR_5975.pdf,https://www.caixa.gov.br/Downloads/aplicacao-financeira-carta-mensal/CM_5975.pdf,https://www.caixa.gov.br/Downloads/aplicacao-financeira-laminas-comerciais/LAC_5975.pdf,https://www.caixa.gov.br/Downloads/aplicacao-financeira-termos-adesao/TA_5975.pdf,,
RENDA FIXA,CAIXA FIC FIF CAPITAL IND PREÇOS RF LP RESP LTDA,CAIXA FIC FIF CAPITAL IND PRECOS RF LP RESP LTDA,03/01/2000,"13,48618800","0,185","0,08","4,87","9,34","27,566",TODOS,TODOS,https://www.caixa.gov.br/fundos-investimento/renda-fixa/fic-capital-indice-de-precos-rf-longo-prazo,03.191.874/0001-61,46,Moderado,0.3,100000.0,100.0,100.0,10000.0,D+0 (du),D+3 (du),D+03 (du),IPCA+6%,RF Índice de Preços,Aberto para captação,LONGO PRAZO,GERAL,17:00,17h00,Sim · Automatico · 90%,AUTOMATICO,90.0,"[""Institucional"", ""PJ Atacado""]","[""Institucional"", ""PJ Atacado""]",Não,Não,,Não,CAIXA PATRIMÔNIO ÍNDICE DE PREÇOS FUNDO DE INVESTIMENTO EM COTAS DE CLASSE DE FUNDO DE INVESTIMENTO FINANCEIRO RENDA FIXA LONGO PRAZO - RESP LIMITADA,Este Fundo não está adaptado às normas vigentes para RPPS (Regimes Próprios de Previdência Social).,https://www.caixa.gov.br/downloads/aplicacao-financeira-laminas/LA_0046.pdf,https://www.caixa.gov.br/downloads/aplicacao-financeira-regulamentos/RG_0046.pdf,https://www.caixa.gov.br/Downloads/aplicacao-financeira-inf-com/FIC_0046.pdf,https://www.caixa.gov.br/Downloads/aplicacao-financeira-comunicado-aos-cotistas/COM_46.pdf,https://www.caixa.gov.br/Downloads/aplicacao-financeira-carta-mensal/CM_46.pdf,https://www.caixa.gov.br/Downloads/aplicacao-financeira-laminas-comerciais/LAC_46.pdf,https://www.caixa.gov.br/Downloads/aplicacao-financeira-termos-adesao/TA_0046.pdf,,https://web.microsoftstream.com/video/140b7682-00df-491d-b451-73ae70a040fa?channelId=772517ff-88ae-4298-88f2-3ed5a5893c3e
RENDA FIXA,CAIXA FI BRASIL IMA-B TP RF LP,CAIXA FI BRASIL IMA-B TP RF LP,08/03/2010,"5,11759400","0,553","0,12","4,07","8,05","2.532,011",TODOS,TODOS,https://www.caixa.gov.br/fundos-investimento/renda-fixa/fi-brasil-ima-b-titulos-rf-longo-prazo,11.060.913/0001-10,5187,Moderado,0.2,0.01,0.01,0.01,0.01,D+0 (du),D+0 (du),D+00 (du),IMA-B 5,RF Índice de Preços,Aberto para captação,LONGO PRAZO,GERAL,16:00,16h00,Sim · Automatico · 90%,AUTOMATICO,90.0,"[""GOV"", ""RPPS""]","[""GOV"", ""RPPS""]",Não,Não,,Não,CAIXA BRASIL IMA-B 5 TÍTULOS PÚBLICOS FUNDO DE INVESTIMENTO FINANCEIRO RENDA FIXA LONGO PRAZO - RESPONSABILIDADE LIMITADA,,https://www.caixa.gov.br/downloads/aplicacao-financeira-laminas/LA_5187.pdf,https://www.caixa.gov.br/downloads/aplicacao-financeira-regulamentos/RG_5187.pdf,https://www.caixa.gov.br/Downloads/aplicacao-financeira-inf-com/FIC_5187.pdf,https://www.caixa.gov.br/Downloads/aplicacao-financeira-comunicado-aos-cotistas/COM_5187.pdf,https://www.caixa.gov.br/Downloads/aplicacao-financeira-carta-mensal/CM_5187.pdf,https://www.caixa.gov.br/Downloads/aplicacao-financeira-laminas-comerciais/LAC_5187.pdf,https://www.caixa.gov.br/Downloads/aplicacao-financeira-termos-adesao/TA_5187.pdf,,
RENDA FIXA,CAIXA FIF BRASIL IMA-B 5 TP RF LP - RESP LTDA,CAIXA FIF BRASIL IMA-B 5 TP RF LP - RESP LTDA,09/07/2010,"5,19636200","0,197","0,10","6,44","11,70","5.580,051",TODOS,TODOS,https://www.caixa.gov.br/fundos-investimento/renda-fixa/fi-brasil-ima-b-5-titulos-publicos-rf-longo-prazo,11.060.913/0001-10,5187,Moderado,0.2,0.01,0.01,0.01,0.01,D+0 (du),D+0 (du),D+00 (du),IMA-B 5,RF Índice de Preços,Aberto para captação,LONGO PRAZO,GERAL,16:00,16h00,Sim · Automatico · 90%,AUTOMATICO,90.0,"[""GOV"", ""RPPS""]","[""GOV"", ""RPPS""]",Não,Não,,Não,CAIXA BRASIL IMA-B 5 TÍTULOS PÚBLICOS FUNDO DE INVESTIMENTO FINANCEIRO RENDA FIXA LONGO PRAZO - RESPONSABILIDADE LIMITADA,,https://www.caixa.gov.br/downloads/aplicacao-financeira-laminas/LA_5187.pdf,https://www.caixa.gov.br/downloads/aplicacao-financeira-regulamentos/RG_5187.pdf,https://www.caixa.gov.br/Downloads/aplicacao-financeira-inf-com/FIC_5187.pdf,https://www.caixa.gov.br/Downloads/aplicacao-financeira-comunicado-aos-cotistas/COM_5187.pdf,https://www.caixa.gov.br/Downloads/aplicacao-financeira-carta-mensal/CM_5187.pdf,https://www.caixa.gov.br/Downloads/aplicacao-financeira-laminas-comerciais/LAC_5187.pdf,https://www.caixa.gov.br/Downloads/aplicacao-financeira-termos-adesao/TA_5187.pdf,,
RENDA FIXA,CAIXA FIF BRASIL IMA GERAL TP RF LP - RESP LTDA,CAIXA FIF BRASIL IMA GERAL TP RF LP - RESP LTDA,08/07/2010,"4,77312900","0,219","0,05","5,74","12,34","475,349",TODOS,TODOS,https://www.caixa.gov.br/fundos-investimento/renda-fixa/fi-brasil-ima-geral-tp-rf-longo-prazo,11.061.217/0001-28,5188,Moderado,0.2,0.01,0.01,0.01,0.01,D+0 (du),D+0 (du),D+00 (du),IMA-GERAL TOTAL,RF Índice de Preços,Aberto para captação,LONGO PRAZO,GERAL,16:00,16h00,Sim · Automatico · 90%,AUTOMATICO,90.0,"[""GOV"", ""RPPS""]","[""GOV"", ""RPPS""]",Não,Não,,Não,CAIXA BRASIL IMA GERAL TÍTULOS PÚBLICOS FUNDO DE INVESTIMENTO FINANCEIRO RENDA FIXA LONGO PRAZO - RESPONSABILIDADE LIMITADA,"1. Para aplicação por meio de conta operação 1292, é necessário o cadastramento prévio de cotistas, conforme descrito no item Adesão, do FI612.
2. O procedimento de inclusão da conta deverá ser realizado sempre que houver qualquer aplicação por meio de conta operação 1292, mesmo para os clientes que já realizaram o cadastramento anteriormente.
¹Condições excepcionais de estorno e movimentação retroativa estão descritas no TE099.",https://www.caixa.gov.br/downloads/aplicacao-financeira-laminas/LA_5188.pdf,https://www.caixa.gov.br/downloads/aplicacao-financeira-regulamentos/RG_5188.pdf,https://www.caixa.gov.br/Downloads/aplicacao-financeira-inf-com/FIC_5188.pdf,https://www.caixa.gov.br/Downloads/aplicacao-financeira-comunicado-aos-cotistas/COM_5188.pdf,https://www.caixa.gov.br/Downloads/aplicacao-financeira-carta-mensal/CM_5188.pdf,https://www.caixa.gov.br/Downloads/aplicacao-financeira-laminas-comerciais/LAC_5188.pdf,https://www.caixa.gov.br/Downloads/aplicacao-financeira-termos-adesao/TA_5188.pdf,,
RENDA FIXA,CAIXA FIF RS TITULOS PUBLICOS RF LP - RESP LTDA,CAIXA FIF RS TITULOS PUBLICOS RF LP - RESP LTDA,18/07/2005,"8,03090500","0,052","0,15","6,88","14,49","175,639",TODOS,TODOS,https://www.caixa.gov.br/fundos-investimento/renda-fixa/fi-rs-titulos-publicos-rf-longo-prazo,,,,,,,,,,,,,,,,,,,,,,,,,,,,,,,,,,,,,,
RENDA FIXA,CAIXA FIC FIF RELACIONAMENTO PERSONAL RF LP RESP LTDA,CAIXA FIC FIF RELACIONAMENTO PERSONAL RF LP RESP LTDA,16/04/2012,"3,51727300","0,050","0,15","6,80","14,28","120,618",TODOS,TODOS,https://www.caixa.gov.br/fundos-investimento/renda-fixa/fic-relacionamento-personal-rf-longo-prazo,10.577.509/0001-55,5565,Moderado,0.7,0.01,0.01,0.01,0.01,D+0 (du),D+0 (du),D+00 (du),CDI,RF até 49% Crédito Privado,Aberto para captação,LONGO PRAZO,GERAL,17:00,17h00,Sim · Automatico · 90%,AUTOMATICO,90.0,"[""Pessoa Física"", ""Private""]","[""Pessoa Física"", ""Private""]",Não,Não,,Não,CAIXA RELACIONAMENTO PERSONAL FUNDO DE INVESTIMENTO EM COTAS DE CLASSE DE FUNDO DE INVESTIMENTO FINANCEIRO RENDA FIXA LONGO PRAZO - RESP LIMITADA,"Destinado à Pessoas Físicas que possuam conta-salário na CAIXA, inclusive empregados da CAIXA. Este Fundo não está adaptado às normas vigentes para RPPS (Regimes Próprios de Previdência Social).

Fundo disponível para aplicação somente via conta corrente marcada como conta-salário (CS), ou conta-salário empregado CAIXA. 

Caso ocorra desmarcação da conta, o cotista não poderá realizar novas aplicações no fundo, no entanto as condições do produto permanecem válidas enquanto houver recursos aplicados. 

As regras para marcação e desmarcação da conta estão no CO020.",https://www.caixa.gov.br/downloads/aplicacao-financeira-laminas/LA_5565.pdf,https://www.caixa.gov.br/downloads/aplicacao-financeira-regulamentos/RG_5565.pdf,https://www.caixa.gov.br/Downloads/aplicacao-financeira-inf-com/FIC_5565.pdf,https://www.caixa.gov.br/Downloads/aplicacao-financeira-comunicado-aos-cotistas/FR_5565.pdf,https://www.caixa.gov.br/Downloads/aplicacao-financeira-carta-mensal/CM_5565.pdf,https://www.caixa.gov.br/Downloads/aplicacao-financeira-laminas-comerciais/LAC_5565.pdf,https://www.caixa.gov.br/Downloads/aplicacao-financeira-termos-adesao/TA_5565.pdf,,
RENDA FIXA,CAIXA FIF BRASIL IMA-B 5+ TP RF LP - RESP LTDA,CAIXA FIF BRASIL IMA-B 5+ TP RF LP - RESP LTDA,18/04/2012,"3,40953700","0,839","0,14","2,19","5,33","751,965",TODOS,TODOS,https://www.caixa.gov.br/fundos-investimento/renda-fixa/fi-brasil-ima-b-5_mais-titulos-publicos-rf-lp/Paginas/default.aspx,11.060.913/0001-10,5187,Moderado,0.2,0.01,0.01,0.01,0.01,D+0 (du),D+0 (du),D+00 (du),IMA-B 5,RF Índice de Preços,Aberto para captação,LONGO PRAZO,GERAL,16:00,16h00,Sim · Automatico · 90%,AUTOMATICO,90.0,"[""GOV"", ""RPPS""]","[""GOV"", ""RPPS""]",Não,Não,,Não,CAIXA BRASIL IMA-B 5 TÍTULOS PÚBLICOS FUNDO DE INVESTIMENTO FINANCEIRO RENDA FIXA LONGO PRAZO - RESPONSABILIDADE LIMITADA,,https://www.caixa.gov.br/downloads/aplicacao-financeira-laminas/LA_5187.pdf,https://www.caixa.gov.br/downloads/aplicacao-financeira-regulamentos/RG_5187.pdf,https://www.caixa.gov.br/Downloads/aplicacao-financeira-inf-com/FIC_5187.pdf,https://www.caixa.gov.br/Downloads/aplicacao-financeira-comunicado-aos-cotistas/COM_5187.pdf,https://www.caixa.gov.br/Downloads/aplicacao-financeira-carta-mensal/CM_5187.pdf,https://www.caixa.gov.br/Downloads/aplicacao-financeira-laminas-comerciais/LAC_5187.pdf,https://www.caixa.gov.br/Downloads/aplicacao-financeira-termos-adesao/TA_5187.pdf,,
RENDA FIXA,CAIXA FI BRASIL IRF-M 1+ TP RF LP,CAIXA FI BRASIL IRF-M 1+ TP RF LP,11/05/2012,"3,77681000","0,366","-0,41","3,85","10,43","707,284",TODOS,TODOS,https://www.caixa.gov.br/fundos-investimento/renda-fixa/fi-brasil-irfm-1-titulos-publicos-rf-longo-prazo/,10.740.670/0001-06,5464,Conservador,0.2,0.01,0.01,0.01,0.01,D+0 (du),D+0 (du),D+00 (du),IRF-M 1,RF Prefixados,Aberto para captação,LONGO PRAZO,GERAL,17:00,17h00,Sim · Automatico · 95%,AUTOMATICO,95.0,"[""GOV"", ""RPPS""]","[""GOV"", ""RPPS""]",Não,Não,,Não,CAIXA BRASIL IRF-M 1 TÍTULOS PÚBLICOS FUNDO DE INVESTIMENTO FINANCEIRO RENDA FIXA - RESPONSABILIDADE LIMITADA,"1.O Fundo tem como parâmetro de rentabilidade o Índice de Renda Fixa de Mercado 1 (IRF-M 1).
2.Para aplicação por meio de conta operação 1292, é necessário o cadastramento prévio de cotistas, conforme descrito no item Adesão, do FI612.
3.O procedimento de inclusão da conta deverá ser realizado sempre que houver qualquer aplicação por meio de conta operação 1292, mesmo para os clientes que já realizaram o cadastramento anteriormente.
¹Condições excepcionais de estorno e movimentação retroativa estão descritas no TE099.",https://www.caixa.gov.br/downloads/aplicacao-financeira-laminas/LA_5464.pdf,https://www.caixa.gov.br/downloads/aplicacao-financeira-regulamentos/RG_5464.pdf,https://www.caixa.gov.br/Downloads/aplicacao-financeira-inf-com/FIC_5464.pdf,https://www.caixa.gov.br/Downloads/aplicacao-financeira-comunicado-aos-cotistas/COM_5464.pdf,https://www.caixa.gov.br/Downloads/aplicacao-financeira-carta-mensal/CM_5464.pdf,https://www.caixa.gov.br/Downloads/aplicacao-financeira-laminas-comerciais/LAC_5464.pdf,https://www.caixa.gov.br/Downloads/aplicacao-financeira-termos-adesao/TA_5464.pdf,,https://web.microsoftstream.com/video/e092ed57-1ff7-4570-9897-57fc78b1a0c8?channelId=772517ff-88ae-4298-88f2-3ed5a5893c3e
RENDA FIXA,CAIXA FIC FIF E-FUNDO RF LP RESP LTDA,CAIXA FIC FIF E-FUNDO RF LP RESP LTDA,05/10/2012,"3,38487400","0,051","0,15","6,75","14,18","63,527",TODOS,TODOS,https://www.caixa.gov.br/fundos-investimento/e-fundos/renda-fixa-longo-prazo,15.154.422/0001-99,5834,Moderado,0.7,0.01,0.01,0.01,0.01,D+0 (du),D+0 (du),D+00 (du),CDI,RF até 49% Crédito Privado,Aberto para captação,LONGO PRAZO,GERAL,,17h00,Sim · Automatico · 90%,AUTOMATICO,90.0,"[""Pessoa Física"", ""PJ Varejo"", ""Private""]","[""Pessoa Física"", ""PJ Varejo"", ""Private""]",Não,Não,,Não,CAIXA E-FUNDO FUNDO DE INVESTIMENTO EM COTAS DE CLASSE DE FUNDO DE INVESTIMENTO FINANCEIRO RENDA FIXA LONGO PRAZO - RESPONSABILIDADE LIMITADA,Este Fundo não está adaptado às normas vigentes para RPPS (Regimes Próprios de Previdência Social).As movimentações neste Fundo são realizadas exclusivamente pelo Internet Banking.,https://www.caixa.gov.br/downloads/aplicacao-financeira-laminas/LA_5834.pdf,https://www.caixa.gov.br/downloads/aplicacao-financeira-regulamentos/RG_5834.pdf,https://www.caixa.gov.br/Downloads/aplicacao-financeira-inf-com/FIC_5834.pdf,https://www.caixa.gov.br/Downloads/aplicacao-financeira-comunicado-aos-cotistas/FR_5834.pdf,https://www.caixa.gov.br/Downloads/aplicacao-financeira-carta-mensal/CM_5834.pdf,https://www.caixa.gov.br/Downloads/aplicacao-financeira-laminas-comerciais/LAC_5834.pdf,https://www.caixa.gov.br/Downloads/aplicacao-financeira-termos-adesao/TA_5834.pdf,,
RENDA FIXA,CAIXA FIF BRASIL TITULOS PUBLICOS RF LP - RESP LTDA,CAIXA FIF BRASIL TITULOS PUBLICOS RF LP - RESP LTDA,10/02/2006,"7,24935600","0,052","0,15","6,92","14,57","12.253,342",TODOS,TODOS,https://www.caixa.gov.br/fundos-investimento/renda-fixa/fi-brasil-titulos-publicos-rf-longo-prazo,05.164.356/0001-84,5462,Conservador,0.2,0.01,0.01,0.01,0.01,D+0 (du),D+0 (du),D+00 (du),CDI,RF 100% TPF - Longo Prazo,Aberto para captação,LONGO PRAZO,GERAL,17:00,17h00,Sim · Automatico · 95%,AUTOMATICO,95.0,"[""GOV"", ""RPPS""]","[""GOV"", ""RPPS""]",Não,Não,,Não,CAIXA BRASIL TÍTULOS PÚBLICOS FUNDO DE INVESTIMENTO FINANCEIRO RENDA FIXA LONGO PRAZO - RESPONSABILIDADE LIMITADA,"Para aplicação no fundo é necessário o cadastramento prévio de cotistas, conforme descrito no FI657. O procedimento de inclusão da conta deverá ser realizado sempre que houver qualquer aplicação, mesmo para os clientes que já realizaram o cadsatramento anteriormente.",https://www.caixa.gov.br/downloads/aplicacao-financeira-laminas/LA_5462.pdf,https://www.caixa.gov.br/downloads/aplicacao-financeira-regulamentos/RG_5462.pdf,https://www.caixa.gov.br/Downloads/aplicacao-financeira-inf-com/FIC_5462.pdf,https://www.caixa.gov.br/Downloads/aplicacao-financeira-comunicado-aos-cotistas/COM_5462.pdf,https://www.caixa.gov.br/Downloads/aplicacao-financeira-carta-mensal/CM_5462.pdf,https://www.caixa.gov.br/Downloads/aplicacao-financeira-laminas-comerciais/LAC_5462.pdf,https://www.caixa.gov.br/Downloads/aplicacao-financeira-termos-adesao/TA_5462.pdf,,https://web.microsoftstream.com/video/91aaf70b-85c2-4cf1-b537-e42b3bd894ec?channelId=772517ff-88ae-4298-88f2-3ed5a5893c3e
RENDA FIXA,CAIXA FIF BRASIL IRF-M TP RF LP - RESP LTDA,CAIXA FIF BRASIL IRF-M TP RF LP - RESP LTDA,16/08/2012,"3,65164600","0,296","-0,26","4,60","11,50","1.679,776",TODOS,TODOS,https://www.caixa.gov.br/fundos-investimento/renda-fixa/brasil-irf-m-titulos-publicos-renda-fixa-longo-prazo,10.740.670/0001-06,5464,Conservador,0.2,0.01,0.01,0.01,0.01,D+0 (du),D+0 (du),D+00 (du),IRF-M 1,RF Prefixados,Aberto para captação,LONGO PRAZO,GERAL,17:00,17h00,Sim · Automatico · 95%,AUTOMATICO,95.0,"[""GOV"", ""RPPS""]","[""GOV"", ""RPPS""]",Não,Não,,Não,CAIXA BRASIL IRF-M 1 TÍTULOS PÚBLICOS FUNDO DE INVESTIMENTO FINANCEIRO RENDA FIXA - RESPONSABILIDADE LIMITADA,"1.O Fundo tem como parâmetro de rentabilidade o Índice de Renda Fixa de Mercado 1 (IRF-M 1).
2.Para aplicação por meio de conta operação 1292, é necessário o cadastramento prévio de cotistas, conforme descrito no item Adesão, do FI612.
3.O procedimento de inclusão da conta deverá ser realizado sempre que houver qualquer aplicação por meio de conta operação 1292, mesmo para os clientes que já realizaram o cadastramento anteriormente.
¹Condições excepcionais de estorno e movimentação retroativa estão descritas no TE099.",https://www.caixa.gov.br/downloads/aplicacao-financeira-laminas/LA_5464.pdf,https://www.caixa.gov.br/downloads/aplicacao-financeira-regulamentos/RG_5464.pdf,https://www.caixa.gov.br/Downloads/aplicacao-financeira-inf-com/FIC_5464.pdf,https://www.caixa.gov.br/Downloads/aplicacao-financeira-comunicado-aos-cotistas/COM_5464.pdf,https://www.caixa.gov.br/Downloads/aplicacao-financeira-carta-mensal/CM_5464.pdf,https://www.caixa.gov.br/Downloads/aplicacao-financeira-laminas-comerciais/LAC_5464.pdf,https://www.caixa.gov.br/Downloads/aplicacao-financeira-termos-adesao/TA_5464.pdf,,https://web.microsoftstream.com/video/e092ed57-1ff7-4570-9897-57fc78b1a0c8?channelId=772517ff-88ae-4298-88f2-3ed5a5893c3e
RENDA FIXA,CAIXA FI BRASIL IRF-M 1 TP RF,CAIXA FI BRASIL IRF-M 1 TP RF,28/05/2010,"4,52709000","0,095","0,15","6,69","14,27","10.838,566",TODOS,TODOS,https://www.caixa.gov.br/fundos-investimento/renda-fixa/fi-brasil-irfm-1-titulos-publicos-rf,10.740.670/0001-06,5464,Conservador,0.2,0.01,0.01,0.01,0.01,D+0 (du),D+0 (du),D+00 (du),IRF-M 1,RF Prefixados,Aberto para captação,LONGO PRAZO,GERAL,17:00,17h00,Sim · Automatico · 95%,AUTOMATICO,95.0,"[""GOV"", ""RPPS""]","[""GOV"", ""RPPS""]",Não,Não,,Não,CAIXA BRASIL IRF-M 1 TÍTULOS PÚBLICOS FUNDO DE INVESTIMENTO FINANCEIRO RENDA FIXA - RESPONSABILIDADE LIMITADA,"1.O Fundo tem como parâmetro de rentabilidade o Índice de Renda Fixa de Mercado 1 (IRF-M 1).
2.Para aplicação por meio de conta operação 1292, é necessário o cadastramento prévio de cotistas, conforme descrito no item Adesão, do FI612.
3.O procedimento de inclusão da conta deverá ser realizado sempre que houver qualquer aplicação por meio de conta operação 1292, mesmo para os clientes que já realizaram o cadastramento anteriormente.
¹Condições excepcionais de estorno e movimentação retroativa estão descritas no TE099.",https://www.caixa.gov.br/downloads/aplicacao-financeira-laminas/LA_5464.pdf,https://www.caixa.gov.br/downloads/aplicacao-financeira-regulamentos/RG_5464.pdf,https://www.caixa.gov.br/Downloads/aplicacao-financeira-inf-com/FIC_5464.pdf,https://www.caixa.gov.br/Downloads/aplicacao-financeira-comunicado-aos-cotistas/COM_5464.pdf,https://www.caixa.gov.br/Downloads/aplicacao-financeira-carta-mensal/CM_5464.pdf,https://www.caixa.gov.br/Downloads/aplicacao-financeira-laminas-comerciais/LAC_5464.pdf,https://www.caixa.gov.br/Downloads/aplicacao-financeira-termos-adesao/TA_5464.pdf,,https://web.microsoftstream.com/video/e092ed57-1ff7-4570-9897-57fc78b1a0c8?channelId=772517ff-88ae-4298-88f2-3ed5a5893c3e
RENDA FIXA,CAIXA FIC FIF IDEAL RF LP RESP LTDA,CAIXA FIC FIF IDEAL RF LP RESP LTDA,28/10/1992,"9,78249900","0,048","0,14","6,34","13,30","583,973",TODOS,TODOS,https://www.caixa.gov.br/fundos-investimento/renda-fixa/fic-ideal-rf-longo-prazo,68.623.479/0001-56,59,Moderado,1.5,0.01,0.01,0.01,0.01,D+0 (du),D+0 (du),D+00 (du),CDI,RF até 49% Crédito Privado,Aberto para captação,LONGO PRAZO,GERAL,17:00,17h00,Sim · Automatico · 95%,AUTOMATICO,95.0,"[""Pessoa Física"", ""Private""]","[""Pessoa Física"", ""Private""]",Não,Não,,Não,CAIXA IDEAL FUNDO DE INVESTIMENTO EM COTAS DE CLASSE DE FUNDO DE INVESTIMENTO FINANCEIRO RENDA FIXA LONGO PRAZO - RESPONSABILIDADE LIMITADA,"Este Fundo não está adaptado às normas vigentes para RPPS (Regimes Próprios de Previdência Social).Fundoaberto para novas aplicações a partir de 30/06/2021, para maiores informações consulte o Fato Relevante",https://www.caixa.gov.br/downloads/aplicacao-financeira-laminas/LA_0059.pdf,https://www.caixa.gov.br/downloads/aplicacao-financeira-regulamentos/RG_0059.pdf,https://www.caixa.gov.br/Downloads/aplicacao-financeira-inf-com/FIC_0059.pdf,https://www.caixa.gov.br/Downloads/aplicacao-financeira-comunicado-aos-cotistas/FR_0059.pdf,https://www.caixa.gov.br/Downloads/aplicacao-financeira-carta-mensal/CM_59.pdf,https://www.caixa.gov.br/Downloads/aplicacao-financeira-laminas-comerciais/LAC_59.pdf,https://www.caixa.gov.br/Downloads/aplicacao-financeira-termos-adesao/TA_0059.pdf,,
RENDA FIXA,CAIXA FIF ALIANÇA TP RF CURTO PRAZO - RESP LTDA,CAIXA FIF ALIANCA TP RF CURTO PRAZO - RESP LTDA,01/11/2005,"7,57290300","0,051","0,15","6,89","14,51","4.072,416",TODOS,TODOS,https://www.caixa.gov.br/fundos-investimento/renda-fixa/fic-alianca-rf,05.164.358/0001-73,5461,Conservador,0.2,0.01,0.01,0.01,0.01,D+0 (du),D+0 (du),D+00 (du),CDI,RF 100% TPF - Curto Prazo,Aberto para captação,CURTO PRAZO,GERAL,17:00,17h00,Sim · Automatico · 95%,AUTOMATICO,95.0,"[""GOV"", ""RPPS""]","[""GOV"", ""RPPS""]",Não,Não,,Não,CAIXA ALIANÇA TÍTULOS PÚBLICOS FUNDO DE INVESTIMENTO FINANCEIRO RENDA FIXA CURTO PRAZO - RESPONSABILIDADE LIMITADA,¹Condições excepcionais de estorno e movimentação retroativa estão descritas no TE099.,https://www.caixa.gov.br/downloads/aplicacao-financeira-laminas/LA_5461.pdf,https://www.caixa.gov.br/downloads/aplicacao-financeira-regulamentos/RG_5461.pdf,https://www.caixa.gov.br/Downloads/aplicacao-financeira-inf-com/FIC_5461.pdf,https://www.caixa.gov.br/Downloads/aplicacao-financeira-comunicado-aos-cotistas/COM_5461.pdf,https://www.caixa.gov.br/Downloads/aplicacao-financeira-carta-mensal/CM_5461.pdf,https://www.caixa.gov.br/Downloads/aplicacao-financeira-laminas-comerciais/LAC_5461.pdf,https://www.caixa.gov.br/Downloads/aplicacao-financeira-termos-adesao/TA_5461.pdf,,
RENDA FIXA,CAIXA FIC FIF GERAÇÃO JOVEM CRED PRIV RF LP RESP LTDA,CAIXA FIC FIF GERACAO JOVEM CRED PRIV RF LP RESP LTDA,26/04/2012,"3,36102700","0,049","0,15","6,66","14,05","11,964",TODOS,TODOS,https://www.caixa.gov.br/fundos-investimento/renda-fixa/fic-geracao-jovem-rf-credito-privado-longo-prazo,10.577.485/0001-34,5570,Moderado,1.0,0.01,0.01,0.01,0.01,D+0 (du),D+0 (du),D+00 (du),CDI,RF Crédito Privado sem Risco Mercado,Aberto para captação,LONGO PRAZO,GERAL,17:00,17h00,Sim · Automatico · 85%,AUTOMATICO,85.0,"[""Pessoa Física""]","[""Pessoa Física""]",Não,Não,,Não,CAIXA GERAÇÃO JOVEM FUNDO DE INVESTIMENTO EM COTAS DE CLASSE DE FUNDO DE INVESTIMENTO FINANCEIRO RENDA FIXA CRÉDITO PRIVADO LP - RESP LIMITADA,Este Fundo não está adaptado às normas vigentes para RPPS (Regimes Próprios de Previdência Social).,https://www.caixa.gov.br/downloads/aplicacao-financeira-laminas/LA_5570.pdf,https://www.caixa.gov.br/downloads/aplicacao-financeira-regulamentos/RG_5570.pdf,https://www.caixa.gov.br/Downloads/aplicacao-financeira-inf-com/FIC_5570.pdf,https://www.caixa.gov.br/Downloads/aplicacao-financeira-comunicado-aos-cotistas/COM_5570.pdf,https://www.caixa.gov.br/Downloads/aplicacao-financeira-carta-mensal/CM_5570.pdf,https://www.caixa.gov.br/Downloads/aplicacao-financeira-laminas-comerciais/LAC_5570.pdf,https://www.caixa.gov.br/Downloads/aplicacao-financeira-termos-adesao/TA_5570.pdf,,
RENDA FIXA,CAIXA FIC FIF ABSOLUTO PRE RF LP RESP LTDA,CAIXA FIC FIF ABSOLUTO PRE RF LP RESP LTDA,03/11/1997,"19,91844800","0,293","-0,27","3,92","10,27","118,297",TODOS,TODOS,https://www.caixa.gov.br/fundos-investimento/renda-fixa/fic-absoluto-pre-rf-longo-prazo,02.201.164/0001-02,86,Moderado,1.1,0.01,0.01,0.01,0.01,D+0 (du),D+0 (du),D+00 (du),CDI,RF Prefixados,Aberto para captação,LONGO PRAZO,GERAL,17:00,17h00,Sim · Automatico · 90%,AUTOMATICO,90.0,"[""Pessoa Física""]","[""Pessoa Física""]",Não,Não,,Não,CAIXA ABSOLUTO PRÉ FUNDO DE INVESTIMENTO EM COTAS DE CLASSE DE FUNDO DE INVESTIMENTO FINANCEIRO RENDA FIXA LONGO PRAZO - RESPONSABILIDADE LIMITADA,Este Fundo não está adaptado às normas vigentes para RPPS (Regimes Próprios de Previdência Social).,https://www.caixa.gov.br/downloads/aplicacao-financeira-laminas/LA_0086.pdf,https://www.caixa.gov.br/downloads/aplicacao-financeira-regulamentos/RG_0086.pdf,https://www.caixa.gov.br/Downloads/aplicacao-financeira-inf-com/FIC_0086.pdf,https://www.caixa.gov.br/Downloads/aplicacao-financeira-comunicado-aos-cotistas/COM_86.pdf,https://www.caixa.gov.br/Downloads/aplicacao-financeira-carta-mensal/CM_86.pdf,https://www.caixa.gov.br/Downloads/aplicacao-financeira-laminas-comerciais/LAC_86.pdf,https://www.caixa.gov.br/Downloads/aplicacao-financeira-termos-adesao/TA_0086.pdf,,https://web.microsoftstream.com/video/cec16660-0485-4e14-9a79-ff7c9fd2158f?channelId=772517ff-88ae-4298-88f2-3ed5a5893c3e
RENDA FIXA,CAIXA FIC FIF EMPREENDER RF LP RESP LTDA,CAIXA FIC FIF EMPREENDER RF LP RESP LTDA,26/05/1994,"46,52404000","0,048","0,14","6,32","13,27","40,769",TODOS,TODOS,https://www.caixa.gov.br/fundos-investimento/renda-fixa/fic-empreender-rf-longo-prazo/,00.068.305/0001-35,54,Moderado,1.5,50.0,50.0,50.0,50.0,D+0 (du),D+0 (du),D+00 (du),CDI,RF até 49% Crédito Privado,Fechado para captação,LONGO PRAZO,GERAL,17:00,17h00,Sim · Automatico · 95%,AUTOMATICO,95.0,"[""PJ Varejo""]","[""PJ Varejo""]",Não,Não,,Não,CAIXA EMPREENDER FUNDO DE INVESTIMENTO EM COTAS DE CLASSE DE FUNDO DE INVESTIMENTO FINANCEIRO RENDA FIXA LONGO PRAZO - RESPONSABILIDADE LIMITADA,"FUNDO FECHADO PARA APLICAÇÃO.

Este Fundo não está adaptado às normas vigentes para RPPS (Regimes Próprios de Previdência Social).Fundo fechado para novas aplicações a partir de 07/08/2020, para maiores informações consulte o Fato Relevante.",https://www.caixa.gov.br/downloads/aplicacao-financeira-laminas/LA_0054.pdf,https://www.caixa.gov.br/downloads/aplicacao-financeira-regulamentos/RG_0054.pdf,https://www.caixa.gov.br/Downloads/aplicacao-financeira-inf-com/FIC_0054.pdf,https://www.caixa.gov.br/Downloads/aplicacao-financeira-comunicado-aos-cotistas/FR_0054.pdf,https://www.caixa.gov.br/Downloads/aplicacao-financeira-carta-mensal/CM_54.pdf,https://www.caixa.gov.br/Downloads/aplicacao-financeira-laminas-comerciais/LAC_54.pdf,https://www.caixa.gov.br/Downloads/aplicacao-financeira-termos-adesao/TA_0054.pdf,,
RENDA FIXA,CAIXA FIC FIF SOBERANO RF LP RESP LTDA,CAIXA FIC FIF SOBERANO RF LP RESP LTDA,11/03/1998,"20,37230500","0,047","0,14","6,21","12,99","59,526",TODOS,TODOS,https://www.caixa.gov.br/fundos-investimento/renda-fixa/fic-soberano-rf-longo-prazo,02.323.746/0001-61,57,Conservador,1.5,50.0,10.0,10.0,50.0,D+0 (du),D+0 (du),D+00 (du),CDI,RF 100% TPF - Longo Prazo,Fechado para captação,LONGO PRAZO,GERAL,17:00,17h00,Sim · Automatico · 95%,AUTOMATICO,95.0,"[""Pessoa Física""]","[""Pessoa Física""]",Não,Não,,Não,CAIXA SOBERANO FUNDO DE INVESTIMENTO EM COTAS DE CLASSE DE FUNDO DE INVESTIMENTO FINANCEIRO RENDA FIXA LONGO PRAZO - RESPONSABILIDADE LIMITADA,"Este Fundo não está adaptado às normas vigentes para RPPS (Regimes Próprios de Previdência Social). Fundo fechado para novas aplicações a partir de 29/07/2020, para maiores informações consulte o Fato Relevante",https://www.caixa.gov.br/downloads/aplicacao-financeira-laminas/LA_0057.pdf,https://www.caixa.gov.br/downloads/aplicacao-financeira-regulamentos/RG_0057.pdf,https://www.caixa.gov.br/Downloads/aplicacao-financeira-inf-com/FIC_0057.pdf,https://www.caixa.gov.br/Downloads/aplicacao-financeira-comunicado-aos-cotistas/FR_0057.pdf,https://www.caixa.gov.br/Downloads/aplicacao-financeira-carta-mensal/CM_57.pdf,https://www.caixa.gov.br/Downloads/aplicacao-financeira-laminas-comerciais/LAC_57.pdf,https://www.caixa.gov.br/Downloads/aplicacao-financeira-termos-adesao/TA_0057.pdf,,
RENDA FIXA,CAIXA FIC FIF BRASIL DISPONIBILIDADES SIMPLES RF RESP LTDA,CAIXA FIC FIF BRASIL DISPONIBILIDADES SIMPLES RF RESP LTDA,30/08/2012,"3,17134300","0,049","0,14","6,53","13,64","1.475,123",TODOS,TODOS,https://www.caixa.gov.br/fundos-investimento/renda-fixa/brasil-disponibilidades,14.508.643/0001-55,5826,Conservador,0.8,100.0,10.0,0.01,0.01,D+0 (du),D+0 (du),D+00 (du),CDI,RF 100% TPF,Aberto para captação,LONGO PRAZO,GERAL,18:00,18h00,Não se aplica,NÃO SE APLICA,,"[""GOV"", ""RPPS""]","[""GOV"", ""RPPS""]",Sim,Não,,Não,CAIXA BRASIL DISPONIBILIDADES FUNDO DE INVESTIMENTO EM COTAS DE CLASSE DE FUNDO DE INVESTIMENTO FINANCEIRO RENDA FIXA SIMPLES - RESP LIMITADA,"O Fundo exige cadastramento prévio da conta, para orientações consultar o FI657 - Anexo IV

OBS: O Fundo possui a funcionalidade de Aplicação e Resgate Automáticos em caso de adesão pelo cotista, o gerente deverá proceder à contratação no SIART. Para ativar a funcionalidade de Aplicação e Resgate Automáticos, acessar o SIART -> Movimentação Automática -> Marcar

As regras da funcionalidade de Movimentação Automática estão descritas no MN TE099. O fundo não possui adiantamento de resgate, os resgates efetuados ficarão disponíveis no processamento noturno.",https://www.caixa.gov.br/downloads/aplicacao-financeira-laminas/LA_5826.pdf,https://www.caixa.gov.br/downloads/aplicacao-financeira-regulamentos/RG_5826.pdf,https://www.caixa.gov.br/Downloads/aplicacao-financeira-inf-com/FIC_5826.pdf,https://www.caixa.gov.br/Downloads/aplicacao-financeira-comunicado-aos-cotistas/COM_5826.pdf,https://www.caixa.gov.br/Downloads/aplicacao-financeira-carta-mensal/CM_5826.pdf,https://www.caixa.gov.br/Downloads/aplicacao-financeira-laminas-comerciais/LAC_5826.pdf,https://www.caixa.gov.br/Downloads/aplicacao-financeira-termos-adesao/TA_5826.pdf,,
RENDA FIXA,CAIXA FIC FIF FOCO IND PREÇOS RF LP RESP LTDA,CAIXA FIC FIF FOCO IND PRECOS RF LP RESP LTDA,19/03/2012,"3,14918300","0,185","0,08","6,02","10,79","77,893",TODOS,TODOS,https://www.caixa.gov.br/fundos-investimento/renda-fixa/fic-foco-indice-precos-rf-longo-prazo,09.548.729/0001-71,5414,Moderado,1.0,100.0,0.01,0.01,10.0,D+0 (du),D+3 (du),D+03 (du),NÃO SE APLICA,RF Índice de Preços,Aberto para captação,LONGO PRAZO,GERAL,17:00,17h00,Sim · Automatico · 90%,AUTOMATICO,90.0,"[""Pessoa Física""]","[""Pessoa Física""]",Não,Não,,Não,CAIXA FOCO ÍNDICE DE PREÇOS FUNDO DE INVESTIMENTO EM COTAS DE CLASSE DE FUNDO DE INVESTIMENTO FINANCEIRO RENDA FIXA LONGO PRAZO - RESP LIMITADA,Este Fundo não está adaptado às normas vigentes para RPPS (Regimes Próprios de Previdência Social).,https://www.caixa.gov.br/downloads/aplicacao-financeira-laminas/LA_5414.pdf,https://www.caixa.gov.br/downloads/aplicacao-financeira-regulamentos/RG_5414.pdf,https://www.caixa.gov.br/Downloads/aplicacao-financeira-inf-com/FIC_5414.pdf,https://www.caixa.gov.br/Downloads/aplicacao-financeira-comunicado-aos-cotistas/COM_5414.pdf,https://www.caixa.gov.br/Downloads/aplicacao-financeira-carta-mensal/CM_5414.pdf,https://www.caixa.gov.br/Downloads/aplicacao-financeira-laminas-comerciais/LAC_5414.pdf,https://www.caixa.gov.br/Downloads/aplicacao-financeira-termos-adesao/TA_5414.pdf,,https://web.microsoftstream.com/video/a5ab94de-1f04-4f00-87d2-ffa0c6babbaf?channelId=772517ff-88ae-4298-88f2-3ed5a5893c3e
RENDA FIXA,CAIXA FIC FIF CLÁSSICO RF LP RESP LTDA,CAIXA FIC FIF CLASSICO RF LP RESP LTDA,24/04/1996,"15,07292300","0,048","0,14","6,37","13,36","27,733",TODOS,TODOS,https://www.caixa.gov.br/fundos-investimento/renda-fixa/fic-classico-rf-longo-prazo,01.165.796/0001-03,85,Moderado,1.4,100.0,50.0,50.0,100.0,D+0 (du),D+0 (du),D+00 (du),CDI,RF até 49% Crédito Privado,Fechado para captação,LONGO PRAZO,GERAL,17:00,17h00,Sim · Automatico · 90%,AUTOMATICO,90.0,"[""Pessoa Física""]","[""Pessoa Física""]",Não,Não,,Não,CAIXA CLÁSSICO FUNDO DE INVESTIMENTO EM COTAS DE CLASSE DE FUNDO DE INVESTIMENTO FINANCEIRO RENDA FIXA LONGO PRAZO - RESPONSABILIDADE LIMITADA,Este Fundo não está adaptado às normas vigentes para RPPS (Regimes Próprios de Previdência Social). Fundo fechado para novas aplicações a partir de 29/07/2020.,https://www.caixa.gov.br/downloads/aplicacao-financeira-laminas/LA_0085.pdf,https://www.caixa.gov.br/downloads/aplicacao-financeira-regulamentos/RG_0085.pdf,https://www.caixa.gov.br/Downloads/aplicacao-financeira-inf-com/FIC_0085.pdf,https://www.caixa.gov.br/Downloads/aplicacao-financeira-comunicado-aos-cotistas/FR_0085.pdf,https://www.caixa.gov.br/Downloads/aplicacao-financeira-carta-mensal/CM_85.pdf,https://www.caixa.gov.br/Downloads/aplicacao-financeira-laminas-comerciais/LAC_85.pdf,https://www.caixa.gov.br/Downloads/aplicacao-financeira-termos-adesao/TA_0085.pdf,,
RENDA FIXA,CAIXA FIC FIF DESENVOLVER RF LP RESP LTDA,CAIXA FIC FIF DESENVOLVER RF LP RESP LTDA,18/12/2012,"3,02299000","0,047","0,14","6,18","13,02","1,634",TODOS,TODOS,https://www.caixa.gov.br/fundos-investimento/renda-fixa/fic-desenvolver-rf-longo-prazo/,16.877.609/0001-83,5892,Moderado,1.3,500.0,10.0,10.0,50.0,D+0 (du),D+0 (du),D+00 (du),CDI,RF até 49% Crédito Privado,Fechado para captação,LONGO PRAZO,GERAL,,17h00,Sim · Automatico · 95%,AUTOMATICO,95.0,"[""PJ Varejo""]","[""PJ Varejo""]",Não,Não,,Não,CAIXA DESENVOLVER FUNDO DE INVESTIMENTO EM COTAS DE CLASSE DE FUNDO DE INVESTIMENTO FINANCEIRO RENDA FIXA LONGO PRAZO - RESPONSABILIDADE LIMITADA,"Este Fundo não está adaptado às normas vigentes para RPPS (Regimes Próprios de Previdência Social). Fundo fechado para novas aplicações a partir de 07/08/2020, para maiores informações consulte o Fato Relevante",https://www.caixa.gov.br/downloads/aplicacao-financeira-laminas/LA_5892.pdf,https://www.caixa.gov.br/downloads/aplicacao-financeira-regulamentos/RG_5892.pdf,https://www.caixa.gov.br/Downloads/aplicacao-financeira-inf-com/FIC_5892.pdf,https://www.caixa.gov.br/Downloads/aplicacao-financeira-comunicado-aos-cotistas/FR_5892.pdf,https://www.caixa.gov.br/Downloads/aplicacao-financeira-carta-mensal/CM_5892.pdf,https://www.caixa.gov.br/Downloads/aplicacao-financeira-laminas-comerciais/LAC_5892.pdf,https://www.caixa.gov.br/Downloads/aplicacao-financeira-termos-adesao/TA_5892.pdf,,
RENDA FIXA,CAIXA FIC FIF EXECUTIVO RF LP RESP LTDA,CAIXA FIC FIF EXECUTIVO RF LP RESP LTDA,02/09/1996,"33,05750500","0,049","0,14","6,55","13,75","2.182,513",TODOS,TODOS,https://www.caixa.gov.br/fundos-investimento/renda-fixa/fic-executivo-rf-longo-prazo,01.165.781/0001-37,58,Moderado,1.1,1000.0,100.0,100.0,100.0,D+0 (du),D+0 (du),D+00 (du),CDI,RF até 49% Crédito Privado,Aberto para captação,LONGO PRAZO,GERAL,17:00,17h00,Sim · Automatico · 90%,AUTOMATICO,90.0,"[""Pessoa Física"", ""Private""]","[""Pessoa Física"", ""Private""]",Não,Não,,Não,CAIXA EXECUTIVO FUNDO DE INVESTIMENTO EM COTAS DE CLASSE DE FUNDO DE INVESTIMENTO FINANCEIRO RENDA FIXA LONGO PRAZO - RESPONSABILIDADE LIMITADA,Este Fundo não está adaptado às normas vigentes para RPPS (Regimes Próprios de Previdência Social).,https://www.caixa.gov.br/downloads/aplicacao-financeira-laminas/LA_0058.pdf,https://www.caixa.gov.br/downloads/aplicacao-financeira-regulamentos/RG_0058.pdf,https://www.caixa.gov.br/Downloads/aplicacao-financeira-inf-com/FIC_0058.pdf,https://www.caixa.gov.br/Downloads/aplicacao-financeira-comunicado-aos-cotistas/FR_0058.pdf,https://www.caixa.gov.br/Downloads/aplicacao-financeira-carta-mensal/CM_58.pdf,https://www.caixa.gov.br/Downloads/aplicacao-financeira-laminas-comerciais/LAC_58.pdf,https://www.caixa.gov.br/Downloads/aplicacao-financeira-termos-adesao/TA_0058.pdf,,
RENDA FIXA,CAIXA FIC FIF TITULO PUBLICO MPE RF LP RESP LTDA,CAIXA FIC FIF TITULO PUBLICO MPE RF LP RESP LTDA,05/10/2012,"3,25223400","0,051","0,15","6,71","13,85","25,617",TODOS,TODOS,https://www.caixa.gov.br/fundos-investimento/renda-fixa/caixa-fic-tp-mpe-rf-lp/,15.154.429/0001-00,5833,Conservador,0.5,1000.0,100.0,100.0,100.0,D+0 (du),D+0 (du),D+00 (du),CDI,RF 100% TPF - Longo Prazo,Aberto para captação,LONGO PRAZO,GERAL,17:00,17h00,Sim · Automatico · 90%,AUTOMATICO,90.0,"[""PJ Varejo""]","[""PJ Varejo""]",Não,Não,,Não,CAIXA TÍTULO PÚBLICO MPE FUNDO DE INVESTIMENTO EM COTAS DE CLASSE DE FUNDO DE INVESTIMENTO FINANCEIRO RENDA FIXA LONGO PRAZO - RESP LIMITADA,"Fundo reaberto para novas aplicações a partir de 15/01/2024 (inclusive).

Este Fundo não está adaptado às normas vigentes para RPPS (Regimes Próprios de Previdência Social).

Nome alterado de CAIXA FIC EXPANDIR RF LP para CAIXA FIC TITULO PUBLICO MPE RF LP, em 15 JAN 2024, conforme aprovado em Assembleia Geral de Cotistas.",https://www.caixa.gov.br/downloads/aplicacao-financeira-laminas/LA_5833.pdf,https://www.caixa.gov.br/downloads/aplicacao-financeira-regulamentos/RG_5833.pdf,https://www.caixa.gov.br/Downloads/aplicacao-financeira-inf-com/FIC_5833.pdf,https://www.caixa.gov.br/Downloads/aplicacao-financeira-comunicado-aos-cotistas/FR_5833.pdf,https://www.caixa.gov.br/Downloads/aplicacao-financeira-carta-mensal/CM_5833.pdf,https://www.caixa.gov.br/Downloads/aplicacao-financeira-laminas-comerciais/LAC_5833.pdf,https://www.caixa.gov.br/Downloads/aplicacao-financeira-termos-adesao/TA_5833.pdf,,
RENDA FIXA,CAIXA FIC FIF EQUILIBRIO MPE RF LP RESP LTDA,CAIXA FIC FIF EQUILIBRIO MPE RF LP RESP LTDA,05/07/2006,"5,94790800","0,049","0,15","6,62","13,92","41,278",TODOS,TODOS,https://www.caixa.gov.br/fundos-investimento/renda-fixa/caixa-equilibrio-mpe-rf-lp/,07.986.172/0001-25,5405,Moderado,1.0,1000.0,100.0,100.0,100.0,D+0 (du),D+0 (du),D+00 (du),CDI,RF até 49% Crédito Privado,Aberto para captação,LONGO PRAZO,GERAL,17:00,17h00,Sim · Automatico · 90%,AUTOMATICO,90.0,"[""PJ Varejo""]","[""PJ Varejo""]",Não,Não,,Não,CAIXA EQUILIBRIO MPE FUNDO DE INVESTIMENTO EM COTAS DE CLASSE DE FUNDO DE INVESTIMENTO FINANCEIRO RENDA FIXA LONGO PRAZO - RESPONSABILIDADE LIMITADA,"*Nome alterado de CAIXA FIC FORTALECER RF LONGO PRAZO para CAIXA FIC EQUILIBRIO MPE RF LONGO PRAZO, em 15 JAN 2024, conforme aprovado em Assembleia Geral de Cotistas.

Este Fundo não está adaptado às normas vigentes para RPPS (Regimes Próprios de Previdência Social).",https://www.caixa.gov.br/downloads/aplicacao-financeira-laminas/LA_5405.pdf,https://www.caixa.gov.br/downloads/aplicacao-financeira-regulamentos/RG_5405.pdf,https://www.caixa.gov.br/Downloads/aplicacao-financeira-inf-com/FIC_5405.pdf,https://www.caixa.gov.br/Downloads/aplicacao-financeira-comunicado-aos-cotistas/FR_5405.pdf,https://www.caixa.gov.br/Downloads/aplicacao-financeira-carta-mensal/CM_5405.pdf,https://www.caixa.gov.br/Downloads/aplicacao-financeira-laminas-comerciais/LAC_5405.pdf,https://www.caixa.gov.br/Downloads/aplicacao-financeira-termos-adesao/TA_5405.pdf,,
RENDA FIXA,CAIXA FIF SAUDE SUPLEMENTAR ANS RF LP - RESP LTDA,CAIXA FIF SAUDE SUPLEMENTAR ANS RF LP - RESP LTDA,15/07/2008,"5,17819600","0,052","0,15","6,89","14,46","799,711",TODOS,TODOS,https://www.caixa.gov.br/fundos-investimento/renda-fixa/fi-saude-suplementar-anf-rf,09.181.268/0001-41,5080,Conservador,0.35,1000.0,0.01,0.01,100.0,D+0 (du),D+0 (du),D+00 (du),CDI,RF 100% TPF - Longo Prazo,Aberto para captação,LONGO PRAZO,GERAL,17:00,17h00,Sim · Automatico · 90%,AUTOMATICO,90.0,,,Não,Não,,Não,CAIXA SAÚDE SUPLEMENTAR - ANS FUNDO DE INVESTIMENTO FINANCEIRO RENDA FIXA LONGO PRAZO - RESPONSABILIDADE LIMITADA,"¹Condições excepcionais de estorno e movimentação retroativa estão descritas no TE099.
1.	Para providenciar o resgate, a unidade de relacionamento deverá acessar o endereço:  
https://www2.ans.gov.br/SAGA-externo/pages/validaAutorizacao.xhtml
2.	Validar o resgate com o código recebido pela Operadora. 
3.	Desbloquear as cotas no SIART, conforme preceitos do TE099. 
4.	Efetuar o comando de resgate no SIART em D+1 do dia do desbloqueio das cotas, conforme TE099.",https://www.caixa.gov.br/downloads/aplicacao-financeira-laminas/LA_5080.pdf,https://www.caixa.gov.br/downloads/aplicacao-financeira-regulamentos/RG_5080.pdf,https://www.caixa.gov.br/Downloads/aplicacao-financeira-inf-com/FIC_5080.pdf,https://www.caixa.gov.br/Downloads/aplicacao-financeira-comunicado-aos-cotistas/COM_5080.pdf,https://www.caixa.gov.br/Downloads/aplicacao-financeira-carta-mensal/CM_5080.pdf,https://www.caixa.gov.br/Downloads/aplicacao-financeira-laminas-comerciais/LAC_5080.pdf,https://www.caixa.gov.br/Downloads/aplicacao-financeira-termos-adesao/TA_5080.pdf,,
RENDA FIXA,CAIXA FIC RELACIONAMENTO IDEAL RF LP,CAIXA FIC RELACIONAMENTO IDEAL RF LP,16/04/2012,"3,33262300","0,050","0,14","6,56","13,77","12,988",TODOS,TODOS,https://www.caixa.gov.br/fundos-investimento/renda-fixa/fic-relacionamento-ideal-rf-longo-prazo,10.577.505/0001-77,5566,Moderado,1.0,1000.0,100.0,100.0,100.0,D+0 (du),D+0 (du),D+00 (du),CDI,RF até 49% Crédito Privado,Fechado para captação,LONGO PRAZO,GERAL,17:00,17h00,Sim · Automatico · 90%,AUTOMATICO,90.0,"[""Pessoa Física""]","[""Pessoa Física""]",Não,Não,,Não,CAIXA RELACIONAMENTO IDEAL FUNDO DE INVESTIMENTO EM COTAS DE CLASSE DE FUNDO DE INVESTIMENTO FINANCEIRO RENDA FIXA LONGO PRAZO - RESP LIMITADA,"Fundo fechaco para novas aplicações a partir de 28/02/2023.

Este Fundo não está adaptado às normas vigentes para RPPS (Regimes Próprios de Previdência Social).

Destinado à Pessoas Físicas que possuam conta-salário na CAIXA, inclusive empregados da CAIXA. Este Fundo não está adaptado às normas vigentes para RPPS (Regimes Próprios de Previdência Social).

Fundo disponível para aplicação somente via conta corrente marcada como conta-salário (CS), ou conta-salário empregado CAIXA. 

Caso ocorra desmarcação da conta, o cotista não poderá realizar novas aplicações no fundo, no entanto as condições do produto permanecem válidas enquanto houver recursos aplicados. 

As regras para marcação e desmarcação da conta estão no CO020.",https://www.caixa.gov.br/downloads/aplicacao-financeira-laminas/LA_5566.pdf,https://www.caixa.gov.br/downloads/aplicacao-financeira-regulamentos/RG_5566.pdf,https://www.caixa.gov.br/Downloads/aplicacao-financeira-inf-com/FIC_5566.pdf,https://www.caixa.gov.br/Downloads/aplicacao-financeira-comunicado-aos-cotistas/FR_5566.pdf,https://www.caixa.gov.br/Downloads/aplicacao-financeira-carta-mensal/CM_5566.pdf,https://www.caixa.gov.br/Downloads/aplicacao-financeira-laminas-comerciais/LAC_5566.pdf,https://www.caixa.gov.br/Downloads/aplicacao-financeira-termos-adesao/TA_5566.pdf,,
RENDA FIXA,CAIXA FIC FIF OAB RF CRÉD PRIV LP RESP LTDA,CAIXA FIC FIF OAB RF CRED PRIV LP RESP LTDA,23/09/2014,"3,06702100","0,052","0,15","7,00","14,74","1.772,812",TODOS,TODOS,https://www.caixa.gov.br/fundos-investimento/renda-fixa/fic-oab-rf-credito-privado-longo-prazo,14.120.488/0001-03,5970,Moderado,0.4,1000.0,100.0,0.01,0.02,D+0 (du),D+0 (du),D+00 (du),CDI,RF Crédito Privado sem Risco Mercado,Aberto para captação,LONGO PRAZO,GERAL,17:00,17h00,Não se aplica,NÃO SE APLICA,,,,Sim,Não,,Não,CAIXA OAB FUNDO DE INVESTIMENTO EM COTAS DE CLASSE DE FUNDO DE INVESTIMENTO FINANCEIRO RENDA FIXA CRÉDITO PRIVADO LONGO PRAZO - RESPONSABILIDADE LIMIT,"Investidores Pessoas Físicas e Jurídicas, desde que previamente atendida a exigência a seguir:

Advogados e estagiários de Direito, filiados à Ordem dos Advogados do Brasil – OAB, e escritórios de advocacia, contemplados na estratégia de relacionamento com a Entidade.
A verificação do atendimento a estes critérios deverá ser feita no âmbito das Agências e Postos de Atendimento.

Movimentações: O FUNDO oferece mecanismo resgate automático.

Para ativar a funcionalidade de Resgate Automático, acessar o SIART -> Movimentação Automática -> Marcar

As regras da funcionalidade de Movimentação Automática estão descritas no MN TE099.

**Esse fundo não possui adiantamento de resgate, os resgates efetuados ficarão disponíveis no processamento noturno.",https://www.caixa.gov.br/downloads/aplicacao-financeira-laminas/LA_5970.pdf,https://www.caixa.gov.br/downloads/aplicacao-financeira-regulamentos/RG_5970.pdf,https://www.caixa.gov.br/Downloads/aplicacao-financeira-inf-com/FIC_5970.pdf,https://www.caixa.gov.br/Downloads/aplicacao-financeira-comunicado-aos-cotistas/COM_5970.pdf,https://www.caixa.gov.br/Downloads/aplicacao-financeira-carta-mensal/CM_5970.pdf,https://www.caixa.gov.br/Downloads/aplicacao-financeira-laminas-comerciais/LAC_5970.pdf,https://www.caixa.gov.br/Downloads/aplicacao-financeira-termos-adesao/TA_5970.pdf,,
RENDA FIXA,CAIXA FIC FIFINVESTIDOR RF LP RESP LTDA,CAIXA FIC FIFINVESTIDOR RF LP RESP LTDA,01/06/1999,"19,19953200","0,049","0,15","6,73","14,13","956,384",TODOS,TODOS,http://www.caixa.gov.br/fundos-investimento/renda-fixa/fic-investidor-rf-longo-prazo,03.164.294/0001-85,89,Moderado,0.85,5000.0,100.0,100.0,500.0,D+0 (du),D+0 (du),D+00 (du),CDI,RF até 49% Crédito Privado,Aberto para captação,LONGO PRAZO,GERAL,17:00,17h00,Sim · Automatico · 90%,AUTOMATICO,90.0,"[""Pessoa Física"", ""Private""]","[""Pessoa Física"", ""Private""]",Não,Não,,Não,CAIXA INVESTIDOR FUNDO DE INVESTIMENTO EM COTAS DE CLASSE DE FUNDO DE INVESTIMENTO FINANCEIRO RENDA FIXA LONGO PRAZO - RESPONSABILIDADE LIMITADA,Este Fundo não está adaptado às normas vigentes para RPPS (Regimes Próprios de Previdência Social).,https://www.caixa.gov.br/downloads/aplicacao-financeira-laminas/LA_0089.pdf,https://www.caixa.gov.br/downloads/aplicacao-financeira-regulamentos/RG_0089.pdf,https://www.caixa.gov.br/Downloads/aplicacao-financeira-inf-com/FIC_0089.pdf,https://www.caixa.gov.br/Downloads/aplicacao-financeira-comunicado-aos-cotistas/FR_0089.pdf,https://www.caixa.gov.br/Downloads/aplicacao-financeira-carta-mensal/CM_89.pdf,https://www.caixa.gov.br/Downloads/aplicacao-financeira-laminas-comerciais/LAC_89.pdf,https://www.caixa.gov.br/Downloads/aplicacao-financeira-termos-adesao/TA_0089.pdf,,
RENDA FIXA,CAIXA FIC FIF EXPERTISE RF CRED PRIV LP RESP LTDA,CAIXA FIC FIF EXPERTISE RF CRED PRIV LP RESP LTDA,02/07/2009,"4,99101600","0,052","0,15","6,99","14,74","3.316,331",TODOS,TODOS,https://www.caixa.gov.br/fundos-investimento/renda-fixa/fic-expertise-rf-credito-privado-longo-prazo,10.646.888/0001-98,5156,Moderado,0.5,20000.0,100.0,100.0,1000.0,D+0 (du),D+0 (du),D+00 (du),CDI,RF Crédito Privado sem Risco Mercado,Aberto para captação,LONGO PRAZO,GERAL,17:00,17h00,Sim · Automatico · 90%,AUTOMATICO,90.0,"[""Pessoa Física"", ""PJ Varejo"", ""Private""]","[""Pessoa Física"", ""PJ Varejo"", ""Private""]",Não,Não,,Não,CAIXA EXPERTISE FUNDO DE INVESTIMENTO EM COTAS DE CLASSE DE FUNDO DE INVESTIMENTO FINANCEIRO RENDA FIXA CRÉDITO PRIVADO LONGO PRAZO - RESP LIMITADA,*Este Fundo não está adaptado às normas vigentes para RPPS (Regimes Próprios de Previdência Social).,https://www.caixa.gov.br/downloads/aplicacao-financeira-laminas/LA_5156.pdf,https://www.caixa.gov.br/downloads/aplicacao-financeira-regulamentos/RG_5156.pdf,https://www.caixa.gov.br/Downloads/aplicacao-financeira-inf-com/FIC_5156.pdf,https://www.caixa.gov.br/Downloads/aplicacao-financeira-comunicado-aos-cotistas/COM_5156.pdf,https://www.caixa.gov.br/Downloads/aplicacao-financeira-carta-mensal/CM_5156.pdf,https://www.caixa.gov.br/Downloads/aplicacao-financeira-laminas-comerciais/LAC_5156.pdf,https://www.caixa.gov.br/Downloads/aplicacao-financeira-termos-adesao/TA_5156.pdf,,
RENDA FIXA,CAIXA FIC FIF SELEÇÃO RF RESP LTDA,CAIXA FIC FIF SELECAO RF RESP LTDA,01/10/2003,"29,48846300","0,047","0,14","6,33","28,90","21,134",TODOS,TODOS,https://www.caixa.gov.br/fundos-investimento/renda-fixa/fic-selecao-rf-longo-prazo,03.737.207/0001-31,5401,Conservador,1.1,30000.0,100.0,100.0,15000.0,D+0 (du),D+0 (du),D+00 (du),CDI,RF até 49% Crédito Privado,Fechado para captação,CURTO PRAZO,GERAL,,17h00,Sim · Automatico · 95%,AUTOMATICO,95.0,,,Não,Não,,Não,CAIXA SELEÇÃO FUNDO DE INVESTIMENTO EM COTAS DE CLASSE DE FUNDO DE INVESTIMENTO FINANCEIRO RENDA FIXA - RESPONSABILIDADE LIMITADA,"Este Fundo não está adaptado às normas vigentes para RPPS (Regimes Próprios de Previdência Social).O Fundo está fechado para novas adesões e aplicações adicionais, por tempo indeterminado.",https://www.caixa.gov.br/downloads/aplicacao-financeira-laminas/LA_5401.pdf,https://www.caixa.gov.br/downloads/aplicacao-financeira-regulamentos/RG_5401.pdf,https://www.caixa.gov.br/Downloads/aplicacao-financeira-inf-com/FIC_5401.pdf,https://www.caixa.gov.br/Downloads/aplicacao-financeira-comunicado-aos-cotistas/FR_5401.pdf,https://www.caixa.gov.br/Downloads/aplicacao-financeira-carta-mensal/CM_5401.pdf,https://www.caixa.gov.br/Downloads/aplicacao-financeira-laminas-comerciais/LAC_5401.pdf,https://www.caixa.gov.br/Downloads/aplicacao-financeira-termos-adesao/TA_5401.pdf,,
RENDA FIXA,CAIXA FIC FIF PERSONAL RF LP RESP LTDA,CAIXA FIC FIF PERSONAL RF LP RESP LTDA,03/11/1997,"30,88805200","0,050","0,15","6,86","14,42","3.116,793",TODOS,TODOS,https://www.caixa.gov.br/fundos-investimento/renda-fixa/fic-personal-rf-longo-prazo,02.201.163/0001-68,83,Moderado,0.6,50000.0,100.0,100.0,5000.0,D+0 (du),D+0 (du),D+00 (du),CDI,RF até 49% Crédito Privado,Aberto para captação,LONGO PRAZO,GERAL,17:00,17h00,Sim · Automatico · 90%,AUTOMATICO,90.0,"[""Pessoa Física""]","[""Pessoa Física""]",Não,Não,,Não,CAIXA PERSONAL FUNDO DE INVESTIMENTO EM COTAS DE CLASSE DE FUNDO DE INVESTIMENTO FINANCEIRO RENDA FIXA LONGO PRAZO - RESPONSABILIDADE LIMITADA,,https://www.caixa.gov.br/downloads/aplicacao-financeira-laminas/LA_0083.pdf,https://www.caixa.gov.br/downloads/aplicacao-financeira-regulamentos/RG_0083.pdf,https://www.caixa.gov.br/Downloads/aplicacao-financeira-inf-com/FIC_0083.pdf,https://www.caixa.gov.br/Downloads/aplicacao-financeira-comunicado-aos-cotistas/FR_0083.pdf,https://www.caixa.gov.br/Downloads/aplicacao-financeira-carta-mensal/CM_83.pdf,https://www.caixa.gov.br/Downloads/aplicacao-financeira-laminas-comerciais/LAC_83.pdf,https://www.caixa.gov.br/Downloads/aplicacao-financeira-termos-adesao/TA_0083.pdf,,
RENDA FIXA,CAIXA FIC FIF SUPREMO RF LP RESP LTDA,CAIXA FIC FIF SUPREMO RF LP RESP LTDA,04/07/2006,"6,24363400","0,049","0,15","6,74","14,17","121,760",TODOS,TODOS,https://www.caixa.gov.br/fundos-investimento/renda-fixa/fic-supremo-rf-longo-prazo,07.986.178/0001-00,5406,Moderado,0.8,70000.0,100.0,100.0,35000.0,D+0 (du),D+0 (du),D+00 (du),CDI,RF até 49% Crédito Privado,Fechado para captação,LONGO PRAZO,GERAL,17:00,17h00,Sim · Automatico · 90%,AUTOMATICO,90.0,"[""GOV"", ""Pessoa Física"", ""Private""]","[""GOV"", ""Pessoa Física"", ""Private""]",Não,Não,,Não,CAIXA SUPREMO FUNDO DE INVESTIMENTO EM COTAS DE CLASSE DE FUNDO DE INVESTIMENTO FINANCEIRO RENDA FIXA LONGO PRAZO - RESPONSABILIDADE LIMITADA,"FUNDO FECHADO PARA APLICAÇÕES A PARTIR DE 08/04/2024, INCLUSIVE

Este Fundo não está adaptado às normas vigentes para RPPS (Regimes Próprios de Previdência Social).",https://www.caixa.gov.br/downloads/aplicacao-financeira-laminas/LA_5406.pdf,https://www.caixa.gov.br/downloads/aplicacao-financeira-regulamentos/RG_5406.pdf,https://www.caixa.gov.br/Downloads/aplicacao-financeira-inf-com/FIC_5406.pdf,https://www.caixa.gov.br/Downloads/aplicacao-financeira-comunicado-aos-cotistas/FR_5406.pdf,https://www.caixa.gov.br/Downloads/aplicacao-financeira-carta-mensal/CM_5406.pdf,https://www.caixa.gov.br/Downloads/aplicacao-financeira-laminas-comerciais/LAC_5406.pdf,https://www.caixa.gov.br/Downloads/aplicacao-financeira-termos-adesao/TA_5406.pdf,,
RENDA FIXA,CAIXA FIC FIF PATRIMONIO IND.DE PRECOS RF LP RESP LTDA,CAIXA FIC FIF PATRIMONIO IND.DE PRECOS RF LP RESP LTDA,03/01/2000,"23,82032000","0,188","0,09","6,39","11,56","94,160",TODOS,TODOS,https://www.caixa.gov.br/fundos-investimento/renda-fixa/fic-patrimonio-indice-precos-rf-longo-prazo,03.191.874/0001-61,46,Moderado,0.3,100000.0,100.0,100.0,10000.0,D+0 (du),D+3 (du),D+03 (du),IPCA+6%,RF Índice de Preços,Aberto para captação,LONGO PRAZO,GERAL,17:00,17h00,Sim · Automatico · 90%,AUTOMATICO,90.0,"[""Institucional"", ""PJ Atacado""]","[""Institucional"", ""PJ Atacado""]",Não,Não,,Não,CAIXA PATRIMÔNIO ÍNDICE DE PREÇOS FUNDO DE INVESTIMENTO EM COTAS DE CLASSE DE FUNDO DE INVESTIMENTO FINANCEIRO RENDA FIXA LONGO PRAZO - RESP LIMITADA,Este Fundo não está adaptado às normas vigentes para RPPS (Regimes Próprios de Previdência Social).,https://www.caixa.gov.br/downloads/aplicacao-financeira-laminas/LA_0046.pdf,https://www.caixa.gov.br/downloads/aplicacao-financeira-regulamentos/RG_0046.pdf,https://www.caixa.gov.br/Downloads/aplicacao-financeira-inf-com/FIC_0046.pdf,https://www.caixa.gov.br/Downloads/aplicacao-financeira-comunicado-aos-cotistas/COM_46.pdf,https://www.caixa.gov.br/Downloads/aplicacao-financeira-carta-mensal/CM_46.pdf,https://www.caixa.gov.br/Downloads/aplicacao-financeira-laminas-comerciais/LAC_46.pdf,https://www.caixa.gov.br/Downloads/aplicacao-financeira-termos-adesao/TA_0046.pdf,,https://web.microsoftstream.com/video/140b7682-00df-491d-b451-73ae70a040fa?channelId=772517ff-88ae-4298-88f2-3ed5a5893c3e
RENDA FIXA,CAIXA FIF EXTRAMERCADO COMUM IRFM-1 RF RESP LTDA,CAIXA FIF EXTRAMERCADO COMUM IRFM-1 RF RESP LTDA,13/02/2012,"3,78740500","0,074","0,11","6,66","14,30","5.236,072",TODOS,TODOS,https://www.caixa.gov.br/fundos-investimento/renda-fixa/fi-extramercado-comum-irfm-1-rf/Paginas/default.aspx,14.507.897/0001-59,5487,Conservador,0.1,0.01,0.01,0.01,0.01,D+0 (du),D+0 (du),D+00 (du),CDI,RF 100% TPF,Aberto para captação,CURTO PRAZO,PROFISSIONAL,16:00,16h00,Sim · Automatico · 95%,AUTOMATICO,95.0,,,Não,Não,,Não,CAIXA EXTRAMERCADO COMUM IRFM-1 FUNDO DE INVESTIMENTO FINANCEIRO RENDA FIXA - RESPONSABILIDADE LIMITADA,Condições excepcionais de estorno e movimentação retroativa estão descritas no TE099.,https://www.caixa.gov.br/downloads/aplicacao-financeira-laminas/LA_5487.pdf,https://www.caixa.gov.br/downloads/aplicacao-financeira-regulamentos/RG_5487.pdf,https://www.caixa.gov.br/Downloads/aplicacao-financeira-inf-com/FIC_5487.pdf,https://www.caixa.gov.br/Downloads/aplicacao-financeira-comunicado-aos-cotistas/COM_5487.pdf,https://www.caixa.gov.br/Downloads/aplicacao-financeira-carta-mensal/CM_5487.pdf,https://www.caixa.gov.br/Downloads/aplicacao-financeira-laminas-comerciais/LAC_5487.pdf,https://www.caixa.gov.br/Downloads/aplicacao-financeira-termos-adesao/TA_5487.pdf,,
RENDA FIXA,CAIXA FIF DIAMANTE CORP RF CRED PRIV LP - RESP LTDA,CAIXA FIF DIAMANTE CORP RF CRED PRIV LP - RESP LTDA,06/11/2019,"1.907,79393100","0,054","0,16","7,17","15,11","16.751,095",TODOS,TODOS,https://www.caixa.gov.br/fundos-investimento/empresa/renda-fixa/credito-privado/caixa-fi-diamante-corporativo-rf-cred-priv-lp,29.157.520/0001-94,6445,Conservador,0.12,3000000.0,100.0,100.0,300000.0,D+0 (du),D+0 (du),D+00 (du),CDI,RF Crédito Privado permite Risco Mercado,Aberto para captação,LONGO PRAZO,PROFISSIONAL,17:00,17h00,Sim · Automatico · 95%,AUTOMATICO,95.0,"[""Institucional"", ""PJ Atacado"", ""PJ Varejo""]","[""Institucional"", ""PJ Atacado"", ""PJ Varejo""]",Não,Não,,Não,CAIXA DIAMANTE CORPORATIVO FUNDO DE INVESTIMENTO FINANCEIRO RENDA FIXA CRÉDITO PRIVADO LONGO PRAZO - RESPONSABILIDADE LIMITADA,,https://www.caixa.gov.br/downloads/aplicacao-financeira-laminas/LA_6445.pdf,https://www.caixa.gov.br/downloads/aplicacao-financeira-regulamentos/RG_6445.pdf,https://www.caixa.gov.br/Downloads/aplicacao-financeira-inf-com/FIC_6445.pdf,https://www.caixa.gov.br/Downloads/aplicacao-financeira-comunicado-aos-cotistas/COM_6445.pdf,https://www.caixa.gov.br/Downloads/aplicacao-financeira-carta-mensal/CM_6445.pdf,https://www.caixa.gov.br/Downloads/aplicacao-financeira-laminas-comerciais/LAC_6445.pdf,https://www.caixa.gov.br/Downloads/aplicacao-financeira-termos-adesao/TA_6445.pdf,,https://web.microsoftstream.com/video/513ae285-b3cb-42e6-a51a-984face9af08?channelId=772517ff-88ae-4298-88f2-3ed5a5893c3e
RENDA FIXA,CAIXA FIF SAUDE SUPLEMENTAR ANS II RF LP - RESP LTDA,CAIXA FIF SAUDE SUPLEMENTAR ANS II RF LP - RESP LTDA,04/12/2008,"5,18105200","0,053","0,16","7,02","14,74","288,407",TODOS,TODOS,https://www.caixa.gov.br/fundos-investimento/renda-fixa/fi-saude-suplementar-ans-ii-rf-longo-prazo,09.548.725/0001-93,5132,Conservador,0.07,10000000.0,0.01,0.01,0.01,D+0 (du),D+0 (du),D+00 (du),CDI,RF 100% TPF - Longo Prazo,Aberto para captação,LONGO PRAZO,QUALIFICADO,17:00,17h00,Sim · Automatico · 90%,AUTOMATICO,90.0,,,Não,Não,,Não,CAIXA SAUDE SUPLEMENTAR - ANS II FUNDO DE INVESTIMENTO FINANCEIRO RENDA FIXA LONGO PRAZO - RESPONSABILIDADE LIMITADA,"¹Condições excepcionais de estorno e movimentação retroativa estão descritas no TE099.
1.	Para providenciar o resgate, a unidade de relacionamento deverá acessar o endereço:  
https://www2.ans.gov.br/SAGA-externo/pages/validaAutorizacao.xhtml
2.	Validar o resgate com o código recebido pela Operadora. 
3.	Desbloquear as cotas no SIART, conforme preceitos do TE099. 
4.	Efetuar o comando de resgate no SIART em D+1 do dia do desbloqueio das cotas, conforme TE099.",https://www.caixa.gov.br/downloads/aplicacao-financeira-laminas/LA_5132.pdf,https://www.caixa.gov.br/downloads/aplicacao-financeira-regulamentos/RG_5132.pdf,https://www.caixa.gov.br/Downloads/aplicacao-financeira-inf-com/FIC_5132.pdf,https://www.caixa.gov.br/Downloads/aplicacao-financeira-comunicado-aos-cotistas/COM_5132.pdf,https://www.caixa.gov.br/Downloads/aplicacao-financeira-carta-mensal/CM_5132.pdf,https://www.caixa.gov.br/Downloads/aplicacao-financeira-laminas-comerciais/LAC_5132.pdf,https://www.caixa.gov.br/Downloads/aplicacao-financeira-termos-adesao/TA_5132.pdf,,
RENDA FIXA,CAIXA FIF SEBRAE RF LP RESP LTDA,CAIXA FIF SEBRAE RF LP RESP LTDA,22/12/2000,"18,10867200","0,053","0,15","6,96","14,69","4.805,308",TODOS,TODOS,https://www.caixa.gov.br/fundos-investimento/empresa/renda-fixa/fi-sebrae-rf-longo-prazo/Paginas/default.aspx,03.737.227/0001-02,5053,Moderado,,0.01,0.01,0.01,0.01,D+0 (du),D+0 (du),D+01 (du),CDI,RF até 49% Crédito Privado,Aberto para captação,LONGO PRAZO,QUALIFICADO,17:00,17h00,Sim · Automatico · 90%,AUTOMATICO,90.0,,,Não,Não,,Não,SEBRAE CLASSE DE FUNDO DE INVESTIMENTO FINANCEIRO RENDA FIXA LONGO PRAZO - RESPONSABILIDADE LIMITADA,,https://www.caixa.gov.br/downloads/aplicacao-financeira-laminas/LA_5053.pdf,https://www.caixa.gov.br/downloads/aplicacao-financeira-regulamentos/RG_5053.pdf,https://www.caixa.gov.br/Downloads/aplicacao-financeira-inf-com/FIC_5053.pdf,https://www.caixa.gov.br/Downloads/aplicacao-financeira-comunicado-aos-cotistas/COM_5053.pdf,https://www.caixa.gov.br/Downloads/aplicacao-financeira-carta-mensal/CM_5053.pdf,https://www.caixa.gov.br/Downloads/aplicacao-financeira-laminas-comerciais/LAC_5053.pdf,https://www.caixa.gov.br/Downloads/aplicacao-financeira-termos-adesao/TA_5053.pdf,,
RENDA FIXA,CAIXA FIF CNI RF LP - RESP LTDA,CAIXA FIF CNI RF LP - RESP LTDA,26/01/2005,"8,80319300","0,053","0,15","6,89","14,60","3.990,293",TODOS,TODOS,https://www.caixa.gov.br/fundos-investimento/empresa/renda-fixa/fi-cni-rf-longo-prazo/Paginas/default.aspx,05.164.366/0001-10,5066,Moderado,0.07,1.0,1.0,1.0,1.0,D+0 (du),D+0 (du),D+00 (du),CDI,RF 100% TPF - Longo Prazo,Aberto para captação,LONGO PRAZO,PROFISSIONAL,17:00,17h00,Sim · Automatico · 90%,AUTOMATICO,90.0,,,Não,Não,,Não,CAIXA CNI FUNDO DE INVESTIMENTO FINANCEIRO RENDA FIXA LONGO PRAZO - RESPONSABILIDADE LIMITADA,,https://www.caixa.gov.br/downloads/aplicacao-financeira-laminas/LA_5066.pdf,https://www.caixa.gov.br/downloads/aplicacao-financeira-regulamentos/RG_5066.pdf,https://www.caixa.gov.br/Downloads/aplicacao-financeira-inf-com/FIC_5066.pdf,https://www.caixa.gov.br/Downloads/aplicacao-financeira-comunicado-aos-cotistas/COM_5066.pdf,https://www.caixa.gov.br/Downloads/aplicacao-financeira-carta-mensal/CM_5066.pdf,https://www.caixa.gov.br/Downloads/aplicacao-financeira-laminas-comerciais/LAC_5066.pdf,https://www.caixa.gov.br/Downloads/aplicacao-financeira-termos-adesao/TA_5066.pdf,,
RENDA FIXA REFERENCIADO,CAIXA FIC FIF NOVO BRASIL RF IMA-B LP RESP LTDA,CAIXA FIC FIF NOVO BRASIL RF IMA-B LP RESP LTDA,27/10/2009,"5,48528100","0,559","0,11","4,35","8,23","581,704",TODOS,TODOS,https://www.caixa.gov.br/fundos-investimento/renda-fixa/fic-novo-brasil-ima-b-rf-longo-prazo,10.646.895/0001-90,5168,Moderado,0.2,0.01,0.01,0.01,0.01,D+0 (du),D+0 (du),D+00 (du),IMA-B 5,RF Índice de Preços,Aberto para captação,LONGO PRAZO,GERAL,17:00,17h00,Sim · Automatico · 90%,AUTOMATICO,90.0,"[""GOV"", ""RPPS""]","[""GOV"", ""RPPS""]",Não,Não,,Não,CAIXA NOVO BRASIL IMA-B FUNDO DE INVESTIMENTO EM COTAS DE CLASSE DE FUNDO DE INVESTIMENTO FINANCEIRO RENDA FIXA LONGO PRAZO - RESP LIMITADA,"1. Para aplicação por meio de conta operação 1292, é necessário o cadastramento prévio de cotistas, conforme descrito no item no item Adesão, do FI612.
2. O procedimento de inclusão da conta deverá ser realizado sempre que houver qualquer aplicação por meio de conta operação 1292, mesmo para os clientes que já realizaram o cadastramento anteriormente.",https://www.caixa.gov.br/downloads/aplicacao-financeira-laminas/LA_5168.pdf,https://www.caixa.gov.br/downloads/aplicacao-financeira-regulamentos/RG_5168.pdf,https://www.caixa.gov.br/Downloads/aplicacao-financeira-inf-com/FIC_5168.pdf,https://www.caixa.gov.br/Downloads/aplicacao-financeira-comunicado-aos-cotistas/COM_5168.pdf,https://www.caixa.gov.br/Downloads/aplicacao-financeira-carta-mensal/CM_5168.pdf,https://www.caixa.gov.br/Downloads/aplicacao-financeira-laminas-comerciais/LAC_5168.pdf,https://www.caixa.gov.br/Downloads/aplicacao-financeira-termos-adesao/TA_5168.pdf,,
RENDA FIXA REFERENCIADO,CAIXA FIC FIF BETA RF REF DI LP RESP LTDA,CAIXA FIC FIF BETA RF REF DI LP RESP LTDA,02/10/1995,"30,58130500","0,047","0,14","6,27","13,16","164,802",TODOS,TODOS,https://www.caixa.gov.br/fundos-investimento/referenciados/fic-beta-ref-di-lp,00.834.072/0001-34,56,Conservador,1.5,0.01,0.01,0.01,0.01,D+0 (du),D+0 (du),D+00 (du),CDI,RF REF DI 100% TPF,Aberto para captação,LONGO PRAZO,GERAL,17:00,17h00,Sim · Automatico · 95%,AUTOMATICO,95.0,"[""Pessoa Física"", ""Private""]","[""Pessoa Física"", ""Private""]",Não,Não,,Não,CAIXA BETA FUNDO DE INVESTIMENTO EM COTAS DE CLASSE DE FUNDO DE INVESTIMENTO FINANCEIRO RENDA FIXA REFERENCIADO DI LONGO PRAZO - RESP LIMITADA,"Este Fundo não está adaptado às normas vigentes para RPPS (Regimes Próprios de Previdência Social). Fundo aberto para novas aplicações a partir de 30/06/2021, para maiores informações consulte o Fato Relevante.",https://www.caixa.gov.br/downloads/aplicacao-financeira-laminas/LA_0056.pdf,https://www.caixa.gov.br/downloads/aplicacao-financeira-regulamentos/RG_0056.pdf,https://www.caixa.gov.br/Downloads/aplicacao-financeira-inf-com/FIC_0056.pdf,https://www.caixa.gov.br/Downloads/aplicacao-financeira-comunicado-aos-cotistas/FR_0056.pdf,https://www.caixa.gov.br/Downloads/aplicacao-financeira-carta-mensal/CM_56.pdf,https://www.caixa.gov.br/Downloads/aplicacao-financeira-laminas-comerciais/LAC_56.pdf,https://www.caixa.gov.br/Downloads/aplicacao-financeira-termos-adesao/TA_0056.pdf,,https://web.microsoftstream.com/video/f0b7478a-7800-4df0-8a43-0113c5248eec?channelId=772517ff-88ae-4298-88f2-3ed5a5893c3e
RENDA FIXA REFERENCIADO,CAIXA FIC FIF BRASIL RF REFER DI LONGO PRAZO RESP LTDA,CAIXA FIC FIF BRASIL RF REFER DI LONGO PRAZO RESP LTDA,05/07/2006,"6,79467300","0,052","0,16","7,06","14,83","23.189,113",TODOS,TODOS,https://www.caixa.gov.br/fundos-investimento/referenciados/fi-brasil-ref-di-longo-prazo,,,,,,,,,,,,,,,,,,,,,,,,,,,,,,,,,,,,,,
RENDA FIXA REFERENCIADO,CAIXA FIC FIF GIRO IMEDIATO RF REF DI LP RESP LTDA,CAIXA FIC FIF GIRO IMEDIATO RF REF DI LP RESP LTDA,03/06/2013,"2,83153200","0,046","0,14","6,19","12,98","6.059,232",TODOS,TODOS,https://www.caixa.gov.br/fundos-investimento/referenciados/fic-giro-imediato-ref-di-longo-prazo,17.502.869/0001-37,5930,Conservador,1.5,1000.0,100.0,0.01,0.02,D+0 (du),D+0 (du),D+00 (du),CDI,RF DI até 49% Crédito Privado,Aberto para captação,LONGO PRAZO,GERAL,18:00,18h00,Não se aplica,NÃO SE APLICA,,"[""Pessoa Física"", ""Private""]","[""Pessoa Física"", ""Private""]",Sim,Não,,Não,CAIXA GIRO IMEDIATO FUNDO DE INVESTIMENTO EM COTAS DE CLASSE DE FUNDO DE INVESTIMENTO FINANCEIRO RENDA FIXA REFERENCIADO DI LP - RESP LIMITADA,"Este Fundo não está adaptado às normas vigentes para RPPS (Regimes Próprios de Previdência Social).

Movimentações: O FUNDO oferece mecanismo resgate automático.

Para ativar a funcionalidade de Resgate Automático, acessar o SIART -> Movimentação Automática -> Marcar

As regras da funcionalidade de Movimentação Automática estão descritas no MN TE099.

**Esse fundo não possui adiantamento de resgate, os resgates efetuados ficarão disponíveis no processamento noturno.",https://www.caixa.gov.br/downloads/aplicacao-financeira-laminas/LA_5930.pdf,https://www.caixa.gov.br/downloads/aplicacao-financeira-regulamentos/RG_5930.pdf,https://www.caixa.gov.br/Downloads/aplicacao-financeira-inf-com/FIC_5930.pdf,https://www.caixa.gov.br/Downloads/aplicacao-financeira-comunicado-aos-cotistas/COM_5930.pdf,https://www.caixa.gov.br/Downloads/aplicacao-financeira-carta-mensal/CM_5930.pdf,https://www.caixa.gov.br/Downloads/aplicacao-financeira-laminas-comerciais/LAC_5930.pdf,https://www.caixa.gov.br/Downloads/aplicacao-financeira-termos-adesao/TA_5930.pdf,,
RENDA FIXA REFERENCIADO,CAIXA FIC FIF PLENO REF DI LP RESP LTDA,CAIXA FIC FIF PLENO REF DI LP RESP LTDA,14/06/2010,"3,63771100","0,050","0,15","6,80","14,29","2.231,881",TODOS,TODOS,https://www.caixa.gov.br/fundos-investimento/referenciados/fic-pleno-ref-di-longo-prazo,10.740.508/0001-80,5498,Conservador,0.7,1000.0,100.0,100.0,100.0,D+0 (du),D+0 (du),D+00 (du),CDI,RF DI até 49% Crédito Privado,Aberto para captação,LONGO PRAZO,GERAL,17:00,17h00,Sim · Automatico · 95%,AUTOMATICO,95.0,"[""Pessoa Física"", ""Private""]","[""Pessoa Física"", ""Private""]",Não,Não,,Não,CAIXA PLENO FUNDO DE INVESTIMENTO EM COTAS DE CLASSE DE FUNDO DE INVESTIMENTO FINANCEIRO RENDA FIXA REFERENCIADO DI LONGO PRAZO - RESP LIMITADA,"*Este Fundo não está adaptado às normas vigentes para RPPS (Regimes Próprios de Previdência Social).""",https://www.caixa.gov.br/downloads/aplicacao-financeira-laminas/LA_5498.pdf,https://www.caixa.gov.br/downloads/aplicacao-financeira-regulamentos/RG_5498.pdf,https://www.caixa.gov.br/Downloads/aplicacao-financeira-inf-com/FIC_5498.pdf,https://www.caixa.gov.br/Downloads/aplicacao-financeira-comunicado-aos-cotistas/COM_5498.pdf,https://www.caixa.gov.br/Downloads/aplicacao-financeira-carta-mensal/CM_5498.pdf,https://www.caixa.gov.br/Downloads/aplicacao-financeira-laminas-comerciais/LAC_5498.pdf,https://www.caixa.gov.br/Downloads/aplicacao-financeira-termos-adesao/TA_5498.pdf,,https://web.microsoftstream.com/video/5f6afa60-a43f-403c-8879-e04a2d36c5fa?channelId=772517ff-88ae-4298-88f2-3ed5a5893c3e
RENDA FIXA REFERENCIADO,CAIXA FIC FIF PREFERENCIAL REF DI LP RESP LTDA,CAIXA FIC FIF PREFERENCIAL REF DI LP RESP LTDA,01/10/2003,"9,77361900","0,051","0,15","6,85","14,39","827,325",TODOS,TODOS,https://www.caixa.gov.br/fundos-investimento/referenciados/fic-preferencial-ref-di-longo-prazo,03.737.211/0001-08,5402,Conservador,0.6,30000.0,100.0,100.0,15000.0,D+0 (du),D+0 (du),D+00 (du),CDI,RF DI até 49% Crédito Privado,Fechado para captação,LONGO PRAZO,GERAL,17:00,17h00,Sim · Automatico · 95%,AUTOMATICO,95.0,"[""GOV"", ""Pessoa Física"", ""Private""]","[""GOV"", ""Pessoa Física"", ""Private""]",Não,Não,,Não,CAIXA PREFERENCIAL FUNDO DE INVESTIMENTO EM COTAS DE CLASSE DE FUNDO DE INVESTIMENTO FINANCEIRO RENDA FIXA REFERENCIADO DI LONGO PRAZO - RESP LIMITADA,"FUNDO FECHADO PARA APLICAÇÃO A PARTIR DE 08/04/2024, INCLUSIVE.

Este Fundo não está adaptado às normas vigentes para RPPS (Regimes Próprios de Previdência Social).",https://www.caixa.gov.br/downloads/aplicacao-financeira-laminas/LA_5402.pdf,https://www.caixa.gov.br/downloads/aplicacao-financeira-regulamentos/RG_5402.pdf,https://www.caixa.gov.br/Downloads/aplicacao-financeira-inf-com/FIC_5402.pdf,https://www.caixa.gov.br/Downloads/aplicacao-financeira-comunicado-aos-cotistas/FR_5402.pdf,https://www.caixa.gov.br/Downloads/aplicacao-financeira-carta-mensal/CM_5402.pdf,https://www.caixa.gov.br/Downloads/aplicacao-financeira-laminas-comerciais/LAC_5402.pdf,https://www.caixa.gov.br/Downloads/aplicacao-financeira-termos-adesao/TA_5402.pdf,,https://web.microsoftstream.com/video/ee622bf6-774a-41bd-afd8-1775b6b730b9?channelId=772517ff-88ae-4298-88f2-3ed5a5893c3e
RENDA FIXA REFERENCIADO,CAIXA FIC FIF SIGMA RF REF DI LP RESP LTDA,CAIXA FIC FIF SIGMA RF REF DI LP RESP LTDA,01/12/2009,"4,49708800","0,052","0,15","6,89","14,48","16.469,608",TODOS,TODOS,https://www.caixa.gov.br/fundos-investimento/referenciados/fic-sigma-ref-di-longo-prazo,10.731.794/0001-17,5171,Conservador,0.35,50000.0,100.0,100.0,5000.0,D+0 (du),D+0 (du),D+00 (du),CDI,RF REF DI 100% TPF,Aberto para captação,LONGO PRAZO,GERAL,17:00,17h00,Sim · Automatico · 95%,AUTOMATICO,95.0,"[""Institucional"", ""Pessoa Física"", ""PJ Atacado"", ""PJ Varejo"", ""Private""]","[""Institucional"", ""Pessoa Física"", ""PJ Atacado"", ""PJ Varejo"", ""Private""]",Não,Não,,Não,CAIXA SIGMA FUNDO DE INVESTIMENTO EM COTAS DE CLASSE DE FUNDO DE INVESTIMENTO FINANCEIRO RENDA FIXA REFERENCIADO DI LONGO PRAZO - RESP LIMITADA,,https://www.caixa.gov.br/downloads/aplicacao-financeira-laminas/LA_5171.pdf,https://www.caixa.gov.br/downloads/aplicacao-financeira-regulamentos/RG_5171.pdf,https://www.caixa.gov.br/Downloads/aplicacao-financeira-inf-com/FIC_5171.pdf,https://www.caixa.gov.br/Downloads/aplicacao-financeira-comunicado-aos-cotistas/COM_5171.pdf,https://www.caixa.gov.br/Downloads/aplicacao-financeira-carta-mensal/CM_5171.pdf,https://www.caixa.gov.br/Downloads/aplicacao-financeira-laminas-comerciais/LAC_5171.pdf,https://www.caixa.gov.br/Downloads/aplicacao-financeira-termos-adesao/TA_5171.pdf,,https://web.microsoftstream.com/video/4be15710-4acb-4afd-a959-c6ed0d090cac?channelId=772517ff-88ae-4298-88f2-3ed5a5893c3e
RENDA FIXA REFERENCIADO,CAIXA FIC FIF RUBI RF REF DI LP RESP LTDA,CAIXA FIC FIF RUBI RF REF DI LP RESP LTDA,15/07/2009,"4,81906900","0,052","0,16","7,01","14,74","9.546,116",TODOS,TODOS,https://www.caixa.gov.br/fundos-investimento/referenciados/fic-rubi-ref-di-longo-prazo/Paginas/default.aspx,10.646.885/0001-54,5157,Conservador,0.3,200000.0,100.0,100.0,20000.0,D+0 (du),D+0 (du),D+00 (du),CDI,RF DI até 49% Crédito Privado,Aberto para captação,LONGO PRAZO,GERAL,17:00,17h00,Sim · Automatico · 95%,AUTOMATICO,95.0,"[""Institucional"", ""PJ Atacado"", ""PJ Varejo""]","[""Institucional"", ""PJ Atacado"", ""PJ Varejo""]",Não,Não,,Não,CAIXA RUBI FUNDO DE INVESTIMENTO EM COTAS DE CLASSE DE FUNDO DE INVESTIMENTO FINANCEIRO RENDA FIXA REFERENCIADO DI LONGO PRAZO - RESP LIMITADA,Este Fundo não está adaptado às normas vigentes para RPPS (Regimes Próprios de Previdência Social).,https://www.caixa.gov.br/downloads/aplicacao-financeira-laminas/LA_5157.pdf,https://www.caixa.gov.br/downloads/aplicacao-financeira-regulamentos/RG_5157.pdf,https://www.caixa.gov.br/Downloads/aplicacao-financeira-inf-com/FIC_5157.pdf,https://www.caixa.gov.br/Downloads/aplicacao-financeira-comunicado-aos-cotistas/COM_5157.pdf,https://www.caixa.gov.br/Downloads/aplicacao-financeira-carta-mensal/CM_5157.pdf,https://www.caixa.gov.br/Downloads/aplicacao-financeira-laminas-comerciais/LAC_5157.pdf,https://www.caixa.gov.br/Downloads/aplicacao-financeira-termos-adesao/TA_5157.pdf,,https://web.microsoftstream.com/video/3cd97374-bb4b-4204-bdef-48cfa0e370c8?channelId=772517ff-88ae-4298-88f2-3ed5a5893c3e
RENDA FIXA CURTO PRAZO,CAIXA FIC FIF PRÁTICO RF CURTO PRAZO RESP LTDA,CAIXA FIC FIF PRATICO RF CURTO PRAZO RESP LTDA,02/10/1995,"9,49438000","0,045","0,13","6,07","12,55","2.863,589",TODOS,TODOS,https://www.caixa.gov.br/fundos-investimento/curto-prazo/fic-pratico-curto-prazo,00.834.074/0001-23,55,Conservador,1.7,0.01,0.01,0.01,0.01,D+0 (du),D+0 (du),D+00 (du),CDI,RF 100% TPF - Curto Prazo,Fechado para captação,CURTO PRAZO,GERAL,18:00,18h00,Não se aplica,NÃO SE APLICA,,"[""GOV""]","[""GOV""]",Sim,Não,,Não,CAIXA PRÁTICO FUNDO DE INVESTIMENTO EM COTAS DE CLASSE DE FUNDO DE INVESTIMENTO FINANCEIRO RENDA FIXA CURTO PRAZO - RESPONSABILIDADE LIMITADA,"Movimentações: O FUNDO oferece mecanismo resgate automático.

Para ativar a funcionalidade de Resgate Automático, acessar o SIART -> Movimentação Automática -> Marcar

As regras da funcionalidade de Movimentação Automática estão descritas no MN TE099.

**Esse fundo não possui adiantamento de resgate, os resgates efetuados ficarão disponíveis no processamento noturno.",https://www.caixa.gov.br/downloads/aplicacao-financeira-laminas/LA_0055.pdf,https://www.caixa.gov.br/downloads/aplicacao-financeira-regulamentos/RG_0055.pdf,https://www.caixa.gov.br/Downloads/aplicacao-financeira-inf-com/FIC_0055.pdf,https://www.caixa.gov.br/Downloads/aplicacao-financeira-comunicado-aos-cotistas/FR_0055.pdf,https://www.caixa.gov.br/Downloads/aplicacao-financeira-carta-mensal/CM_55.pdf,https://www.caixa.gov.br/Downloads/aplicacao-financeira-laminas-comerciais/LAC_55.pdf,https://www.caixa.gov.br/Downloads/aplicacao-financeira-termos-adesao/TA_0055.pdf,,
RENDA FIXA CURTO PRAZO,CAIXA FIC FIF TURQUESA CORPORATIVO RF CP RESP LTDA,CAIXA FIC FIF TURQUESA CORPORATIVO RF CP RESP LTDA,01/10/2020,"1.791,96091400","0,051","0,15","6,93","14,60","1.685,144",TODOS,TODOS,https://www.caixa.gov.br/fundos-investimento/voce/renda-fixa/fic-turquesa-corporativo-curto-prazo,30.068.141/0001-07,5946,Conservador,0.1,3000000.0,100.0,100.0,300000.0,D+0 (du),D+0 (du),D+00 (du),CDI,RF 100% TPF - Curto Prazo,Aberto para captação,CURTO PRAZO,GERAL,17:00,17h00,Sim · Automatico · 100%,AUTOMATICO,100.0,"[""Institucional"", ""PJ Atacado""]","[""Institucional"", ""PJ Atacado""]",Não,Não,,Não,CAIXA TURQUESA CORPORATIVO FUNDO DE INVESTIMENTO EM COTAS DE CLASSE DE FUNDO DE INVESTIMENTO FINANCEIRO RENDA FIXA CURTO PRAZO - RESP LIMITADA,,https://www.caixa.gov.br/downloads/aplicacao-financeira-laminas/LA_5946.pdf,https://www.caixa.gov.br/downloads/aplicacao-financeira-regulamentos/RG_5946.pdf,https://www.caixa.gov.br/Downloads/aplicacao-financeira-inf-com/FIC_5946.pdf,https://www.caixa.gov.br/Downloads/aplicacao-financeira-comunicado-aos-cotistas/COM_5946.pdf,https://www.caixa.gov.br/Downloads/aplicacao-financeira-carta-mensal/CM_5946.pdf,https://www.caixa.gov.br/Downloads/aplicacao-financeira-laminas-comerciais/LAC_5946.pdf,https://www.caixa.gov.br/Downloads/aplicacao-financeira-termos-adesao/TA_5946.pdf,,https://web.microsoftstream.com/video/b2ec8a38-dced-4be0-9b7d-e8ceaec2a86e?channelId=772517ff-88ae-4298-88f2-3ed5a5893c3e
RENDA FIXA CURTO PRAZO,CAIXA FIC FIF TRANSFERÊNCIA VOLUNTÁRIA RF CP RESP LTDA,CAIXA FIC FIF TRANSFERENCIA VOLUNTARIA RF CP RESP LTDA,16/10/2012,"2,50028400","0,045","0,13","6,06","12,54","18.849,076",TODOS,TODOS,https://www.caixa.gov.br/fundos-investimento/curto-prazo/fic-transferencias-voluntarias-curto-prazo,10.740.552/0001-90,5413,Conservador,1.7,0.01,0.01,0.01,0.01,D+0 (du),D+0 (du),D+00 (du),CDI,RF 100% TPF - Curto Prazo,Aberto para captação,CURTO PRAZO,GERAL,17:00,17h00,Não se aplica,NÃO SE APLICA,,"[""GOV""]","[""GOV""]",Sim,Não,,Não,CAIXA TRANSFERÊNCIAS VOLUNTÁRIAS POLIS FUNDO DE INVESTIMENTO EM COTAS DE CLASSE DE FUNDO DE INVESTIMENTO FINANCEIRO RENDA FIXA CP - RESP LIMITADA,"Fundo possui a funcionalidade de movimentações automáticas aplicável, obrigatoriamente, a todos os cotistas que a ele aderirem.

Assim, as aplicações e resgates ocorrerão por interface entre o cotista, pelo Portal de Convênios, e a CAIXA, pelo SIART, não havendo movimentações no Internet Banking ou a execução de comandos manuais no SIART pelas Agências ou PA.

O cadastramento dos cotistas no SIART é efetuado de forma automática por meio da interface desenvolvida entre SIART e o Portal de Convênios.

A Agência ou PA deve requerer a assinatura do Termo de Adesão ao Fundo e às funcionalidades de aplicação e resgate automáticos, ativado automaticamente no momento da abertura das contas com o controle OBTV (Marca PORTCONV), conforme descrito no FP109.

Conforme FP109, as contas correntes para crédito das transferências em decorrência de celebração de Convênio no SICONV são abertas diretamente no NSGD de forma automática, por meio da troca de arquivo deste sistema com a CAIXA, contendo dados cadastrais preenchidos pelos Proponentes.

Movimentações: O FUNDO oferece mecanismo de aplicação e resgate automáticos, exigindo a manutenção de um saldo em caixa adequado para suportar movimentações ocorridas após o fechamento do mercado. O Fundo não possui adiantamento de resgate, os resgates efetuados ficarão disponíveis no processamento noturno.",https://www.caixa.gov.br/downloads/aplicacao-financeira-laminas/LA_5413.pdf,https://www.caixa.gov.br/downloads/aplicacao-financeira-regulamentos/RG_5413.pdf,https://www.caixa.gov.br/Downloads/aplicacao-financeira-inf-com/FIC_5413.pdf,https://www.caixa.gov.br/Downloads/aplicacao-financeira-comunicado-aos-cotistas/COM_5413.pdf,https://www.caixa.gov.br/Downloads/aplicacao-financeira-carta-mensal/CM_5413.pdf,https://www.caixa.gov.br/Downloads/aplicacao-financeira-laminas-comerciais/LAC_5413.pdf,https://www.caixa.gov.br/Downloads/aplicacao-financeira-termos-adesao/TA_5413.pdf,,
MULTIMERCADO,CAIXA FIC FIF FOF SMART MULTIESTRATEGIA MM RESP LTDA,CAIXA FIC FIF FOF SMART MULTIESTRATEGIA MM RESP LTDA,09/06/2014,"2,87128200","-0,004","-0,18","2,80","9,06","72,498",TODOS,TODOS,https://www.caixa.gov.br/fundos-investimento/multimercado/fic-multigestor,18.007.710/0001-09,5954,Moderado,1.5,0.01,0.01,0.01,0.01,D+1 (du),D+24 (du),D+26 (du),CDI,Multimercado,Aberto para captação,LONGO PRAZO,QUALIFICADO,17:00,17h00,Sim · Automatico · 100%,AUTOMATICO,100.0,"[""Pessoa Física"", ""PJ Atacado"", ""PJ Varejo"", ""Private""]","[""Pessoa Física"", ""PJ Atacado"", ""PJ Varejo"", ""Private""]",Não,Não,,Não,CAIXA FOF SMART MULTIESTRATÉGIA FUNDO DE INVESTIMENTO EM COTAS DE CLASSE DE FUNDO DE INVESTIMENTO FINANCEIRO MULTIMERCADO - RESPONSABILIDADE LIMITADA,,https://www.caixa.gov.br/downloads/aplicacao-financeira-laminas/LA_5954.pdf,https://www.caixa.gov.br/downloads/aplicacao-financeira-regulamentos/RG_5954.pdf,https://www.caixa.gov.br/Downloads/aplicacao-financeira-inf-com/FIC_5954.pdf,https://www.caixa.gov.br/Downloads/aplicacao-financeira-comunicado-aos-cotistas/FR_5954.pdf,https://www.caixa.gov.br/Downloads/aplicacao-financeira-carta-mensal/CM_5954.pdf,https://www.caixa.gov.br/Downloads/aplicacao-financeira-laminas-comerciais/LAC_5954.pdf,https://www.caixa.gov.br/Downloads/aplicacao-financeira-termos-adesao/TA_5954.pdf,,
MULTIMERCADO,CAIXA FIF INDEXA OURO MULTIMERCADO LP RESP LTDA,CAIXA FIF INDEXA OURO MULTIMERCADO LP RESP LTDA,15/02/2013,"4,39362900","1,581","3,83","-1,11","31,98","529,185",TODOS,TODOS,https://www.caixa.gov.br/fundos-investimento/multimercado/fi-ouro-multimercado-longo-prazo,16.916.060/0001-99,5902,Moderado,0.8,0.01,0.01,0.01,0.01,D+0 (du),D+1 (du),D+02 (du),NÃO SE APLICA,Multimercado,Aberto para captação,LONGO PRAZO,GERAL,16:00,16h00,Sim · Automatico · 100%,AUTOMATICO,100.0,"[""Institucional"", ""Pessoa Física"", ""PJ Atacado"", ""PJ Varejo"", ""Private""]","[""Institucional"", ""Pessoa Física"", ""PJ Atacado"", ""PJ Varejo"", ""Private""]",Não,Não,,Não,CAIXA INDEXA OURO FUNDO DE INVESTIMENTO FINANCEIRO MULTIMERCADO LONGO PRAZO - RESPONSABILIDADE LIMITADA,"Pessoas físicas e jurídicas, na forma da regulamentação aplicável. A contagem para conversão de cotas e pagamento do resgate é feita em dias úteis, conforme estabelecido no Regulamento do Fundo.",https://www.caixa.gov.br/downloads/aplicacao-financeira-laminas/LA_5902.pdf,https://www.caixa.gov.br/downloads/aplicacao-financeira-regulamentos/RG_5902.pdf,https://www.caixa.gov.br/Downloads/aplicacao-financeira-inf-com/FIC_5902.pdf,https://www.caixa.gov.br/Downloads/aplicacao-financeira-comunicado-aos-cotistas/COM_5902.pdf,https://www.caixa.gov.br/Downloads/aplicacao-financeira-carta-mensal/CM_5902.pdf,https://www.caixa.gov.br/Downloads/aplicacao-financeira-laminas-comerciais/LAC_5902.pdf,https://www.caixa.gov.br/Downloads/aplicacao-financeira-termos-adesao/TA_5902.pdf,,
MULTIMERCADO,CAIXA FIF MULTIMERCADO RV 30 LP RESP LTDA,CAIXA FIF MULTIMERCADO RV 30 LP RESP LTDA,20/06/2000,"12,68248900","0,374","0,32","6,83","16,43","540,035",TODOS,TODOS,https://www.caixa.gov.br/fundos-investimento/multimercado/fi-multimercado-rv30-longo-prazo,03.737.188/0001-43,82,Moderado,1.0,0.01,0.01,0.01,0.01,D+0 (du),D+1 (du),D+03 (du),70% CDI + 30% IBOV,Multimercado,Aberto para captação,LONGO PRAZO,GERAL,16:00,16h00,Sim · Automatico · 100%,AUTOMATICO,100.0,"[""GOV"", ""Institucional"", ""Pessoa Física"", ""PJ Atacado"", ""PJ Varejo"", ""Private"", ""RPPS""]","[""GOV"", ""Institucional"", ""Pessoa Física"", ""PJ Atacado"", ""PJ Varejo"", ""Private"", ""RPPS""]",Não,Não,,Não,CAIXA RV 30 FUNDO DE INVESTIMENTO FINANCEIRO MULTIMERCADO LONGO PRAZO - RESPONSABILIDADE LIMITADA,"A contagem para conversão de cotas e pagamento do resgate é feita em dias úteis, conforme estabelecido no Regulamento do Fundo. Este Fundo está adaptado às normas vigentes para RPPS (Regimes Próprios de Previdência Social).",https://www.caixa.gov.br/downloads/aplicacao-financeira-laminas/LA_0082.pdf,http://www.caixa.gov.br/downloads/aplicacao-financeira-regulamentos/RG_0082.pdf,https://www.caixa.gov.br/Downloads/aplicacao-financeira-inf-com/FIC_0082.pdf,https://www.caixa.gov.br/Downloads/aplicacao-financeira-comunicado-aos-cotistas/FR_0082.pdf,https://www.caixa.gov.br/Downloads/aplicacao-financeira-carta-mensal/CM_82.pdf,https://www.caixa.gov.br/Downloads/aplicacao-financeira-laminas-comerciais/LAC_82.pdf,https://www.caixa.gov.br/Downloads/aplicacao-financeira-termos-adesao/TA_0082.pdf,,https://web.microsoftstream.com/video/86aa0100-d5af-4db2-9f67-441255924e4e?channelId=772517ff-88ae-4298-88f2-3ed5a5893c3e
MULTIMERCADO,CAIXA FIC FIF ESTRATÉGICO MULTIMERCADO LP RESP LTDA,CAIXA FIC FIF ESTRATEGICO MULTIMERCADO LP RESP LTDA,10/04/2006,"5,35561182","-0,003","-0,12","4,37","11,73","32,717",TODOS,TODOS,https://www.caixa.gov.br/fundos-investimento/multimercado/fic-estrategico-multimercado-longo-prazo,03.737.200/0001-10,5490,Moderado,1.2,0.01,0.01,0.01,0.01,D+0 (du),D+0 (du),D+01 (du),CDI,Multimercado,Aberto para captação,LONGO PRAZO,GERAL,13:00,13h00,Sim · Automatico · 100%,AUTOMATICO,100.0,"[""Pessoa Física"", ""PJ Atacado"", ""PJ Varejo"", ""Private""]","[""Pessoa Física"", ""PJ Atacado"", ""PJ Varejo"", ""Private""]",Não,Não,,Não,CAIXA ESTRATÉGICO FUNDO DE INVESTIMENTO EM COTAS DE CLASSE DE FUNDO DE INVESTIMENTO FINANCEIRO MULTIMERCADO LONGO PRAZO - RESPONSABILIDADE LIMITADA,"A contagem para conversão de cotas e pagamento do resgate é feita em dias úteis, conforme estabelecido no Regulamento do Fundo.",https://www.caixa.gov.br/downloads/aplicacao-financeira-laminas/LA_5490.pdf,https://www.caixa.gov.br/downloads/aplicacao-financeira-regulamentos/RG_5490.pdf,https://www.caixa.gov.br/Downloads/aplicacao-financeira-inf-com/FIC_5490.pdf,https://www.caixa.gov.br/Downloads/aplicacao-financeira-comunicado-aos-cotistas/FR_5490.pdf,https://www.caixa.gov.br/Downloads/aplicacao-financeira-carta-mensal/CM_5490.pdf,https://www.caixa.gov.br/Downloads/aplicacao-financeira-laminas-comerciais/LAC_5490.pdf,https://www.caixa.gov.br/Downloads/aplicacao-financeira-termos-adesao/TA_5490.pdf,,
MULTIMERCADO,CAIXA FIC FIF HEDGE MULTIMERCADO LONGO PRAZO RESP LTDA,CAIXA FIC FIF HEDGE MULTIMERCADO LONGO PRAZO RESP LTDA,26/10/2020,"1.691,06682200","-0,277","-0,16","7,33","13,43","30,066",TODOS,TODOS,https://www.caixa.gov.br/fundos-investimento/multimercado/caixa-fic-hedge-multimercado-lp/Paginas/default.aspx,30.068.135/0001-50,6399,Moderado,1.0,0.01,0.01,0.01,0.01,D+0 (du),D+1 (du),D+01 (du),CDI,Multimercado,Aberto para captação,LONGO PRAZO,GERAL,17:00,17h00,Sim · Automatico · 85%,AUTOMATICO,85.0,"[""GOV"", ""Institucional"", ""Pessoa Física"", ""PJ Atacado"", ""PJ Varejo"", ""Private"", ""RPPS""]","[""GOV"", ""Institucional"", ""Pessoa Física"", ""PJ Atacado"", ""PJ Varejo"", ""Private"", ""RPPS""]",Não,Não,,Não,CAIXA HEDGE FUNDO DE INVESTIMENTO EM COTAS DE CLASSE DE FUNDO DE INVESTIMENTO FINANCEIRO MULTIMERCADO LONGO PRAZO - RESPONSABILIDADE LIMITADA,Este Fundo está adaptado às normas vigentes para RPPS (Regimes Próprios de Previdência Social).,https://www.caixa.gov.br/downloads/aplicacao-financeira-laminas/LA_6399.pdf,https://www.caixa.gov.br/downloads/aplicacao-financeira-regulamentos/RG_6399.pdf,https://www.caixa.gov.br/Downloads/aplicacao-financeira-inf-com/FIC_6399.pdf,https://www.caixa.gov.br/Downloads/aplicacao-financeira-comunicado-aos-cotistas/COM_6399.pdf,https://www.caixa.gov.br/Downloads/aplicacao-financeira-carta-mensal/CM_6399.pdf,https://www.caixa.gov.br/Downloads/aplicacao-financeira-laminas-comerciais/LAC_6399.pdf,https://www.caixa.gov.br/Downloads/aplicacao-financeira-termos-adesao/TA_6399.pdf,,
MULTIMERCADO,CAIXA FIC FIF ESTRATÉGIA LIVRE MULTIMERCADO LP RESP LTDA,CAIXA FIC FIF ESTRATEGIA LIVRE MULTIMERCADO LP RESP LTDA,21/10/2019,"1.640,15003700","-0,006","-0,12","4,67","11,77","113,747",TODOS,TODOS,https://www.caixa.gov.br/fundos-investimento/multimercado/estrategia-livre-mm-lp,34.660.333/0001-69,6440,Moderado,1.5,0.01,0.01,0.01,0.01,D+1 (du),D+13 (du),D+15 (du),CDI,Multimercado,Aberto para captação,LONGO PRAZO,GERAL,14:30,14h30,Sim · Automatico · 100%,AUTOMATICO,100.0,"[""Pessoa Física"", ""Private""]","[""Pessoa Física"", ""Private""]",Não,Não,,Não,CAIXA ESTRATÉGIA LIVRE FUNDO DE INVESTIMENTO EM COTAS DE CLASSE DE FUNDO DE INVESTIMENTO FINANCEIRO MULTIMERCADO LONGO PRAZO - RESPONSABILIDADE LIMITA,,https://www.caixa.gov.br/downloads/aplicacao-financeira-laminas/LA_6440.pdf,https://www.caixa.gov.br/downloads/aplicacao-financeira-regulamentos/RG_6440.pdf,https://www.caixa.gov.br/Downloads/aplicacao-financeira-inf-com/FIC_6440.pdf,https://www.caixa.gov.br/Downloads/aplicacao-financeira-comunicado-aos-cotistas/COM_6440.pdf,https://www.caixa.gov.br/Downloads/aplicacao-financeira-carta-mensal/CM_6440.pdf,https://www.caixa.gov.br/Downloads/aplicacao-financeira-laminas-comerciais/LAC_6440.pdf,https://www.caixa.gov.br/Downloads/aplicacao-financeira-termos-adesao/TA_6440.pdf,,
MULTIMERCADO,CAIXA FIC MULTIGESTOR GLOBAL EQUITIES IE,CAIXA FIC MULTIGESTOR GLOBAL EQUITIES IE,11/11/2020,"1.242,50843400","-0,003","1,31","-0,97","3,88","37,780",TODOS,TODOS,https://www.caixa.gov.br/fundos-investimento/multimercado/caixa-multigestor-global-equities-invest-ext/Paginas/default.aspx,39.528.038/0001-77,6518,Arrojado,1.0,0.01,0.01,0.01,0.01,D+1 (du),D+7 (du),D+12 (du),CDI,Multimercado,Aberto para captação,CURTO PRAZO,QUALIFICADO,13:00,13h00,Sim · Automatico · 100%,AUTOMATICO,100.0,"[""GOV"", ""Institucional"", ""Pessoa Física"", ""PJ Atacado"", ""PJ Varejo"", ""Private"", ""RPPS""]","[""GOV"", ""Institucional"", ""Pessoa Física"", ""PJ Atacado"", ""PJ Varejo"", ""Private"", ""RPPS""]",Não,Não,,Não,CAIXA MULTIGESTOR GLOBAL EQUITIES INVESTIMENTO NO EXTERIOR FIC DE CLASSE DE FUNDO DE INVESTIMENTO FINANCEIRO MULTIMERCADO - RESPONSABILIDADE LIMITADA,"Este Fundo está adaptado às normas vigentes para RPPS (Regimes Próprios de Previdência Social) e EFPC (Entidades Fechadas de Previdência Complementar).

Fundo destinado a Investidores Qualificados.

O ingresso do Cotista RPPS no FUNDO está condicionado à comprovação de Investidor Qualificado RPPS.

Conforme PORTARIA MTP Nº 1.467, de 02 de Junho de 2022, será considerado Investidor Qualificado, para os fins da categorização estabelecida pela CVM, o RPPS que atenda cumulativamente aos seguintes requisitos:

I - possua recursos aplicados, informados no DAIR do mês imediatamente anterior à data de realização de cada aplicação exclusiva para tal categoria de investidor, em montante igual ou superior a R$ 10.000.000,00 (dez milhões de reais); e
II - tenha aderido ao Pró-Gestão RPPS, e obtido certificação institucional em um dos níveis de aderência nele estabelecidos. 

OBS: As solicitações de aplicação e/ou os pedidos de resgate deverão ser efetuados pelo Cotista em dias úteis de expediente bancário nacional e dentro do horário estabelecido pela ADMINISTRADORA.",https://www.caixa.gov.br/downloads/aplicacao-financeira-laminas/LA_6518.pdf,https://www.caixa.gov.br/downloads/aplicacao-financeira-regulamentos/RG_6518.pdf,https://www.caixa.gov.br/Downloads/aplicacao-financeira-inf-com/FIC_6518.pdf,https://www.caixa.gov.br/Downloads/aplicacao-financeira-comunicado-aos-cotistas/FR_6518.pdf,https://www.caixa.gov.br/Downloads/aplicacao-financeira-carta-mensal/CM_6518.pdf,https://www.caixa.gov.br/Downloads/aplicacao-financeira-laminas-comerciais/LAC_6518.pdf,https://www.caixa.gov.br/Downloads/aplicacao-financeira-termos-adesao/TA_6518.pdf,,https://web.microsoftstream.com/video/ca76c442-41bd-4e49-bf93-7c88dfc75f01?channelId=772517ff-88ae-4298-88f2-3ed5a5893c3e
MULTIMERCADO,CAIXA FIC FIF JUROS E MOEDAS MM PLUS LP RESP LTDA,CAIXA FIC FIF JUROS E MOEDAS MM PLUS LP RESP LTDA,05/03/2018,"1,91956400","0,059","0,14","5,59","12,39","21,504",TODOS,TODOS,https://www.caixa.gov.br/fundos-investimento/multimercado/caixa-fic-juros-e-moedas-multimercado-plus-lp/,29.157.485/0001-03,6353,Moderado,1.0,0.01,0.01,0.01,0.01,D+0 (du),D+0 (du),D+00 (du),CDI,Multimercado,Aberto para captação,LONGO PRAZO,GERAL,17:00,17h00,Sim · Automatico · 85%,AUTOMATICO,85.0,"[""GOV"", ""Institucional"", ""Pessoa Física"", ""PJ Atacado"", ""PJ Varejo"", ""Private"", ""RPPS""]","[""GOV"", ""Institucional"", ""Pessoa Física"", ""PJ Atacado"", ""PJ Varejo"", ""Private"", ""RPPS""]",Não,Não,,Não,CAIXA JUROS E MOEDAS PLUS FUNDO DE INVESTIMENTO EM COTAS DE CLASSE DE FUNDO DE INVESTIMENTO FINANCEIRO MULTIMERCADO LONGO PRAZO - RESP LIMITADA,Este Fundo não está adaptado às normas vigentes para RPPS (Regimes Próprios de Previdência Social).,https://www.caixa.gov.br/downloads/aplicacao-financeira-laminas/LA_6353.pdf,https://www.caixa.gov.br/downloads/aplicacao-financeira-regulamentos/RG_6353.pdf,https://www.caixa.gov.br/Downloads/aplicacao-financeira-inf-com/FIC_6353.pdf,https://www.caixa.gov.br/Downloads/aplicacao-financeira-comunicado-aos-cotistas/COM_6353.pdf,https://www.caixa.gov.br/Downloads/aplicacao-financeira-carta-mensal/CM_6353.pdf,https://www.caixa.gov.br/Downloads/aplicacao-financeira-laminas-comerciais/LAC_6353.pdf,https://www.caixa.gov.br/Downloads/aplicacao-financeira-termos-adesao/TA_6353.pdf,,
MULTIMERCADO,CAIXA FIF INDEXA BOLSA AMERICANA MM LP RESP LTDA,CAIXA FIF INDEXA BOLSA AMERICANA MM LP RESP LTDA,16/10/2018,"3,82828300","0,656","0,47","13,80","30,79","2.385,426",TODOS,TODOS,https://www.caixa.gov.br/fundos-investimento/multimercado/fi-bolsa-americana-multimercado-lp,30.036.235/0001-02,6999,Moderado,0.8,0.01,0.01,0.01,0.01,D+0 (du),D+0 (du),D+01 (du),CDI,Multimercado,Aberto para captação,LONGO PRAZO,GERAL,16:00,16h00,Sim · Automatico · 100%,AUTOMATICO,100.0,"[""GOV"", ""Institucional"", ""Pessoa Física"", ""PJ Atacado"", ""PJ Varejo"", ""Private"", ""RPPS""]","[""GOV"", ""Institucional"", ""Pessoa Física"", ""PJ Atacado"", ""PJ Varejo"", ""Private"", ""RPPS""]",Não,Não,,Não,CAIXA INDEXA BOLSA AMERICANA FUNDO DE INVESTIMENTO FINANCEIRO MULTIMERCADO LONGO PRAZO - RESPONSABILIDADE LIMITADA,,https://www.caixa.gov.br/downloads/aplicacao-financeira-laminas/LA_6999.pdf,https://www.caixa.gov.br/downloads/aplicacao-financeira-regulamentos/RG_6999.pdf,https://www.caixa.gov.br/Downloads/aplicacao-financeira-inf-com/FIC_6999.pdf,https://www.caixa.gov.br/Downloads/aplicacao-financeira-comunicado-aos-cotistas/COM_6999.pdf,https://www.caixa.gov.br/Downloads/aplicacao-financeira-carta-mensal/CM_6999.pdf,https://www.caixa.gov.br/Downloads/aplicacao-financeira-laminas-comerciais/LAC_6999.pdf,https://www.caixa.gov.br/Downloads/aplicacao-financeira-termos-adesao/TA_6999.pdf,,https://web.microsoftstream.com/video/7ad96d1d-faee-497b-9eb5-c3093ebf417d?channelId=772517ff-88ae-4298-88f2-3ed5a5893c3e
MULTIMERCADO,CAIXA CAPITAL PROTEGIDO IBOVESPA CÍCLICO I FIC FIF MM,CAIXA CAPITAL PROTEGIDO IBOVESPA CICLICO I FIC FIF MM,08/11/2011,"3,32324500","-0,005","0,68","4,30","9,38","158,281",TODOS,TODOS,https://www.caixa.gov.br/fundos-investimento/multimercado/fic-capital-protegido-ibovespa-ciclico-1-multimercado,14.239.659/0001-00,5475,Conservador,1.6,5000.0,500.0,500.0,4000.0,D+0 (du),D+1 (du),D+03 (du),CDI,Capital Protegido,Fechado para captação,LONGO PRAZO,GERAL,17:00,17h00,Sim · Automatico · 100%,AUTOMATICO,100.0,"[""GOV""]","[""GOV""]",Não,Sim,2027-10-01T00:00:00Z,Não,CAIXA CAPITAL PROTEGIDO IBOVESPA CÍCLICO I FUNDO DE INVESTIMENTO EM COTAS DE CLASSE DE FUNDO DE INVESTIMENTO FINANCEIRO MULTIMERCADO - RESPOSANBILIDAD,"Fundo com prazo de carência para aplicação e resgate, conforme Regulamento. Durante a carência, não é permitida a realização de aplicações ou resgates.

Nova operação estruturada com inicio em 02/SET/2025 e termino em 01/OUT/2027. 
 
Fundo Fechado a para aplicações a partir de 02/09/2025 (inclusive)",https://www.caixa.gov.br/downloads/aplicacao-financeira-laminas/LA_5475.pdf,http://www.caixa.gov.br/downloads/aplicacao-financeira-regulamentos/RG_5475.pdf,http://www.caixa.gov.br/Downloads/aplicacao-financeira-inf-com/FIC_5475.pdf,http://www.caixa.gov.br/Downloads/aplicacao-financeira-comunicado-aos-cotistas/FR_5475.pdf,https://www.caixa.gov.br/Downloads/aplicacao-financeira-carta-mensal/CM_5475.pdf,https://www.caixa.gov.br/Downloads/aplicacao-financeira-laminas-comerciais/LAC_5475.pdf,http://www.caixa.gov.br/Downloads/aplicacao-financeira-termos-adesao/TA_5475.pdf,,
MULTIMERCADO,FIC FIF CAIXA EXPERT BTG PACTUAL X10 MM LP RESP LTDA,FIC FIF CAIXA EXPERT BTG PACTUAL X10 MM LP RESP LTDA,21/03/2013,"6,86593400","-0,004","0,33","6,75","16,14","128,611",TODOS,TODOS,https://www.caixa.gov.br/fundos-investimento/multimercado/btg-pactual-x10-multimercado-longo-prazo/,17.433.039/0001-03,5911,Moderado,1.0,10000.0,100.0,100.0,1000.0,D+0 (du),D+8 (du),D+10 (du),CDI,Multimercado,Aberto para captação,LONGO PRAZO,QUALIFICADO,13:00,13h00,Não se aplica,NÃO SE APLICA,,"[""Institucional"", ""Pessoa Física"", ""PJ Atacado"", ""PJ Varejo"", ""Private""]","[""Institucional"", ""Pessoa Física"", ""PJ Atacado"", ""PJ Varejo"", ""Private""]",Não,Não,,Não,CAIXA EXPERT BTG PACTUAL X 10 FUNDO DE INVESTIMENTO EM COTAS DE CLASSE DE FUNDO DE INVESTIMENTO FINANCEIRO MULTIMERCADO LONGO PRAZO - RESP LIMITADA,"PESSOAS FÍSICAS E PESSOAS JURÍDICAS, E FUNDOS DE INVESTIMENTO, INVESTIDORES QUALIFICADOS NA FORMA DEFINIDA PELA LEGISLAÇÃO PERTINENTE. A CONTAGEM PARA CONVERSÃO DE COTAS E PAGAMENTO DO RESGATE É FEITA EM DIAS ÚTEIS, CONFORME ESTABELECIDO NO REGULAMENTO DO FUNDO.",https://www.caixa.gov.br/downloads/aplicacao-financeira-laminas/LA_5911.pdf,https://www.caixa.gov.br/downloads/aplicacao-financeira-regulamentos/RG_5911.pdf,https://www.caixa.gov.br/Downloads/aplicacao-financeira-inf-com/FIC_5911.pdf,https://www.caixa.gov.br/Downloads/aplicacao-financeira-comunicado-aos-cotistas/FR_5911.pdf,https://www.caixa.gov.br/Downloads/aplicacao-financeira-carta-mensal/CM_5911.pdf,https://www.caixa.gov.br/Downloads/aplicacao-financeira-laminas-comerciais/LAC_5911.pdf,https://www.caixa.gov.br/Downloads/aplicacao-financeira-termos-adesao/TA_5911.pdf,,
MULTIMERCADO,CAIXA FIC FIF JUROS E MOEDAS MM LP RESP LTDA,CAIXA FIC FIF JUROS E MOEDAS MM LP RESP LTDA,28/06/2012,"3,67952300","0,061","0,14","5,78","12,81","734,986",TODOS,TODOS,https://www.caixa.gov.br/fundos-investimento/multimercado/fi-juros-moedas-multimercado-longo-prazo,14.120.520/0001-42,5582,Moderado,0.7,10000.0,100.0,100.0,1000.0,D+0 (du),D+0 (du),D+00 (du),CDI,Multimercado,Aberto para captação,LONGO PRAZO,GERAL,17:00,17h00,Sim · Automatico · 85%,AUTOMATICO,85.0,"[""GOV"", ""Institucional"", ""Pessoa Física"", ""PJ Atacado"", ""PJ Varejo"", ""Private"", ""RPPS""]","[""GOV"", ""Institucional"", ""Pessoa Física"", ""PJ Atacado"", ""PJ Varejo"", ""Private"", ""RPPS""]",Não,Não,,Não,CAIXA JUROS E MOEDAS FUNDO DE INVESTIMENTO EM COTAS DE CLASSE DE FUNDO DE INVESTIMENTO FINANCEIRO MULTIMERCADO LONGO PRAZO - RESPONSABILIDADE LIMITADA,,https://www.caixa.gov.br/downloads/aplicacao-financeira-laminas/LA_5582.pdf,https://www.caixa.gov.br/downloads/aplicacao-financeira-regulamentos/RG_5582.pdf,https://www.caixa.gov.br/Downloads/aplicacao-financeira-inf-com/FIC_5582.pdf,https://www.caixa.gov.br/Downloads/aplicacao-financeira-comunicado-aos-cotistas/COM_5582.pdf,https://www.caixa.gov.br/Downloads/aplicacao-financeira-carta-mensal/CM_5582.pdf,https://www.caixa.gov.br/Downloads/aplicacao-financeira-laminas-comerciais/LAC_5582.pdf,https://www.caixa.gov.br/Downloads/aplicacao-financeira-termos-adesao/TA_5582.pdf,,
MULTIMERCADO,CAIXA FIC FIF ALOCAÇÃO MACRO MM LONGO PRAZO RESP LTDA,CAIXA FIC FIF ALOCACAO MACRO MM LONGO PRAZO RESP LTDA,01/02/2007,"5,66524500","0,249","0,20","6,32","14,03","894,136",TODOS,TODOS,https://www.caixa.gov.br/fundos-investimento/multimercado/fic-alocacao-macro-multimercado-longo-prazo/,08.070.841/0001-87,5492,Moderado,0.5,10000.0,100.0,100.0,1000.0,D+1 (du),D+1 (du),D+03 (du),CDI,Multimercado,Aberto para captação,LONGO PRAZO,GERAL,16:00,16h00,Sim · Automatico · 100%,AUTOMATICO,100.0,"[""GOV"", ""Institucional"", ""Pessoa Física"", ""PJ Atacado"", ""PJ Varejo"", ""Private"", ""RPPS""]","[""GOV"", ""Institucional"", ""Pessoa Física"", ""PJ Atacado"", ""PJ Varejo"", ""Private"", ""RPPS""]",Não,Não,,Não,CAIXA ALOCAÇÃO MACRO FUNDO DE INVESTIMENTO EM COTAS DE CLASSE DE FUNDO DE INVESTIMENTO FINANCEIRO MULTIMERCADO LONGO PRAZO - RESPONSABILIDADE LIMITADA,,https://www.caixa.gov.br/downloads/aplicacao-financeira-laminas/LA_5492.pdf,http://www.caixa.gov.br/downloads/aplicacao-financeira-regulamentos/RG_5492.pdf,https://www.caixa.gov.br/Downloads/aplicacao-financeira-inf-com/FIC_5492.pdf,https://www.caixa.gov.br/Downloads/aplicacao-financeira-comunicado-aos-cotistas/FR_5492.pdf,https://www.caixa.gov.br/Downloads/aplicacao-financeira-carta-mensal/CM_5492.pdf,https://www.caixa.gov.br/Downloads/aplicacao-financeira-laminas-comerciais/LAC_5492.pdf,https://www.caixa.gov.br/Downloads/aplicacao-financeira-termos-adesao/TA_5492.pdf,,https://web.microsoftstream.com/video/2cbfedbd-9ece-40fb-9cc2-7d866c3c427e?channelId=772517ff-88ae-4298-88f2-3ed5a5893c3e
MULTIMERCADO,CAIXA EXPERT GIANT ZARATHUSTRA FIC MULTIMERCADO - RESP LTDA,CAIXA EXPERT GIANT ZARATHUSTRA FIC MULTIMERCADO - RESP LTDA,12/02/2021,"1,34115900","-0,002","0,06","4,49","3,02","12,570",TODOS,TODOS,https://www.caixa.gov.br/fundos-investimento/multimercado/expert-giant-zarathustra-fic-multimercado,40.209.061/0001-88,6535,Moderado,0.4,10000.0,100.0,100.0,1000.0,D+0 (du),D+22 (du),D+25 (du),NÃO SE APLICA,Multimercado,Aberto para captação,LONGO PRAZO,GERAL,13:00,13h00,Sim · Automatico · 100%,AUTOMATICO,100.0,"[""Institucional"", ""Pessoa Física"", ""PJ Atacado"", ""PJ Varejo"", ""Private""]","[""Institucional"", ""Pessoa Física"", ""PJ Atacado"", ""PJ Varejo"", ""Private""]",Não,Não,,Não,CAIXA EXPERT GIANT ZARATHUSTRA FUNDO DE INVESTIMENTO EM COTAS DE CLASSE DE FUNDO DE INVESTIMENTO FINANCEIRO MULTIMERCADO - RESP LIMITADA,Aplicações via IBC a partir de  22/02/2021,https://www.caixa.gov.br/downloads/aplicacao-financeira-laminas/LA_6535.pdf,https://www.caixa.gov.br/downloads/aplicacao-financeira-regulamentos/RG_6535.pdf,https://www.caixa.gov.br/Downloads/aplicacao-financeira-inf-com/FIC_6535.pdf,https://www.caixa.gov.br/Downloads/aplicacao-financeira-comunicado-aos-cotistas/COM_6535.pdf,https://www.caixa.gov.br/Downloads/aplicacao-financeira-carta-mensal/CM_6535.pdf,https://www.caixa.gov.br/Downloads/aplicacao-financeira-laminas-comerciais/LAC_6535.pdf,https://www.caixa.gov.br/Downloads/aplicacao-financeira-termos-adesao/TA_6535.pdf,,
CAMBIAL,CAIXA FIC FIF INDEXA DOLAR CAMBIAL RESP LTDA,CAIXA FIC FIF INDEXA DOLAR CAMBIAL RESP LTDA,27/06/2005,"3,86617100","-0,666","0,06","-3,82","-0,19","98,016",TODOS,TODOS,https://www.caixa.gov.br/fundos-investimento/cambiais/fic-cambial-dolar/Paginas/default.aspx,05.114.733/0001-70,5403,Moderado,0.8,0.01,0.01,0.01,0.01,D+0 (du),D+1 (du),D+01 (du),PTAX,Multimercado,Aberto para captação,CURTO PRAZO,GERAL,14:30,14h30,Sim · Automatico · 85%,AUTOMATICO,85.0,"[""GOV"", ""Institucional"", ""Pessoa Física"", ""PJ Atacado"", ""PJ Varejo"", ""Private""]","[""GOV"", ""Institucional"", ""Pessoa Física"", ""PJ Atacado"", ""PJ Varejo"", ""Private""]",Não,Não,,Não,CAIXA INDEXA DOLAR FUNDO DE INVESTIMENTO EM COTAS DE CLASSE DE FUNDO DE INVESTIMENTO FINANCEIRO CAMBIAL - RESPONSABILIDADE LIMITADA,Este Fundo não está adaptado às normas vigentes para RPPS (Regimes Próprios de Previdência Social).,https://www.caixa.gov.br/downloads/aplicacao-financeira-laminas/LA_5403.pdf,https://www.caixa.gov.br/downloads/aplicacao-financeira-regulamentos/RG_5403.pdf,https://www.caixa.gov.br/Downloads/aplicacao-financeira-inf-com/FIC_5403.pdf,https://www.caixa.gov.br/Downloads/aplicacao-financeira-comunicado-aos-cotistas/COM_5403.pdf,https://www.caixa.gov.br/Downloads/aplicacao-financeira-carta-mensal/CM_5403.pdf,https://www.caixa.gov.br/Downloads/aplicacao-financeira-laminas-comerciais/LAC_5403.pdf,https://www.caixa.gov.br/Downloads/aplicacao-financeira-termos-adesao/TA_5403.pdf,,
ACOES,CAIXA FIF AÇÕES DIVIDENDOS RESP LTDA,CAIXA FIF ACOES DIVIDENDOS RESP LTDA,03/10/2003,"6,77065700","0,319","0,63","6,75","18,93","332,646",TODOS,TODOS,https://www.caixa.gov.br/fundos-investimento/fundos-de-acoes/fi-acoes-dividendos,05.900.798/0001-41,5390,Arrojado,1.5,0.01,0.01,0.01,0.01,D+1 (du),D+1 (du),D+03 (du),IDIV11,RV - Ações,Aberto para captação,AÇÕES,GERAL,17:00,17h00,Sim · Automatico · 100%,AUTOMATICO,100.0,"[""GOV"", ""Institucional"", ""Pessoa Física"", ""PJ Atacado"", ""PJ Varejo"", ""Private"", ""RPPS""]","[""GOV"", ""Institucional"", ""Pessoa Física"", ""PJ Atacado"", ""PJ Varejo"", ""Private"", ""RPPS""]",Não,Não,,Não,CAIXA DIVIDENDOS FUNDO DE INVESTIMENTO FINANCEIRO EM AÇÕES - RESPONSABILIDADE LIMITADA,"A contagem para conversão de cotas e pagamento do resgate é feita em dias úteis, conforme estabelecido no Regulamento do Fundo.",https://www.caixa.gov.br/downloads/aplicacao-financeira-laminas/LA_5390.pdf,https://www.caixa.gov.br/downloads/aplicacao-financeira-regulamentos/RG_5390.pdf,https://www.caixa.gov.br/Downloads/aplicacao-financeira-inf-com/FIC_5390.pdf,https://www.caixa.gov.br/Downloads/aplicacao-financeira-comunicado-aos-cotistas/COM_5390.pdf,https://www.caixa.gov.br/Downloads/aplicacao-financeira-carta-mensal/CM_5390.pdf,https://www.caixa.gov.br/Downloads/aplicacao-financeira-laminas-comerciais/LAC_5390.pdf,https://www.caixa.gov.br/Downloads/aplicacao-financeira-termos-adesao/TA_5390.pdf,,
ACOES,CAIXA FIF ACOES PETROBRAS PLUS RESP LTDA,CAIXA FIF ACOES PETROBRAS PLUS RESP LTDA,28/06/2019,"4,15783600","0,670","1,41","32,03","27,71","69,216",TODOS,TODOS,https://www.caixa.gov.br/fundos-investimento/fundos-de-acoes/fia-caixa-petrobras-plus/Paginas/default.aspx,30.068.205/0001-70,6420,Arrojado,1.5,0.01,0.01,0.01,0.01,D+1 (du),D+1 (du),D+03 (du),PETR3,RV - Ações,Fechado para captação,AÇÕES,GERAL,17:00,17h00,Sim · Automatico · 100%,AUTOMATICO,100.0,"[""Institucional"", ""Pessoa Física"", ""PJ Atacado"", ""PJ Varejo"", ""Private""]","[""Institucional"", ""Pessoa Física"", ""PJ Atacado"", ""PJ Varejo"", ""Private""]",Não,Não,,Não,CAIXA PETROBRAS PLUS FUNDO DE INVESTIMENTO FINANCEIRO EM AÇÕES - RESPONSABILIDADE LIMITADA,Fundo fechaco para novas aplicações a partir de 28/02/2023.,https://www.caixa.gov.br/downloads/aplicacao-financeira-laminas/LA_6420.pdf,https://www.caixa.gov.br/downloads/aplicacao-financeira-regulamentos/RG_6420.pdf,https://www.caixa.gov.br/Downloads/aplicacao-financeira-inf-com/FIC_6420.pdf,https://www.caixa.gov.br/Downloads/aplicacao-financeira-comunicado-aos-cotistas/FR_6420.pdf,https://www.caixa.gov.br/Downloads/aplicacao-financeira-carta-mensal/CM_6420.pdf,https://www.caixa.gov.br/Downloads/aplicacao-financeira-laminas-comerciais/LAC_6420.pdf,https://www.caixa.gov.br/Downloads/aplicacao-financeira-termos-adesao/TA_6420.pdf,,
ACOES,CAIXA FIC FIF AÇÕES MULTIGESTOR RESP LTDA,CAIXA FIC FIF ACOES MULTIGESTOR RESP LTDA,25/06/2019,"1,26442900","-0,009","0,59","-1,76","6,07","285,539",TODOS,TODOS,https://www.caixa.gov.br/fundos-investimento/fundos-de-acoes/fic-fia-multigestor/Paginas/default.aspx,30.068.224/0001-04,6421,Arrojado,1.5,0.01,0.01,0.01,0.01,D+1 (du),D+23 (du),D+25 (du),IBOV,RV - Ações,Aberto para captação,AÇÕES,GERAL,13:00,13h00,Sim · Automatico · 100%,AUTOMATICO,100.0,"[""GOV"", ""Institucional"", ""Pessoa Física"", ""PJ Atacado"", ""PJ Varejo"", ""Private"", ""RPPS""]","[""GOV"", ""Institucional"", ""Pessoa Física"", ""PJ Atacado"", ""PJ Varejo"", ""Private"", ""RPPS""]",Não,Não,,Não,CAIXA AÇÕES MULTIGESTOR FUNDO DE INVESTIMENTO EM COTAS DE CLASSE DE FUNDO DE INVESTIMENTO FINANCEIRO EM AÇÕES - RESPONSABILIDADE LIMITADA,"A contagem para conversão de cotas e pagamento do resgate é feita em dias úteis, conforme estabelecido no Regulamento do Fundo. Este Fundo está adaptado às normas vigentes para RPPS (Regimes Próprios de Previdência Social).",https://www.caixa.gov.br/downloads/aplicacao-financeira-laminas/LA_6421.pdf,https://www.caixa.gov.br/downloads/aplicacao-financeira-regulamentos/RG_6421.pdf,https://www.caixa.gov.br/Downloads/aplicacao-financeira-inf-com/FIC_6421.pdf,https://www.caixa.gov.br/Downloads/aplicacao-financeira-comunicado-aos-cotistas/COM_6421.pdf,https://www.caixa.gov.br/Downloads/aplicacao-financeira-carta-mensal/CM_6421.pdf,https://www.caixa.gov.br/Downloads/aplicacao-financeira-laminas-comerciais/LAC_6421.pdf,https://www.caixa.gov.br/Downloads/aplicacao-financeira-termos-adesao/TA_6421.pdf,,
ACOES,CAIXA FIF AÇÕES VALE DO RIO DOCE RESP LTDA,CAIXA FIF ACOES VALE DO RIO DOCE RESP LTDA,20/02/2002,"37,25441600","0,757","1,20","7,83","51,45","623,911",TODOS,TODOS,https://www.caixa.gov.br/fundos-investimento/fundos-de-acoes/fi-acoes-vale-rio-doce,04.885.820/0001-69,5301,Arrojado,2.0,0.01,0.01,0.01,0.01,D+1 (du),D+1 (du),D+03 (du),VALE3,RV - Ações,Aberto para captação,AÇÕES,GERAL,17:00,17h00,Sim · Automatico · 100%,AUTOMATICO,100.0,"[""GOV"", ""Institucional"", ""Pessoa Física"", ""PJ Atacado"", ""PJ Varejo"", ""Private"", ""RPPS""]","[""GOV"", ""Institucional"", ""Pessoa Física"", ""PJ Atacado"", ""PJ Varejo"", ""Private"", ""RPPS""]",Não,Não,,Não,CAIXA VALE DO RIO DOCE FUNDO DE INVESTIMENTO FINANCEIRO EM AÇÕES - RESPONSABILIDADE LIMITADA,"A contagem para conversão de cotas e pagamento do resgate é feita em dias úteis, conforme estabelecido no Regulamento do Fundo.",https://www.caixa.gov.br/downloads/aplicacao-financeira-laminas/LA_5301.pdf,http://www.caixa.gov.br/downloads/aplicacao-financeira-regulamentos/RG_5301.pdf,https://www.caixa.gov.br/Downloads/aplicacao-financeira-inf-com/FIC_5301.pdf,https://www.caixa.gov.br/Downloads/aplicacao-financeira-comunicado-aos-cotistas/FR_5301.pdf,https://www.caixa.gov.br/Downloads/aplicacao-financeira-carta-mensal/CM_5301.pdf,https://www.caixa.gov.br/Downloads/aplicacao-financeira-laminas-comerciais/LAC_5301.pdf,https://www.caixa.gov.br/Downloads/aplicacao-financeira-termos-adesao/TA_5301.pdf,,
ACOES,CAIXA FIF AÇÕES SMALL CAPS ATIVO RESP LTDA,CAIXA FIF ACOES SMALL CAPS ATIVO RESP LTDA,01/11/2012,"1,46485900","0,516","1,22","-3,90","0,12","442,873",TODOS,TODOS,https://www.caixa.gov.br/fundos-investimento/fundos-de-acoes/fi-acoes-small-caps-ativo,15.154.220/0001-47,5841,Arrojado,1.5,0.01,0.01,0.01,0.01,D+1 (du),D+1 (du),D+03 (du),SMLL,RV - Ações,Aberto para captação,AÇÕES,GERAL,17:00,17h00,Sim · Automatico · 100%,AUTOMATICO,100.0,"[""GOV"", ""Institucional"", ""Pessoa Física"", ""PJ Atacado"", ""PJ Varejo"", ""Private"", ""RPPS""]","[""GOV"", ""Institucional"", ""Pessoa Física"", ""PJ Atacado"", ""PJ Varejo"", ""Private"", ""RPPS""]",Não,Não,,Não,CAIXA SMALL CAPS ATIVO FUNDO DE INVESTIMENTO FINANCEIRO EM AÇÕES - RESPONSABILIDADE LIMITADA,"A contagem para conversão de cotas e pagamento do resgate é feita em dias úteis, conforme estabelecido no Regulamento do Fundo.",https://www.caixa.gov.br/downloads/aplicacao-financeira-laminas/LA_5841.pdf,https://www.caixa.gov.br/downloads/aplicacao-financeira-regulamentos/RG_5841.pdf,https://www.caixa.gov.br/Downloads/aplicacao-financeira-inf-com/FIC_5841.pdf,https://www.caixa.gov.br/Downloads/aplicacao-financeira-comunicado-aos-cotistas/FR_5841.pdf,https://www.caixa.gov.br/Downloads/aplicacao-financeira-carta-mensal/CM_5841.pdf,https://www.caixa.gov.br/Downloads/aplicacao-financeira-laminas-comerciais/LAC_5841.pdf,https://www.caixa.gov.br/Downloads/aplicacao-financeira-termos-adesao/TA_5841.pdf,,
ACOES,CAIXA FIF AÇÕES CONSUMO RESP LTDA,CAIXA FIF ACOES CONSUMO RESP LTDA,26/04/2012,"1,09976300","0,517","0,37","-5,51","-0,37","56,350",TODOS,TODOS,https://www.caixa.gov.br/fundos-investimento/fundos-de-acoes/fi-acoes-consumo,10.577.512/0001-79,5567,Arrojado,1.6,0.01,0.01,0.01,0.01,D+1 (du),D+1 (du),D+03 (du),ICON11,RV - Ações,Aberto para captação,AÇÕES,GERAL,17:00,17h00,Sim · Automatico · 100%,AUTOMATICO,100.0,"[""GOV"", ""Institucional"", ""Pessoa Física"", ""PJ Atacado"", ""PJ Varejo"", ""Private"", ""RPPS""]","[""GOV"", ""Institucional"", ""Pessoa Física"", ""PJ Atacado"", ""PJ Varejo"", ""Private"", ""RPPS""]",Não,Não,,Não,CAIXA CONSUMO FUNDO DE INVESTIMENTO FINANCEIRO EM AÇÕES - RESPONSABILIDADE LIMITADA,"A contagem para conversão de cotas e pagamento do resgate é feita em dias úteis, conforme estabelecido no Regulamento do Fundo.",https://www.caixa.gov.br/downloads/aplicacao-financeira-laminas/LA_5567.pdf,https://www.caixa.gov.br/downloads/aplicacao-financeira-regulamentos/RG_5567.pdf,https://www.caixa.gov.br/Downloads/aplicacao-financeira-inf-com/FIC_5567.pdf,https://www.caixa.gov.br/Downloads/aplicacao-financeira-comunicado-aos-cotistas/COM_5567.pdf,https://www.caixa.gov.br/Downloads/aplicacao-financeira-carta-mensal/CM_5567.pdf,https://www.caixa.gov.br/Downloads/aplicacao-financeira-laminas-comerciais/LAC_5567.pdf,https://www.caixa.gov.br/Downloads/aplicacao-financeira-termos-adesao/TA_5567.pdf,,
ACOES,CAIXA FIF ACOES BRASIL IBX-50 RESP LTDA,CAIXA FIF ACOES BRASIL IBX-50 RESP LTDA,18/02/2008,"2,02890300","0,734","1,28","7,04","21,02","200,280",TODOS,TODOS,https://www.caixa.gov.br/fundos-investimento/fundos-de-acoes/fi-acoes-brasil-ibx-50,03.737.217/0001-77,5396,Arrojado,0.7,0.01,0.01,0.01,0.01,D+1 (du),D+1 (du),D+03 (du),IBX50,RV - Ações,Aberto para captação,AÇÕES,GERAL,17:00,17h00,Sim · Automatico · 100%,AUTOMATICO,100.0,"[""GOV"", ""RPPS""]","[""GOV"", ""RPPS""]",Não,Não,,Não,CAIXA BRASIL IBX-50 FUNDO DE INVESTIMENTO FINANCEIRO EM AÇÕES - RESPONSABILIDADE LIMITADA,,https://www.caixa.gov.br/downloads/aplicacao-financeira-laminas/LA_5396.pdf,http://www.caixa.gov.br/downloads/aplicacao-financeira-regulamentos/RG_5396.pdf,https://www.caixa.gov.br/Downloads/aplicacao-financeira-inf-com/FIC_5396.pdf,https://www.caixa.gov.br/Downloads/aplicacao-financeira-comunicado-aos-cotistas/FR_5396.pdf,https://www.caixa.gov.br/Downloads/aplicacao-financeira-carta-mensal/CM_5396.pdf,https://www.caixa.gov.br/Downloads/aplicacao-financeira-laminas-comerciais/LAC_5396.pdf,https://www.caixa.gov.br/Downloads/aplicacao-financeira-termos-adesao/TA_5396.pdf,,
ACOES,CAIXA FIF AÇOES BRASIL IBOVESPA RESP LTDA,CAIXA FIF ACOES BRASIL IBOVESPA RESP LTDA,29/07/2011,"3,90459100","0,724","1,16","7,84","23,07","287,149",TODOS,TODOS,https://www.caixa.gov.br/fundos-investimento/fundos-de-acoes/fi-acoes-brasil-ibovespa/Paginas/default.aspx,13.058.816/0001-18,5445,Arrojado,0.5,0.01,0.01,0.01,0.01,D+1 (du),D+1 (du),D+03 (du),IBOV,RV - Ações,Aberto para captação,AÇÕES,GERAL,17:00,17h00,Sim · Automatico · 100%,AUTOMATICO,100.0,"[""GOV"", ""RPPS""]","[""GOV"", ""RPPS""]",Não,Não,,Não,CAIXA BRASIL INDEXA IBOVESPA FUNDO DE INVESTIMENTO FINANCEIRO EM AÇÕES - RESPONSABILIDADE LIMITADA,,https://www.caixa.gov.br/downloads/aplicacao-financeira-laminas/LA_5445.pdf,http://www.caixa.gov.br/downloads/aplicacao-financeira-regulamentos/RG_5445.pdf,https://www.caixa.gov.br/Downloads/aplicacao-financeira-inf-com/FIC_5445.pdf,https://www.caixa.gov.br/Downloads/aplicacao-financeira-comunicado-aos-cotistas/FR_5445.pdf,https://www.caixa.gov.br/Downloads/aplicacao-financeira-carta-mensal/CM_5445.pdf,https://www.caixa.gov.br/Downloads/aplicacao-financeira-laminas-comerciais/LAC_5445.pdf,https://www.caixa.gov.br/Downloads/aplicacao-financeira-termos-adesao/TA_5445.pdf,,
ACOES,CAIXA FIF AÇÕES BRASIL ETF IBOVESPA RESP LTDA,CAIXA FIF ACOES BRASIL ETF IBOVESPA RESP LTDA,27/11/2012,"3,59155300","0,798","1,23","7,72","22,73","7,486",TODOS,TODOS,https://www.caixa.gov.br/fundos-investimento/fundos-de-acoes/fi-acoes-brasil-etf-bovespa,15.154.236/0001-50,5842,Arrojado,0.5,0.01,0.01,0.01,0.01,D+1 (du),D+1 (du),D+03 (du),IBOV,RV - Ações,Fechado para captação,AÇÕES,GERAL,17:00,17h00,Sim · Automatico · 100%,AUTOMATICO,100.0,"[""GOV"", ""RPPS""]","[""GOV"", ""RPPS""]",Não,Não,,Não,CAIXA BRASIL ETF IBOVESPA FUNDO DE INVESTIMENTO FINANCEIRO EM AÇÕES - RESPONSABILIDADE LIMITADA,"Fundo fechado para novas aplicações, a novos investidores e cotistas atuais a partir de 03/04/2023 (inclusive)",https://www.caixa.gov.br/downloads/aplicacao-financeira-laminas/LA_5842.pdf,http://www.caixa.gov.br/downloads/aplicacao-financeira-regulamentos/RG_5842.pdf,http://www.caixa.gov.br/Downloads/aplicacao-financeira-inf-com/FIC_5842.pdf,http://www.caixa.gov.br/Downloads/aplicacao-financeira-comunicado-aos-cotistas/FR_5842.pdf,https://www.caixa.gov.br/Downloads/aplicacao-financeira-carta-mensal/CM_5842.pdf,https://www.caixa.gov.br/Downloads/aplicacao-financeira-laminas-comerciais/LAC_5842.pdf,http://www.caixa.gov.br/Downloads/aplicacao-financeira-termos-adesao/TA_5842.pdf,,
ACOES,CAIXA FIF AÇÕES INSTITUCIONAL BDR NIVEL I RESP LTDA,CAIXA FIF ACOES INSTITUCIONAL BDR NIVEL I RESP LTDA,24/06/2013,"11,40784059","-0,108","-0,14","3,08","19,63","2.335,391",TODOS,TODOS,https://www.caixa.gov.br/fundos-investimento/fundos-de-acoes/FIA-Institucional-BDR-nivel-I/Paginas/default.aspx,17.502.937/0001-68,5929,Arrojado,0.7,0.01,0.01,0.01,0.01,D+1 (du),D+1 (du),D+03 (du),BDRX11,RV - Ações,Aberto para captação,AÇÕES,GERAL,17:00,17h00,NÃO SE APLICA,NÃO SE APLICA,,"[""GOV""]","[""GOV""]",Não,Não,,Não,CAIXA INSTITUCIONAL BDR NÍVEL I FUNDO DE INVESTIMENTO FINANCEIRO EM AÇÕES - RESPONSABILIDADE LIMITADA,"Este Fundo está adaptado às normas vigentes para RPPS (Regimes Próprios de Previdência Social). As movimentações devem ser solicitadas por meio do Boleta Fundos: https://caixa.sharepoint.com/sites/5419/SitePages/Boleta-Fundos.aspx. Para orientações, verficar o FI657.",https://www.caixa.gov.br/downloads/aplicacao-financeira-laminas/LA_5929.pdf,https://www.caixa.gov.br/downloads/aplicacao-financeira-regulamentos/RG_5929.pdf,https://www.caixa.gov.br/Downloads/aplicacao-financeira-inf-com/FIC_5929.pdf,https://www.caixa.gov.br/Downloads/aplicacao-financeira-comunicado-aos-cotistas/COM_5929.pdf,https://www.caixa.gov.br/Downloads/aplicacao-financeira-carta-mensal/CM_5929.pdf,https://www.caixa.gov.br/Downloads/aplicacao-financeira-laminas-comerciais/LAC_5929.pdf,https://www.caixa.gov.br/Downloads/aplicacao-financeira-termos-adesao/TA_5929.pdf,,https://web.microsoftstream.com/video/d81cd129-394e-4fda-99cf-dd88633d940f?channelId=772517ff-88ae-4298-88f2-3ed5a5893c3e
ACOES,CAIXA FIF AÇÕES IBRX ATIVO RESP LTDA,CAIXA FIF ACOES IBRX ATIVO RESP LTDA,12/09/2005,"4,85303300","0,678","1,47","8,14","23,90","23,641",TODOS,TODOS,https://www.caixa.gov.br/fundos-investimento/fundos-de-acoes/fi-acoes-ibrx-ativo,05.164.370/0001-88,5392,Arrojado,1.5,0.01,0.01,0.01,0.01,D+1 (du),D+1 (du),D+03 (du),IBX,RV - Ações,Aberto para captação,AÇÕES,GERAL,17:00,17h00,Sim · Automatico · 100%,AUTOMATICO,100.0,"[""GOV"", ""Institucional"", ""Pessoa Física"", ""PJ Atacado"", ""PJ Varejo"", ""Private"", ""RPPS""]","[""GOV"", ""Institucional"", ""Pessoa Física"", ""PJ Atacado"", ""PJ Varejo"", ""Private"", ""RPPS""]",Não,Não,,Não,CAIXA IBRX ATIVO FUNDO DE INVESTIMENTO FINANCEIRO EM AÇÕES - RESPONSABILIDADE LIMITADA,"A contagem para conversão de cotas e pagamento do resgate é feita em dias úteis, conforme estabelecido no Regulamento do Fundo. Este Fundo não está adaptado às normas vigentes para RPPS (Regimes Próprios de Previdência Social).",https://www.caixa.gov.br/downloads/aplicacao-financeira-laminas/LA_5392.pdf,https://www.caixa.gov.br/downloads/aplicacao-financeira-regulamentos/RG_5392.pdf,https://www.caixa.gov.br/Downloads/aplicacao-financeira-inf-com/FIC_5392.pdf,https://www.caixa.gov.br/Downloads/aplicacao-financeira-comunicado-aos-cotistas/FR_5392.pdf,https://www.caixa.gov.br/Downloads/aplicacao-financeira-carta-mensal/CM_5392.pdf,https://www.caixa.gov.br/Downloads/aplicacao-financeira-laminas-comerciais/LAC_5392.pdf,https://www.caixa.gov.br/Downloads/aplicacao-financeira-termos-adesao/TA_5392.pdf,,
ACOES,CAIXA FIF ACOES INDEXA PIBB IBRX 50 RESP LTDA,CAIXA FIF ACOES INDEXA PIBB IBRX 50 RESP LTDA,12/09/2005,"5,84409700","0,767","1,21","8,63","23,40","43,130",TODOS,TODOS,https://www.caixa.gov.br/fundos-investimento/fundos-de-acoes/fi-acoes-pibb-sem-opcao-de-venda,05.164.361/0001-97,5393,Arrojado,0.8,0.01,0.01,0.01,0.01,D+1 (du),D+1 (du),D+03 (du),PIBB11,RV - Ações,Aberto para captação,AÇÕES,GERAL,17:00,17h00,Sim · Automatico · 100%,AUTOMATICO,100.0,,,Não,Não,,Não,CAIXA INDEXA PIBB IBRX-50 FUNDO DE INVESTIMENTO FINANCEIRO EM AÇÕES - RESPONSABILIDADE LIMITADA,"Pessoas Físicas e Pessoas Jurídicas que atendam aos critérios de qualificação definidos no Regulamento, residentes e/ou com sede no Brasil. A contagem para conversão de cotas e pagamento do resgate é feita em dias úteis, conforme estabelecido no Regulamento do Fundo. Este Fundo não está adaptado às normas vigentes para RPPS (Regimes Próprios de Previdência Social).",https://www.caixa.gov.br/downloads/aplicacao-financeira-laminas/LA_5393.pdf,https://www.caixa.gov.br/downloads/aplicacao-financeira-regulamentos/RG_5393.pdf,https://www.caixa.gov.br/Downloads/aplicacao-financeira-inf-com/FIC_5393.pdf,https://www.caixa.gov.br/Downloads/aplicacao-financeira-comunicado-aos-cotistas/COM_5393.pdf,https://www.caixa.gov.br/Downloads/aplicacao-financeira-carta-mensal/CM_5393.pdf,https://www.caixa.gov.br/Downloads/aplicacao-financeira-laminas-comerciais/LAC_5393.pdf,https://www.caixa.gov.br/Downloads/aplicacao-financeira-termos-adesao/TA_5393.pdf,,
ACOES,CAIXA FIF ACOES IBOVESPA ATIVO RESP LTDA,CAIXA FIF ACOES IBOVESPA ATIVO RESP LTDA,01/02/2007,"2,22010000","0,705","0,77","5,81","21,22","35,588",TODOS,TODOS,https://www.caixa.gov.br/fundos-investimento/fundos-de-acoes/fi-acoes-ibovespa-ativo,08.046.355/0001-23,5394,Arrojado,2.0,0.01,0.01,0.01,0.01,D+1 (du),D+1 (du),D+03 (du),IBOV,RV - Ações,Aberto para captação,AÇÕES,GERAL,17:00,17h00,Sim · Automatico · 100%,AUTOMATICO,100.0,"[""GOV"", ""Institucional"", ""Pessoa Física"", ""PJ Atacado"", ""PJ Varejo"", ""Private"", ""RPPS""]","[""GOV"", ""Institucional"", ""Pessoa Física"", ""PJ Atacado"", ""PJ Varejo"", ""Private"", ""RPPS""]",Não,Não,,Não,CAIXA IBOVESPA ATIVO FUNDO DE INVESTIMENTO FINANCEIRO EM AÇÕES - RESPONSABILIDADE LIMITADA,"A contagem para conversão de cotas e pagamento do resgate é feita em dias úteis, conforme estabelecido no Regulamento do Fundo. Este Fundo não está adaptado às normas vigentes para RPPS (Regimes Próprios de Previdência Social).",https://www.caixa.gov.br/downloads/aplicacao-financeira-laminas/LA_5394.pdf,https://www.caixa.gov.br/downloads/aplicacao-financeira-regulamentos/RG_5394.pdf,https://www.caixa.gov.br/Downloads/aplicacao-financeira-inf-com/FIC_5394.pdf,https://www.caixa.gov.br/Downloads/aplicacao-financeira-comunicado-aos-cotistas/FR_5394.pdf,https://www.caixa.gov.br/Downloads/aplicacao-financeira-carta-mensal/CM_5394.pdf,https://www.caixa.gov.br/Downloads/aplicacao-financeira-laminas-comerciais/LAC_5394.pdf,https://www.caixa.gov.br/Downloads/aplicacao-financeira-termos-adesao/TA_5394.pdf,,
ACOES,CAIXA FIF ACOES INDEXA SETOR FINANCEIRO RESP LTDA,CAIXA FIF ACOES INDEXA SETOR FINANCEIRO RESP LTDA,26/01/2021,"1.533,59662500","0,795","1,30","5,38","15,38","30,736",TODOS,TODOS,https://www.caixa.gov.br/fundos-investimento/fundos-de-acoes/caixa-fia-indexa-setor-financeiro/Paginas/default.aspx,40.209.029/0001-00,6530,Arrojado,0.8,0.01,0.01,0.01,0.01,D+1 (du),D+1 (du),D+03 (du),IFNC,RV - Ações,Aberto para captação,AÇÕES,GERAL,17:00,17h00,Sim · Automatico · 100%,AUTOMATICO,100.0,"[""GOV"", ""Institucional"", ""Pessoa Física"", ""PJ Atacado"", ""PJ Varejo"", ""Private"", ""RPPS""]","[""GOV"", ""Institucional"", ""Pessoa Física"", ""PJ Atacado"", ""PJ Varejo"", ""Private"", ""RPPS""]",Não,Não,,Não,CAIXA INDEXA SETOR FINANCEIRO FUNDO DE INVESTIMENTO FINANCEIRO EM AÇÕES - RESPONSABILIDADE LIMITADA,Este Fundo está adaptado às normas vigentes para RPPS (Regimes Próprios de Previdência Social).,https://www.caixa.gov.br/downloads/aplicacao-financeira-laminas/LA_6530.pdf,https://www.caixa.gov.br/downloads/aplicacao-financeira-regulamentos/RG_6530.pdf,https://www.caixa.gov.br/Downloads/aplicacao-financeira-inf-com/FIC_6530.pdf,https://www.caixa.gov.br/Downloads/aplicacao-financeira-comunicado-aos-cotistas/COM_6530.pdf,https://www.caixa.gov.br/Downloads/aplicacao-financeira-carta-mensal/CM_6530.pdf,https://www.caixa.gov.br/Downloads/aplicacao-financeira-laminas-comerciais/LAC_6530.pdf,https://www.caixa.gov.br/Downloads/aplicacao-financeira-termos-adesao/TA_6530.pdf,,
ACOES,CAIXA FIF AÇÕES PETROBRÁS RESP LTDA,CAIXA FIF ACOES PETROBRAS RESP LTDA,10/07/2000,"38,56608400","0,669","1,41","32,09","27,83","752,558",TODOS,TODOS,https://www.caixa.gov.br/fundos-investimento/fundos-de-acoes/fi-acoes-petrobras,03.914.671/0001-56,48,Arrojado,1.5,0.01,0.01,0.01,0.01,D+1 (du),D+1 (du),D+03 (du),PETR3,RV - Ações,Aberto para captação,AÇÕES,GERAL,17:00,17h00,Sim · Automatico · 100%,AUTOMATICO,100.0,"[""GOV"", ""Institucional"", ""Pessoa Física"", ""PJ Atacado"", ""PJ Varejo"", ""Private"", ""RPPS""]","[""GOV"", ""Institucional"", ""Pessoa Física"", ""PJ Atacado"", ""PJ Varejo"", ""Private"", ""RPPS""]",Não,Não,,Não,CAIXA PETROBRAS FUNDO DE INVESTIMENTO FINANCEIRO EM AÇÕES - RESPONSABILIDADE LIMITADA,"A contagem para conversão de cotas e pagamento do resgate é feita em dias úteis, conforme estabelecido no Regulamento do Fundo.",https://www.caixa.gov.br/downloads/aplicacao-financeira-laminas/LA_0048.pdf,https://www.caixa.gov.br/downloads/aplicacao-financeira-regulamentos/RG_0048.pdf,https://www.caixa.gov.br/Downloads/aplicacao-financeira-inf-com/FIC_0048.pdf,https://www.caixa.gov.br/Downloads/aplicacao-financeira-comunicado-aos-cotistas/FR_0048.pdf,https://www.caixa.gov.br/Downloads/aplicacao-financeira-carta-mensal/CM_48.pdf,https://www.caixa.gov.br/Downloads/aplicacao-financeira-laminas-comerciais/LAC_48.pdf,https://www.caixa.gov.br/Downloads/aplicacao-financeira-termos-adesao/TA_0048.pdf,,
ACOES,CAIXA FIF AÇÕES CONSTRUÇÃO CIVIL RESP LTDA,CAIXA FIF ACOES CONSTRUCAO CIVIL RESP LTDA,22/06/2009,"1,94053000","0,556","1,24","2,05","20,06","117,663",TODOS,TODOS,https://www.caixa.gov.br/fundos-investimento/fundos-de-acoes/fi-acoes-construcao-civil,10.551.375/0001-01,5397,Arrojado,2.0,0.01,0.01,0.01,0.01,D+1 (du),D+1 (du),D+03 (du),IMOB-IMOBILIÁRIO,RV - Ações,Aberto para captação,AÇÕES,GERAL,17:00,17h00,Sim · Automatico · 100%,AUTOMATICO,100.0,"[""GOV"", ""Institucional"", ""Pessoa Física"", ""PJ Atacado"", ""PJ Varejo"", ""Private"", ""RPPS""]","[""GOV"", ""Institucional"", ""Pessoa Física"", ""PJ Atacado"", ""PJ Varejo"", ""Private"", ""RPPS""]",Não,Não,,Não,CAIXA CONSTRUÇÃO CIVIL FUNDO DE INVESTIMENTO FINANCEIRO EM AÇÕES – RESPONSABILIDADE LIMITADA,"A contagem para conversão de cotas e pagamento do resgate é feita em dias úteis, conforme estabelecido no Regulamento do Fundo.",https://www.caixa.gov.br/downloads/aplicacao-financeira-laminas/LA_5397.pdf,https://www.caixa.gov.br/downloads/aplicacao-financeira-regulamentos/RG_5397.pdf,https://www.caixa.gov.br/Downloads/aplicacao-financeira-inf-com/FIC_5397.pdf,https://www.caixa.gov.br/Downloads/aplicacao-financeira-comunicado-aos-cotistas/COM_5397.pdf,https://www.caixa.gov.br/Downloads/aplicacao-financeira-carta-mensal/CM_5397.pdf,https://www.caixa.gov.br/Downloads/aplicacao-financeira-laminas-comerciais/LAC_5397.pdf,https://www.caixa.gov.br/Downloads/aplicacao-financeira-termos-adesao/TA_5397.pdf,,
ACOES,CAIXA FIF AÇÕES INFRAESTRUTURA RESP LTDA,CAIXA FIF ACOES INFRAESTRUTURA RESP LTDA,19/04/2010,"2,87582300","0,698","1,26","5,51","14,42","124,560",TODOS,TODOS,https://www.caixa.gov.br/fundos-investimento/fundos-de-acoes/fi-acoes-infraestrutura,10.551.382/0001-03,5398,Arrojado,2.0,0.01,0.01,0.01,0.01,D+1 (du),D+1 (du),D+03 (du),IBOV,RV - Ações,Aberto para captação,AÇÕES,GERAL,17:00,17h00,Sim · Automatico · 100%,AUTOMATICO,100.0,"[""GOV"", ""Institucional"", ""Pessoa Física"", ""PJ Atacado"", ""PJ Varejo"", ""Private"", ""RPPS""]","[""GOV"", ""Institucional"", ""Pessoa Física"", ""PJ Atacado"", ""PJ Varejo"", ""Private"", ""RPPS""]",Não,Não,,Não,CAIXA INFRAESTRUTURA FUNDO DE INVESTIMENTO FINANCEIRO EM AÇÕES - RESPONSABILIDADE LIMITADA,"A contagem para conversão de cotas e pagamento do resgate é feita em dias úteis, conforme estabelecido no Regulamento do Fundo.",https://www.caixa.gov.br/downloads/aplicacao-financeira-laminas/LA_5398.pdf,https://www.caixa.gov.br/downloads/aplicacao-financeira-regulamentos/RG_5398.pdf,https://www.caixa.gov.br/Downloads/aplicacao-financeira-inf-com/FIC_5398.pdf,https://www.caixa.gov.br/Downloads/aplicacao-financeira-comunicado-aos-cotistas/FR_5398.pdf,https://www.caixa.gov.br/Downloads/aplicacao-financeira-carta-mensal/CM_5398.pdf,https://www.caixa.gov.br/Downloads/aplicacao-financeira-laminas-comerciais/LAC_5398.pdf,https://www.caixa.gov.br/Downloads/aplicacao-financeira-termos-adesao/TA_5398.pdf,,
ACOES,CAIXA FIF ACOES SUSTENTABILIDADE EMPRESARIAL ISE - IS RESP LTDA,CAIXA FIF ACOES SUSTENTABILIDADE EMPRESARIAL ISE - IS RESP LTDA,05/11/2007,"1,72644400","0,624","0,79","1,28","8,27","2,130",TODOS,TODOS,https://www.caixa.gov.br/fundos-investimento/fundos-de-acoes/fi-acoes-ise,08.070.838/0001-63,5395,Arrojado,0.8,0.01,0.01,0.01,0.01,D+1 (du),D+1 (du),D+03 (du),ISE,RV - Ações,Aberto para captação,AÇÕES,GERAL,17:00,17h00,Sim · Automatico · 100%,AUTOMATICO,100.0,"[""GOV"", ""Institucional"", ""Pessoa Física"", ""PJ Atacado"", ""PJ Varejo"", ""Private"", ""RPPS""]","[""GOV"", ""Institucional"", ""Pessoa Física"", ""PJ Atacado"", ""PJ Varejo"", ""Private"", ""RPPS""]",Não,Não,,Sim,CAIXA SUSTENTABILIDADE EMPRESARIAL ISE - IS FUNDO DE INVESTIMENTO FINANCEIRO EM AÇÕES - RESPONSABILIDADE LIMITADA,"Nome alterado de CAIXA FI ACOES INDEXA - ISE para CAIXA FIA SUSTENTABILIDADE EMPRESARIAL ISE - IS em 02/02/2024, conforme aprovado em Assembleia Geral de Cotistas.",https://www.caixa.gov.br/downloads/aplicacao-financeira-laminas/LA_5395.pdf,https://www.caixa.gov.br/downloads/aplicacao-financeira-regulamentos/RG_5395.pdf,https://www.caixa.gov.br/Downloads/aplicacao-financeira-inf-com/FIC_5395.pdf,https://www.caixa.gov.br/Downloads/aplicacao-financeira-comunicado-aos-cotistas/FR_5395.pdf,https://www.caixa.gov.br/Downloads/aplicacao-financeira-carta-mensal/CM_5395.pdf,https://www.caixa.gov.br/Downloads/aplicacao-financeira-laminas-comerciais/LAC_5395.pdf,https://www.caixa.gov.br/Downloads/aplicacao-financeira-termos-adesao/TA_5395.pdf,,
ACOES,CAIXA FIC FIF AÇÕES IBOVESPA RESP LTDA,CAIXA FIC FIF ACOES IBOVESPA RESP LTDA,15/01/1997,"8,66581900","0,715","1,13","7,03","21,18","86,507",TODOS,TODOS,https://www.caixa.gov.br/fundos-investimento/fundos-de-acoes/fi-acoes-ibovespa,01.525.057/0001-77,53,Arrojado,2.0,0.01,0.01,0.01,0.01,D+1 (du),D+1 (du),D+03 (du),IBOV,RV - Ações,Aberto para captação,AÇÕES,GERAL,17:00,17h00,Sim · Automatico · 100%,AUTOMATICO,100.0,"[""GOV"", ""Institucional"", ""Pessoa Física"", ""PJ Atacado"", ""PJ Varejo"", ""Private"", ""RPPS""]","[""GOV"", ""Institucional"", ""Pessoa Física"", ""PJ Atacado"", ""PJ Varejo"", ""Private"", ""RPPS""]",Não,Não,,Não,CAIXA IBOVESPA FUNDO DE INVESTIMENTO EM COTAS DE CLASSE DE FUNDO DE INVESTIMENTO FINANCEIRO EM AÇÕES - RESPONSABILIDADE LIMITADA,"A contagem para conversão de cotas e pagamento do resgate é feita em dias úteis, conforme estabelecido no Regulamento do Fundo.",https://www.caixa.gov.br/downloads/aplicacao-financeira-laminas/LA_0053.pdf,https://www.caixa.gov.br/downloads/aplicacao-financeira-regulamentos/RG_0053.pdf,https://www.caixa.gov.br/Downloads/aplicacao-financeira-inf-com/FIC_0053.pdf,https://www.caixa.gov.br/Downloads/aplicacao-financeira-comunicado-aos-cotistas/FR_0053.pdf,https://www.caixa.gov.br/Downloads/aplicacao-financeira-carta-mensal/CM_53.pdf,https://www.caixa.gov.br/Downloads/aplicacao-financeira-laminas-comerciais/LAC_53.pdf,https://www.caixa.gov.br/Downloads/aplicacao-financeira-termos-adesao/TA_0053.pdf,,
ACOES,CAIXA FIF AÇÕES PETROBRAS PRÉ-SAL RESP LTDA,CAIXA FIF ACOES PETROBRAS PRE-SAL RESP LTDA,28/09/2010,"5,95606200","0,745","1,15","26,98","27,87","105,600",TODOS,TODOS,https://www.caixa.gov.br/fundos-investimento/fundos-de-acoes/fi-acoes-petrobras-pre-sal,11.060.594/0001-42,5420,Arrojado,0.5,0.01,0.01,0.01,0.01,D+1 (du),D+1 (du),D+03 (du),PETR4,RV - Ações,Aberto para captação,AÇÕES,GERAL,17:00,17h00,Sim · Automatico · 100%,AUTOMATICO,100.0,"[""GOV"", ""Institucional"", ""Pessoa Física"", ""PJ Atacado"", ""PJ Varejo"", ""Private"", ""RPPS""]","[""GOV"", ""Institucional"", ""Pessoa Física"", ""PJ Atacado"", ""PJ Varejo"", ""Private"", ""RPPS""]",Não,Não,,Não,CAIXA PETROBRAS PRÉ-SAL FUNDO DE INVESTIMENTO FINANCEIRO EM AÇÕES - RESPONSABILIDADE LIMITADA,"A contagem para conversão de cotas e pagamento do resgate é feita em dias úteis, conforme estabelecido no Regulamento do Fundo.",https://www.caixa.gov.br/downloads/aplicacao-financeira-laminas/LA_5420.pdf,https://www.caixa.gov.br/downloads/aplicacao-financeira-regulamentos/RG_5420.pdf,https://www.caixa.gov.br/Downloads/aplicacao-financeira-inf-com/FIC_5420.pdf,https://www.caixa.gov.br/Downloads/aplicacao-financeira-comunicado-aos-cotistas/FR_5420.pdf,https://www.caixa.gov.br/Downloads/aplicacao-financeira-carta-mensal/CM_5420.pdf,https://www.caixa.gov.br/Downloads/aplicacao-financeira-laminas-comerciais/LAC_5420.pdf,https://www.caixa.gov.br/Downloads/aplicacao-financeira-termos-adesao/TA_5420.pdf,,
ACOES,CAIXA FIF AÇÕES BDR NÍVEL I RESP LTDA,CAIXA FIF ACOES BDR NIVEL I RESP LTDA,24/06/2013,"10,16997700","-0,111","-0,15","2,70","18,67","279,090",TODOS,TODOS,https://www.caixa.gov.br/fundos-investimento/fundos-de-acoes/fi-acoes-bdr-nivel-1,17.503.172/0001-80,5928,Arrojado,1.5,0.01,0.01,0.01,0.01,D+1 (du),D+1 (du),D+03 (du),BDRX11,RV - Ações,Aberto para captação,AÇÕES,GERAL,17:00,17h00,Sim · Automatico · 100%,AUTOMATICO,100.0,"[""Institucional"", ""Pessoa Física"", ""PJ Atacado"", ""PJ Varejo"", ""Private""]","[""Institucional"", ""Pessoa Física"", ""PJ Atacado"", ""PJ Varejo"", ""Private""]",Não,Não,,Não,CAIXA BDR NÍVEL I FUNDO DE INVESTIMENTO FINANCEIRO EM AÇÕES - RESPONSABILIDADE LIMITADA,"A contagem para conversão de cotas e pagamento do resgate é feita em dias úteis, conforme estabelecido no Regulamento do Fundo. Este Fundo não está adaptado às normas vigentes para RPPS (Regimes Próprios de Previdência Social).",https://www.caixa.gov.br/downloads/aplicacao-financeira-laminas/LA_5928.pdf,https://www.caixa.gov.br/downloads/aplicacao-financeira-regulamentos/RG_5928.pdf,https://www.caixa.gov.br/Downloads/aplicacao-financeira-inf-com/FIC_5928.pdf,https://www.caixa.gov.br/Downloads/aplicacao-financeira-comunicado-aos-cotistas/COM_5928.pdf,https://www.caixa.gov.br/Downloads/aplicacao-financeira-carta-mensal/CM_5928.pdf,https://www.caixa.gov.br/Downloads/aplicacao-financeira-laminas-comerciais/LAC_5928.pdf,https://www.caixa.gov.br/Downloads/aplicacao-financeira-termos-adesao/TA_5928.pdf,,
ACOES,CAIXA FIC ACOES EXPERT VINCI VALOR RPPS RESP LTDA,CAIXA FIC ACOES EXPERT VINCI VALOR RPPS RESP LTDA,12/12/2011,"2,52083678","0,670","1,07","6,65","20,69","771,624",TODOS,TODOS,https://www.caixa.gov.br/fundos-investimento/rpps/caixa-fic-acoes-vinci-valor-rpps,14.507.699/0001-95,5563,Arrojado,,10000.0,100.0,100.0,1000.0,D+1 (du),D+21 (du),D+23 (du),IBOV,RV - Ações,Aberto para captação,AÇÕES,GERAL,13:00,13h00,Não se aplica,NÃO SE APLICA,,"[""RPPS""]","[""RPPS""]",Não,Não,,Não,CAIXA EXPERT VINCI VALOR RPPS FUNDO DE INVESTIMENTO EM COTAS DE CLASSE DE FUNDO DE INVESTIMENTO FINANCEIRO EM AÇÕES - RESPONSABILIDADE LIMITADA,"As movimentações devem ser solicitadas por meio do Boleta Fundos: https://caixa.sharepoint.com/sites/5419/SitePages/Boleta-Fundos.aspx. Para orientações, verificar o FI657.",https://www.caixa.gov.br/downloads/aplicacao-financeira-laminas/LA_5563.pdf,https://www.caixa.gov.br/downloads/aplicacao-financeira-regulamentos/RG_5563.pdf,https://www.caixa.gov.br/Downloads/aplicacao-financeira-inf-com/FIC_5563.pdf,https://www.caixa.gov.br/Downloads/aplicacao-financeira-comunicado-aos-cotistas/COM_5563.pdf,https://www.caixa.gov.br/Downloads/aplicacao-financeira-carta-mensal/CM_5563.pdf,https://www.caixa.gov.br/Downloads/aplicacao-financeira-laminas-comerciais/LAC_5563.pdf,https://www.caixa.gov.br/Downloads/aplicacao-financeira-termos-adesao/TA_5563.pdf,,
ACOES,CAIXA FIC ACOES EXPERT VERDE AM LONG BIAS - RESP LTDA,CAIXA FIC ACOES EXPERT VERDE AM LONG BIAS - RESP LTDA,05/10/2020,"1.008,86296600","-0,003","0,70","2,90","16,95","8,153",TODOS,TODOS,https://www.caixa.gov.br/fundos-investimento/fundos-de-acoes/CAIXA-Expert-Verde-Am-Long-Bias-FIC-Acoes/Paginas/default.aspx,30.068.071/0001-97,6994,Arrojado,0.7,10000.0,100.0,100.0,1000.0,D+1 (du),D+22 (du),D+24 (du),IBOV,RV - Ações,Aberto para captação,AÇÕES,GERAL,13:00,13h00,Sim · Automatico · 100%,AUTOMATICO,100.0,"[""Institucional"", ""Pessoa Física"", ""PJ Atacado"", ""PJ Varejo"", ""Private""]","[""Institucional"", ""Pessoa Física"", ""PJ Atacado"", ""PJ Varejo"", ""Private""]",Não,Não,,Não,CAIXA EXPERT VERDE AM LONG BIAS FUNDO DE INVESTIMENTO EM COTAS DE CLASSE DE FUNDO DE INVESTIMENTO FINANCEIRO EM AÇÕES - RESPONSABILIDADE LIMITADA,Reaberto para novas aplicações a partir de 02/12/2025 (inclusive),https://www.caixa.gov.br/downloads/aplicacao-financeira-laminas/LA_6994.pdf,https://www.caixa.gov.br/downloads/aplicacao-financeira-regulamentos/RG_6994.pdf,https://www.caixa.gov.br/Downloads/aplicacao-financeira-inf-com/FIC_6994.pdf,https://www.caixa.gov.br/Downloads/aplicacao-financeira-comunicado-aos-cotistas/FR_6994.pdf,https://www.caixa.gov.br/Downloads/aplicacao-financeira-carta-mensal/CM_6994.pdf,https://www.caixa.gov.br/Downloads/aplicacao-financeira-laminas-comerciais/LAC_6994.pdf,https://www.caixa.gov.br/Downloads/aplicacao-financeira-termos-adesao/TA_6994.pdf,,
ACOES,CAIXA FIC ACOES EXPERT VINCI VALOR DIVIDENDOS RPPS RESP LTDA,CAIXA FIC ACOES EXPERT VINCI VALOR DIVIDENDOS RPPS RESP LTDA,23/08/2012,"3,49168134","0,480","0,76","7,32","19,48","1.338,980",TODOS,TODOS,https://www.caixa.gov.br/fundos-investimento/rpps/caixa-fic-acoes-vinci-valor-dividendos-rpps,15.154.441/0001-15,6160,Arrojado,,10000.0,100.0,100.0,1000.0,D+1 (du),D+30 (du),D+32 (du),IBOV,RV - Ações,Aberto para captação,AÇÕES,GERAL,13:00,13h00,Não se aplica,NÃO SE APLICA,,"[""RPPS""]","[""RPPS""]",Não,Não,,Não,CAIXA EXPERT VINCI VALOR DIVIDENDOS RPPS FUNDO DE INVESTIMENTO EM COTAS DE CLASSE DE FUNDO DE INVESTIMENTO FINANCEIRO EM AÇÕES - RESP LIMITADA,"As movimentações devem ser solicitadas por meio do Boleta Fundos: https://caixa.sharepoint.com/sites/5419/SitePages/Boleta-Fundos.aspx. Para orientações, verificar o FI657.",https://www.caixa.gov.br/downloads/aplicacao-financeira-laminas/LA_6160.pdf,https://www.caixa.gov.br/downloads/aplicacao-financeira-regulamentos/RG_6160.pdf,https://www.caixa.gov.br/Downloads/aplicacao-financeira-inf-com/FIC_6160.pdf,https://www.caixa.gov.br/Downloads/aplicacao-financeira-comunicado-aos-cotistas/FR_6160.pdf,https://www.caixa.gov.br/Downloads/aplicacao-financeira-carta-mensal/CM_6160.pdf,https://www.caixa.gov.br/Downloads/aplicacao-financeira-laminas-comerciais/LAC_6160.pdf,https://www.caixa.gov.br/Downloads/aplicacao-financeira-termos-adesao/TA_6160.pdf,,
ACOES,CAIXA EXPERT CLARITAS VALOR FIC FIF AÇÕES - RESP LTDA,CAIXA EXPERT CLARITAS VALOR FIC FIF ACOES - RESP LTDA,19/10/2020,"1.500,41834700","-0,002","0,54","0,30","10,11","21,621",TODOS,TODOS,https://www.caixa.gov.br/fundos-investimento/fundos-de-acoes/caixa-expert-claritas-valor-fic-acoes/Paginas/default.aspx,30.068.060/0001-07,6397,Arrojado,0.6,10000.0,100.0,100.0,1000.0,D+1 (du),D+23 (du),D+25 (du),IBOV,RV - Ações,Aberto para captação,AÇÕES,GERAL,13:00,13h00,Não se aplica,NÃO SE APLICA,,"[""GOV"", ""Institucional"", ""Pessoa Física"", ""PJ Atacado"", ""PJ Varejo"", ""Private"", ""RPPS""]","[""GOV"", ""Institucional"", ""Pessoa Física"", ""PJ Atacado"", ""PJ Varejo"", ""Private"", ""RPPS""]",Não,Não,,Não,CAIXA EXPERT CLARITAS VALOR FUNDO DE INVESTIMENTO EM COTAS DE CLASSE DE FUNDO DE INVESTIMENTO FINANCEIRO EM AÇÕES - RESPONSABILIDADE LIMITADA,Este Fundo está adaptado às normas vigentes para RPPS                                                        ¹Condições excepcionais de estorno e movimentação retroativa estão descritas no TE099.,https://www.caixa.gov.br/downloads/aplicacao-financeira-laminas/LA_6397.pdf,https://www.caixa.gov.br/downloads/aplicacao-financeira-regulamentos/RG_6397.pdf,https://www.caixa.gov.br/Downloads/aplicacao-financeira-inf-com/FIC_6397.pdf,https://www.caixa.gov.br/Downloads/aplicacao-financeira-comunicado-aos-cotistas/COM_6397.pdf,https://www.caixa.gov.br/Downloads/aplicacao-financeira-carta-mensal/CM_6397.pdf,https://www.caixa.gov.br/Downloads/aplicacao-financeira-laminas-comerciais/LAC_6397.pdf,https://www.caixa.gov.br/Downloads/aplicacao-financeira-termos-adesao/TA_6397.pdf,,
FUNDO DE INDICE,CAIXA ETF IBOVESPA FUNDO DE ÍNDICE RESP LTDA,CAIXA ETF IBOVESPA FUNDO DE INDICE RESP LTDA,12/11/2012,"169,92818379","0,723","1,16","7,83","23,08","42,483",TODOS,TODOS,https://www.caixa.gov.br/fundos-investimento/fundos-de-indices/etf-ibovespa-fundo-de-indice/,15.154.236/0001-50,5842,Arrojado,0.5,0.01,0.01,0.01,0.01,D+1 (du),D+1 (du),D+03 (du),IBOV,RV - Ações,Fechado para captação,AÇÕES,GERAL,17:00,17h00,Sim · Automatico · 100%,AUTOMATICO,100.0,"[""GOV"", ""RPPS""]","[""GOV"", ""RPPS""]",Não,Não,,Não,CAIXA BRASIL ETF IBOVESPA FUNDO DE INVESTIMENTO FINANCEIRO EM AÇÕES - RESPONSABILIDADE LIMITADA,"Fundo fechado para novas aplicações, a novos investidores e cotistas atuais a partir de 03/04/2023 (inclusive)",https://www.caixa.gov.br/downloads/aplicacao-financeira-laminas/LA_5842.pdf,http://www.caixa.gov.br/downloads/aplicacao-financeira-regulamentos/RG_5842.pdf,http://www.caixa.gov.br/Downloads/aplicacao-financeira-inf-com/FIC_5842.pdf,http://www.caixa.gov.br/Downloads/aplicacao-financeira-comunicado-aos-cotistas/FR_5842.pdf,https://www.caixa.gov.br/Downloads/aplicacao-financeira-carta-mensal/CM_5842.pdf,https://www.caixa.gov.br/Downloads/aplicacao-financeira-laminas-comerciais/LAC_5842.pdf,http://www.caixa.gov.br/Downloads/aplicacao-financeira-termos-adesao/TA_5842.pdf,,
